{
"type": "FeatureCollection",
"name": "Pittsburgh_Steps",
"crs": { "type": "name", "properties": { "name": "urn:ogc:def:crs:OGC:1.3:CRS84" } },
"features": [
{ "type": "Feature", "properties": { "objectid": 1, "length": 537.40169, "streets_": 1846, "streets_id": 707, "code": 999, "type": 1, "id_no": 681, "oid": 680, "id": 681, "dpwn1": 0, "dpwn2": " ", "location": "Leonora St and Pace Way", "style": 1, "angle": "n", "segs": 1, "st_": "n", "street_nam": " ", "from_stree": "Negley Run Blvd", "to_street": "Leonora St", "int_": "n", "hood": 45, "hood2": " ", "l_feet": 0, "width": 0, "steps": 0, "treads": 0, "year": 0, "coded_": " ", "pix": " ", "comment": " ", "Shape__Length": 537.40169236434394 }, "geometry": { "type": "LineString", "coordinates": [ [ -79.916097074157193, 40.466702677566701 ], [ -79.9160729387592, 40.466704211639197 ], [ -79.916032764228405, 40.466335345335402 ], [ -79.916009387427906, 40.466091977318698 ], [ -79.915949306530706, 40.466001678494102 ], [ -79.915970899303304, 40.465993297350998 ], [ -79.916033186315502, 40.4660869129562 ], [ -79.916056909590097, 40.466333901693901 ], [ -79.916097074157193, 40.466702677566701 ] ] } },
{ "type": "Feature", "properties": { "objectid": 2, "length": 329.2404, "streets_": 2397, "streets_id": 80, "code": 1081, "type": 1, "id_no": 295, "oid": 294, "id": 295, "dpwn1": 122, "dpwn2": " ", "location": "Carrie St", "style": 1, "angle": "y", "segs": 1, "st_": "y", "street_nam": "Carrie St", "from_stree": "Sprain St", "to_street": "Carrie St", "int_": "n", "hood": 33, "hood2": " ", "l_feet": 225, "width": 4, "steps": 106, "treads": 94, "year": 1948, "coded_": "y", "pix": " ", "comment": " ", "Shape__Length": 329.24039593887602 }, "geometry": { "type": "LineString", "coordinates": [ [ -80.001287243030305, 40.4614551924045 ], [ -80.001305042988704, 40.4614498454889 ], [ -80.001243497248694, 40.461330313314399 ], [ -80.001244014637805, 40.461273551404801 ], [ -80.001550782258093, 40.461279219086201 ], [ -80.001551243771701, 40.461264615746899 ], [ -80.001225026248804, 40.461258588220801 ], [ -80.001224347815494, 40.461333033983202 ], [ -80.001287243030305, 40.4614551924045 ] ] } },
{ "type": "Feature", "properties": { "objectid": 3, "length": 441.33877, "streets_": 2424, "streets_id": 22, "code": 999, "type": 1, "id_no": 301, "oid": 300, "id": 301, "dpwn1": 151, "dpwn2": " ", "location": "Habit Way", "style": 1, "angle": "n", "segs": 1, "st_": "y", "street_nam": "Habit Way", "from_stree": "Howard St", "to_street": "Compromise St", "int_": "n", "hood": 33, "hood2": " ", "l_feet": 211, "width": 5, "steps": 144, "treads": 67, "year": 1947, "coded_": "y", "pix": "y", "comment": " ", "Shape__Length": 441.33876661222803 }, "geometry": { "type": "LineString", "coordinates": [ [ -80.000172758587098, 40.4610456577593 ], [ -80.000175848826999, 40.461056281817299 ], [ -80.000936110633106, 40.460927303443299 ], [ -80.000933020279405, 40.460916679405301 ], [ -80.000172758587098, 40.4610456577593 ] ] } },
{ "type": "Feature", "properties": { "objectid": 4, "length": 426.91297, "streets_": 2584, "streets_id": 23, "code": 999, "type": 1, "id_no": 297, "oid": 296, "id": 297, "dpwn1": 149, "dpwn2": " ", "location": "Graib St", "style": 1, "angle": "n", "segs": 1, "st_": "y", "street_nam": "Graib St", "from_stree": "Howard St", "to_street": "Compromise St", "int_": "n", "hood": 33, "hood2": " ", "l_feet": 524, "width": 3, "steps": 146, "treads": 13, "year": 1948, "coded_": "y", "pix": "y", "comment": " ", "Shape__Length": 426.91297145382902 }, "geometry": { "type": "LineString", "coordinates": [ [ -80.000179187705996, 40.459621236974201 ], [ -80.000183556808693, 40.459632374330603 ], [ -80.000903787326095, 40.459467506617898 ], [ -80.000899418115196, 40.459456369288397 ], [ -80.000179187705996, 40.459621236974201 ] ] } },
{ "type": "Feature", "properties": { "objectid": 5, "length": 309.53691, "streets_": 2613, "streets_id": 170, "code": 1081, "type": 1, "id_no": 296, "oid": 295, "id": 296, "dpwn1": 125, "dpwn2": " ", "location": "Graib St", "style": 1, "angle": "n", "segs": 1, "st_": "n", "street_nam": " ", "from_stree": "Graib St", "to_street": "Henderson St", "int_": "n", "hood": 33, "hood2": " ", "l_feet": 154, "width": 4, "steps": 56, "treads": 0, "year": 1948, "coded_": "y", "pix": " ", "comment": "older set of steps 100 ft away", "Shape__Length": 309.536907249097 }, "geometry": { "type": "LineString", "coordinates": [ [ -80.002512106259999, 40.4595920602275 ], [ -80.002530156288103, 40.459588836294799 ], [ -80.002467267125795, 40.459383351871402 ], [ -80.002401084900498, 40.459190013460301 ], [ -80.002383151161695, 40.459193594819403 ], [ -80.002449269901405, 40.459386755994601 ], [ -80.002512106259999, 40.4595920602275 ] ] } },
{ "type": "Feature", "properties": { "objectid": 6, "length": 280.61081, "streets_": 2678, "streets_id": 182, "code": 1081, "type": 1, "id_no": 300, "oid": 299, "id": 300, "dpwn1": 126, "dpwn2": " ", "location": "Fountain St near James St", "style": 1, "angle": "n", "segs": 1, "st_": "n", "street_nam": " ", "from_stree": "Fountain St", "to_street": "Graib St", "int_": "n", "hood": 33, "hood2": " ", "l_feet": 148, "width": 4, "steps": 89, "treads": 51, "year": 1948, "coded_": "y", "pix": " ", "comment": " ", "Shape__Length": 280.61080784460398 }, "geometry": { "type": "LineString", "coordinates": [ [ -80.0026260542583, 40.459086689869501 ], [ -80.002607952167295, 40.459089750081802 ], [ -80.002502963838694, 40.458727546624097 ], [ -80.002521065837399, 40.458724486427997 ], [ -80.0026260542583, 40.459086689869501 ] ] } },
{ "type": "Feature", "properties": { "objectid": 7, "length": 264.05185, "streets_": 2997, "streets_id": 28, "code": 1081, "type": 1, "id_no": 291, "oid": 290, "id": 291, "dpwn1": 130, "dpwn2": " ", "location": "Middle St", "style": 1, "angle": "n", "segs": 1, "st_": "y", "street_nam": "Middle St", "from_stree": "Knoll St", "to_street": "Dunloe  Ave", "int_": "n", "hood": 26, "hood2": " ", "l_feet": 134, "width": 5, "steps": 101, "treads": 39, "year": 1948, "coded_": "y", "pix": " ", "comment": " ", "Shape__Length": 264.05185191792702 }, "geometry": { "type": "LineString", "coordinates": [ [ -80.000412631904595, 40.458068301692599 ], [ -80.000434626411106, 40.458064578418799 ], [ -80.000336854253803, 40.457727552454003 ], [ -80.000314859851798, 40.457731275709399 ], [ -80.000412631904595, 40.458068301692599 ] ] } },
{ "type": "Feature", "properties": { "objectid": 8, "length": 582.78603, "streets_": 6631, "streets_id": 19, "code": 1081, "type": 1, "id_no": 470, "oid": 469, "id": 470, "dpwn1": 354, "dpwn2": " ", "location": "Valonia St", "style": 1, "angle": "n", "segs": 1, "st_": "y", "street_nam": "Valonia St", "from_stree": "Attica St", "to_street": "Advent St", "int_": "n", "hood": 30, "hood2": " ", "l_feet": 288, "width": 5, "steps": 187, "treads": 0, "year": 1945, "coded_": "y", "pix": " ", "comment": " ", "Shape__Length": 582.78603355570203 }, "geometry": { "type": "LineString", "coordinates": [ [ -80.0345058993843, 40.444303838621003 ], [ -80.034518546496997, 40.444300109534502 ], [ -80.034501503939794, 40.4442663806296 ], [ -80.034383332965007, 40.444095910756197 ], [ -80.034285147444393, 40.443951815642201 ], [ -80.034134627764104, 40.443734123666502 ], [ -80.034058846014503, 40.443593665979598 ], [ -80.034046310599706, 40.443597612483799 ], [ -80.034122337803893, 40.443738526640502 ], [ -80.034273140861103, 40.443956627662999 ], [ -80.034371330047605, 40.444100725460203 ], [ -80.034489145910598, 40.4442706861334 ], [ -80.0345058993843, 40.444303838621003 ] ] } },
{ "type": "Feature", "properties": { "objectid": 9, "length": 481.51488, "streets_": 10318, "streets_id": 214, "code": 999, "type": 2, "id_no": 81, "oid": 79, "id": 81, "dpwn1": 551, "dpwn2": " ", "location": "Second Ave at Armstrong Tunnel", "style": 2, "angle": "n", "segs": 2, "st_": "n", "street_nam": " ", "from_stree": "Second Ave", "to_street": "Bluff St", "int_": "n", "hood": 11, "hood2": " ", "l_feet": 288, "width": 4, "steps": 179, "treads": 251, "year": 1919, "coded_": "y", "pix": " ", "comment": "steps from near Armstrong Tunnel up to Duquesne", "Shape__Length": 481.514884383197 }, "geometry": { "type": "LineString", "coordinates": [ [ -79.988760476947803, 40.4348220536952 ], [ -79.988736860539802, 40.434821305821004 ], [ -79.988738750909107, 40.434786440428198 ], [ -79.989521010474704, 40.434617998150799 ], [ -79.989527419820107, 40.434635381674397 ], [ -79.988761655148707, 40.434800272498499 ], [ -79.988760476947803, 40.4348220536952 ] ] } },
{ "type": "Feature", "properties": { "objectid": 10, "length": 1070.38867, "streets_": 10843, "streets_id": 228, "code": 999, "type": 1, "id_no": 287, "oid": 286, "id": 287, "dpwn1": 219, "dpwn2": " ", "location": "Frazier St", "style": 1, "angle": "n", "segs": 2, "st_": "y", "street_nam": "Frazier St", "from_stree": "Bates St", "to_street": "Gorman Way", "int_": "y", "hood": 70, "hood2": " ", "l_feet": 483, "width": 5, "steps": 117, "treads": 0, "year": 1947, "coded_": "y", "pix": "y", "comment": " ", "Shape__Length": 1070.3886742044699 }, "geometry": { "type": "LineString", "coordinates": [ [ -79.958355863501794, 40.4328570519192 ], [ -79.958370942258497, 40.432846757816101 ], [ -79.958020878433103, 40.432547394466397 ], [ -79.957743034863697, 40.4323417365366 ], [ -79.957405371850896, 40.432149843506402 ], [ -79.957261274690495, 40.432061326711903 ], [ -79.957248606744699, 40.432073367663598 ], [ -79.957393000989995, 40.4321620682624 ], [ -79.957737595117493, 40.4323578982576 ], [ -79.957638410037006, 40.432648457252 ], [ -79.957654223492, 40.432651609404999 ], [ -79.957750716287194, 40.432368933027803 ], [ -79.9580062876406, 40.432558104808002 ], [ -79.958355863501794, 40.4328570519192 ] ] } },
{ "type": "Feature", "properties": { "objectid": 11, "length": 141.7171, "streets_": 11436, "streets_id": 276, "code": 1081, "type": 1, "id_no": 207, "oid": 205, "id": 207, "dpwn1": 0, "dpwn2": " ", "location": "Windom St near Owl Way", "style": 1, "angle": "n", "segs": 1, "st_": "n", "street_nam": " ", "from_stree": "Windom St", "to_street": " ", "int_": "n", "hood": 73, "hood2": " ", "l_feet": 0, "width": 5, "steps": 102, "treads": 0, "year": 0, "coded_": "y", "pix": " ", "comment": "steps down to abandoned overpass--opposite S 10th St", "Shape__Length": 409.322525546713 }, "geometry": { "type": "LineString", "coordinates": [ [ -79.988693626713896, 40.426237370812203 ], [ -79.988554086809202, 40.426484956173802 ], [ -79.988424654749295, 40.4264993774338 ], [ -79.988556749182194, 40.426486890170303 ], [ -79.988799285964106, 40.426068252714998 ], [ -79.988790585471406, 40.426065387108501 ], [ -79.988693626713896, 40.426237370812203 ] ] } },
{ "type": "Feature", "properties": { "objectid": 12, "length": 195.44613, "streets_": 11715, "streets_id": 451, "code": 999, "type": 1, "id_no": 174, "oid": 172, "id": 174, "dpwn1": 234, "dpwn2": " ", "location": "Greenfield Ave near Yoder St", "style": 1, "angle": "n", "segs": 1, "st_": "n", "street_nam": " ", "from_stree": "Alexis St", "to_street": "Greenfield Ave", "int_": "n", "hood": 37, "hood2": " ", "l_feet": 121, "width": 4, "steps": 110, "treads": 0, "year": 1947, "coded_": "y", "pix": " ", "comment": " ", "Shape__Length": 195.44612996164099 }, "geometry": { "type": "LineString", "coordinates": [ [ -79.947473644359903, 40.425572999261597 ], [ -79.947458422447298, 40.425569960810599 ], [ -79.947543181173401, 40.425322056527001 ], [ -79.947558403033895, 40.425325094967 ], [ -79.947473644359903, 40.425572999261597 ] ] } },
{ "type": "Feature", "properties": { "objectid": 13, "length": 425.58371, "streets_": 11731, "streets_id": 592, "code": 999, "type": 12, "id_no": 189, "oid": 187, "id": 189, "dpwn1": 409, "dpwn2": " ", "location": "S 18th St near Josephine St", "style": 12, "angle": "y", "segs": 1, "st_": "n", "street_nam": " ", "from_stree": "S 18th St", "to_street": "Pius St", "int_": "n", "hood": 73, "hood2": " ", "l_feet": 215, "width": 4, "steps": 122, "treads": 205, "year": 1940, "coded_": "y", "pix": "y", "comment": " ", "Shape__Length": 425.583711334079 }, "geometry": { "type": "LineString", "coordinates": [ [ -79.980973110816393, 40.424979114604398 ], [ -79.980958247992902, 40.424978506455403 ], [ -79.980964316484304, 40.4248917842027 ], [ -79.980794569626994, 40.4248743168449 ], [ -79.980830477743297, 40.424520127084897 ], [ -79.980845317039496, 40.424521004798997 ], [ -79.980810495507697, 40.4248644783803 ], [ -79.980979910637998, 40.424881910932001 ], [ -79.980973110816393, 40.424979114604398 ] ] } },
{ "type": "Feature", "properties": { "objectid": 14, "length": 1227.22205, "streets_": 12289, "streets_id": 351, "code": 1081, "type": 1, "id_no": 176, "oid": 174, "id": 176, "dpwn1": 254, "dpwn2": " ", "location": "Gladstone St", "style": 1, "angle": "y", "segs": 1, "st_": "n", "street_nam": "Gladstone St", "from_stree": "Home Rule St", "to_street": "Winders St", "int_": "n", "hood": 39, "hood2": " ", "l_feet": 625, "width": 4, "steps": 140, "treads": 232, "year": 1950, "coded_": "y", "pix": "y", "comment": " ", "Shape__Length": 1227.222047213 }, "geometry": { "type": "LineString", "coordinates": [ [ -79.943590470197506, 40.418807742092604 ], [ -79.943606283879603, 40.418808702159197 ], [ -79.943615322164206, 40.4187218082239 ], [ -79.943390271127797, 40.4181883471296 ], [ -79.943274894434097, 40.417914763362297 ], [ -79.943263636834601, 40.417787693027201 ], [ -79.943147057157304, 40.417790559867598 ], [ -79.943109082955104, 40.417269980373497 ], [ -79.943093247305299, 40.417270654446 ], [ -79.943132083458295, 40.417803057701903 ], [ -79.943248846266698, 40.417800187400097 ], [ -79.943259201371504, 40.417917065784899 ], [ -79.943375173715694, 40.418192066101099 ], [ -79.943599259380093, 40.418723241782097 ], [ -79.943590470197506, 40.418807742092604 ] ] } },
{ "type": "Feature", "properties": { "objectid": 15, "length": 433.35579, "streets_": 12401, "streets_id": 27, "code": 1081, "type": 1, "id_no": 682, "oid": 681, "id": 682, "dpwn1": 301, "dpwn2": " ", "location": "Andick Way", "style": 1, "angle": "n", "segs": 1, "st_": "y", "street_nam": "Andick Way", "from_stree": "Westfield St", "to_street": "Rockland Ave", "int_": "n", "hood": 8, "hood2": " ", "l_feet": 42, "width": 4, "steps": 38, "treads": 0, "year": 1960, "coded_": " ", "pix": " ", "comment": " ", "Shape__Length": 433.35578854968202 }, "geometry": { "type": "LineString", "coordinates": [ [ -80.019424713149704, 40.414101466178103 ], [ -80.019426109009899, 40.414117763223203 ], [ -80.0201812745848, 40.4140799464098 ], [ -80.020179878543104, 40.414063649373801 ], [ -80.019424713149704, 40.414101466178103 ] ] } },
{ "type": "Feature", "properties": { "objectid": 16, "length": 416.85216, "streets_": 12573, "streets_id": 206, "code": 1081, "type": 1, "id_no": 677, "oid": 676, "id": 677, "dpwn1": 297, "dpwn2": " ", "location": "Traymore Ave and Crimson St", "style": 1, "angle": "n", "segs": 1, "st_": "n", "street_nam": " ", "from_stree": "Suburban Ave", "to_street": "Traymore Ave", "int_": "n", "hood": 8, "hood2": " ", "l_feet": 181, "width": 5, "steps": 72, "treads": 0, "year": 1950, "coded_": "y", "pix": " ", "comment": " ", "Shape__Length": 416.852156865192 }, "geometry": { "type": "LineString", "coordinates": [ [ -80.012911596187607, 40.411852915709702 ], [ -80.012906958115806, 40.411865332970699 ], [ -80.012696215374902, 40.411819321076898 ], [ -80.012573816417003, 40.4117918678945 ], [ -80.012536596510202, 40.411796806435397 ], [ -80.012519305320296, 40.411697649779597 ], [ -80.012307684944801, 40.411717487601599 ], [ -80.012305628006303, 40.411704671532398 ], [ -80.012533843075602, 40.411683278493904 ], [ -80.012551019140503, 40.411781786622299 ], [ -80.012574802355502, 40.411778629764903 ], [ -80.0127009149721, 40.411806916349299 ], [ -80.012911596187607, 40.411852915709702 ] ] } },
{ "type": "Feature", "properties": { "objectid": 17, "length": 549.55655, "streets_": 13265, "streets_id": 294, "code": 1081, "type": 1, "id_no": 598, "oid": 597, "id": 598, "dpwn1": 487, "dpwn2": " ", "location": "Custer Ave", "style": 1, "angle": "n", "segs": 2, "st_": "y", "street_nam": "Custer Ave", "from_stree": "Brinwood Ave", "to_street": "Kirk Ave", "int_": "n", "hood": 16, "hood2": " ", "l_feet": 310, "width": 5, "steps": 101, "treads": 0, "year": 1964, "coded_": "y", "pix": " ", "comment": " ", "Shape__Length": 549.55655030398395 }, "geometry": { "type": "LineString", "coordinates": [ [ -79.977280296419195, 40.392852312022903 ], [ -79.977279639483896, 40.392838169622202 ], [ -79.977601932162003, 40.392829437610501 ], [ -79.978232344780096, 40.392722604704403 ], [ -79.978232124159106, 40.392737137478598 ], [ -79.977604282815193, 40.392843536354199 ], [ -79.977280296419195, 40.392852312022903 ] ] } },
{ "type": "Feature", "properties": { "objectid": 18, "length": 640.66402, "streets_": 14871, "streets_id": 175, "code": 1081, "type": 2, "id_no": 466, "oid": 465, "id": 466, "dpwn1": 352, "dpwn2": " ", "location": "Fairview St", "style": 1, "angle": "n", "segs": 2, "st_": "y", "street_nam": "Fairview St", "from_stree": "Furley St", "to_street": "Uvilla St", "int_": "n", "hood": 30, "hood2": " ", "l_feet": 324, "width": 5, "steps": 101, "treads": 0, "year": 1947, "coded_": "y", "pix": " ", "comment": " ", "Shape__Length": 640.66401885328105 }, "geometry": { "type": "LineString", "coordinates": [ [ -80.037982086473207, 40.443132851136198 ], [ -80.037685307437002, 40.443332673492698 ], [ -80.037673439643299, 40.443322386075202 ], [ -80.037954937116396, 40.443132850458099 ], [ -80.038252729831299, 40.4429323400391 ], [ -80.0383150519216, 40.442891389015799 ], [ -80.038522608031499, 40.442749472215901 ], [ -80.038534577776105, 40.442759691626797 ], [ -80.038326888157499, 40.442901698961002 ], [ -80.038264516899304, 40.442942683915199 ], [ -80.037982086473207, 40.443132851136198 ] ] } },
{ "type": "Feature", "properties": { "objectid": 19, "length": 376.00239, "streets_": 15381, "streets_id": 11, "code": 999, "type": 1, "id_no": 173, "oid": 171, "id": 173, "dpwn1": 232, "dpwn2": " ", "location": "Greenfield Ave at Swineburn Bridg", "style": 1, "angle": "n", "segs": 1, "st_": "n", "street_nam": " ", "from_stree": "Greenfield Ave", "to_street": "Waldeck St", "int_": "n", "hood": 37, "hood2": " ", "l_feet": 218, "width": 4, "steps": 128, "treads": 146, "year": 1945, "coded_": "y", "pix": "y", "comment": "check ROW", "Shape__Length": 376.00239102549602 }, "geometry": { "type": "LineString", "coordinates": [ [ -79.949777106384104, 40.425395223688199 ], [ -79.949831824322104, 40.425485599610298 ], [ -79.949795343766297, 40.425499131096601 ], [ -79.949825989217203, 40.425552053337498 ], [ -79.949840080107094, 40.425547287325102 ], [ -79.949815454130203, 40.425504761609702 ], [ -79.949852161900097, 40.425491146160901 ], [ -79.949777104671796, 40.425367177549099 ], [ -79.949617649141601, 40.425103805095901 ], [ -79.949603664773704, 40.425108750281403 ], [ -79.949777106384104, 40.425395223688199 ] ] } },
{ "type": "Feature", "properties": { "objectid": 20, "length": 350.30571, "streets_": 15423, "streets_id": 600, "code": 1081, "type": 1, "id_no": 193, "oid": 191, "id": 193, "dpwn1": 411, "dpwn2": " ", "location": "Short St", "style": 1, "angle": "n", "segs": 2, "st_": "y", "street_nam": "Short St", "from_stree": "Magdalena St", "to_street": "Baldauf St", "int_": "n", "hood": 73, "hood2": " ", "l_feet": 263, "width": 4, "steps": 125, "treads": 138, "year": 1990, "coded_": "y", "pix": " ", "comment": " ", "Shape__Length": 350.30571203660998 }, "geometry": { "type": "LineString", "coordinates": [ [ -79.981554817783007, 40.423688414790902 ], [ -79.981523885350498, 40.423788885473002 ], [ -79.981508820324507, 40.423786175214303 ], [ -79.981538919009196, 40.423688414350799 ], [ -79.981649361722106, 40.423329673368201 ], [ -79.981664426651804, 40.423332383608802 ], [ -79.981554817783007, 40.423688414790902 ] ] } },
{ "type": "Feature", "properties": { "objectid": 21, "length": 0.0, "streets_": 0, "streets_id": 0, "code": 0, "type": 3, "id_no": 171, "oid": 170, "id": 171, "dpwn1": 0, "dpwn2": " ", "location": "Alvin St", "style": 1, "angle": "y", "segs": 1, "st_": "y", "street_nam": "Alvin St", "from_stree": "Tunstall St", "to_street": "Yoder St", "int_": "n", "hood": 37, "hood2": " ", "l_feet": 0, "width": 4, "steps": 28, "treads": 0, "year": 0, "coded_": " ", "pix": "y", "comment": " ", "Shape__Length": 113.940666908624 }, "geometry": { "type": "LineString", "coordinates": [ [ -79.948487859585796, 40.424644050968702 ], [ -79.948105191813198, 40.424642215326202 ], [ -79.948123514330604, 40.424627497645197 ] ] } },
{ "type": "Feature", "properties": { "objectid": 22, "length": 0.0, "streets_": 0, "streets_id": 0, "code": 999, "type": 1, "id_no": 172, "oid": 169, "id": 172, "dpwn1": 230, "dpwn2": " ", "location": "Tunstall St", "style": 3, "angle": "n", "segs": 1, "st_": "n", "street_nam": " ", "from_stree": "Greenfield Ave", "to_street": "Alvin St", "int_": "n", "hood": 37, "hood2": " ", "l_feet": 227, "width": 4, "steps": 66, "treads": 0, "year": 1950, "coded_": " ", "pix": "y", "comment": " ", "Shape__Length": 326.68282935730798 }, "geometry": { "type": "LineString", "coordinates": [ [ -79.948899319932593, 40.425506399924799 ], [ -79.948636248550599, 40.424632481609002 ] ] } },
{ "type": "Feature", "properties": { "objectid": 23, "length": 0.0, "streets_": 0, "streets_id": 0, "code": 0, "type": 1, "id_no": 11, "oid": 10, "id": 11, "dpwn1": 187, "dpwn2": " ", "location": "Frankstown Rd near Tokay St", "style": 1, "angle": "n", "segs": 1, "st_": "y", "street_nam": "Lawndale St", "from_stree": "Frankstown Rd", "to_street": "Perchment St", "int_": "n", "hood": 41, "hood2": " ", "l_feet": 161, "width": 4, "steps": 90, "treads": 161, "year": 1949, "coded_": " ", "pix": " ", "comment": "check ROW to see if street", "Shape__Length": 187.39859603403599 }, "geometry": { "type": "LineString", "coordinates": [ [ -79.8815037860209, 40.455729736822597 ], [ -79.881487533959799, 40.4552154793871 ] ] } },
{ "type": "Feature", "properties": { "objectid": 24, "length": 0.0, "streets_": 0, "streets_id": 0, "code": 0, "type": 6, "id_no": 10, "oid": 9, "id": 10, "dpwn1": 0, "dpwn2": " ", "location": "Lawndale St at Perchment St", "style": 6, "angle": "n", "segs": 1, "st_": "n", "street_nam": " ", "from_stree": "Perchment St", "to_street": " ", "int_": "n", "hood": 41, "hood2": " ", "l_feet": 129, "width": 3, "steps": 38, "treads": 129, "year": 0, "coded_": " ", "pix": " ", "comment": " ", "Shape__Length": 467.54390168794703 }, "geometry": { "type": "LineString", "coordinates": [ [ -79.8818138598904, 40.457069783138103 ], [ -79.881770530158093, 40.457047937550598 ], [ -79.881756586567505, 40.455804237362102 ] ] } },
{ "type": "Feature", "properties": { "objectid": 25, "length": 0.0, "streets_": 0, "streets_id": 0, "code": 0, "type": 4, "id_no": 1, "oid": 0, "id": 1, "dpwn1": 185, "dpwn2": " ", "location": "Dornbush St", "style": 4, "angle": "n", "segs": 4, "st_": "n", "street_nam": " ", "from_stree": "Bricelyn St", "to_street": "Calistoga St", "int_": "n", "hood": 28, "hood2": " ", "l_feet": 1006, "width": 4, "steps": 273, "treads": 68, "year": 1950, "coded_": " ", "pix": "y", "comment": "spectacular sidewalk steps", "Shape__Length": 1094.0352615153299 }, "geometry": { "type": "LineString", "coordinates": [ [ -79.879248574527793, 40.454606959241701 ], [ -79.876517379257805, 40.4524493349995 ], [ -79.876518645088197, 40.452447888239597 ] ] } },
{ "type": "Feature", "properties": { "objectid": 26, "length": 0.0, "streets_": 0, "streets_id": 0, "code": 0, "type": 1, "id_no": 4, "oid": 3, "id": 4, "dpwn1": 188, "dpwn2": " ", "location": "Singer Place", "style": 1, "angle": "n", "segs": 1, "st_": "n", "street_nam": " ", "from_stree": "Haverhill St", "to_street": "Singer St", "int_": "n", "hood": 28, "hood2": " ", "l_feet": 179, "width": 4, "steps": 109, "treads": 168, "year": 1949, "coded_": " ", "pix": " ", "comment": " ", "Shape__Length": 229.63158402466601 }, "geometry": { "type": "LineString", "coordinates": [ [ -79.883782863360494, 40.453115625577198 ], [ -79.884598927529197, 40.453022350717902 ] ] } },
{ "type": "Feature", "properties": { "objectid": 27, "length": 0.0, "streets_": 0, "streets_id": 0, "code": 0, "type": 1, "id_no": 3, "oid": 2, "id": 3, "dpwn1": 186, "dpwn2": " ", "location": "Nimick Place", "style": 1, "angle": "n", "segs": 2, "st_": "y", "street_nam": "Nimick Place", "from_stree": "Singer Place", "to_street": "Sickles St", "int_": "n", "hood": 28, "hood2": " ", "l_feet": 344, "width": 4, "steps": 124, "treads": 0, "year": 1949, "coded_": " ", "pix": " ", "comment": " ", "Shape__Length": 343.97471171635499 }, "geometry": { "type": "LineString", "coordinates": [ [ -79.881978490714403, 40.450366960313801 ], [ -79.883176723970394, 40.450135416391902 ] ] } },
{ "type": "Feature", "properties": { "objectid": 28, "length": 0.0, "streets_": 0, "streets_id": 0, "code": 0, "type": 1, "id_no": 2, "oid": 1, "id": 2, "dpwn1": 183, "dpwn2": " ", "location": "Inglenook Place", "style": 1, "angle": "n", "segs": 3, "st_": "y", "street_nam": "Inglenook Place", "from_stree": "Oakwood St", "to_street": "Sickles St", "int_": "n", "hood": 28, "hood2": " ", "l_feet": 509, "width": 4, "steps": 201, "treads": 0, "year": 1944, "coded_": " ", "pix": "y", "comment": " ", "Shape__Length": 546.81994313866505 }, "geometry": { "type": "LineString", "coordinates": [ [ -79.882576889217404, 40.451389299693297 ], [ -79.884484695049906, 40.451030194671901 ] ] } },
{ "type": "Feature", "properties": { "objectid": 29, "length": 0.0, "streets_": 0, "streets_id": 0, "code": 0, "type": 3, "id_no": 5, "oid": 4, "id": 5, "dpwn1": 182, "dpwn2": " ", "location": "Oakwood St at Haverhill St", "style": 3, "angle": "n", "segs": 1, "st_": "n", "street_nam": " ", "from_stree": "Oakwood St", "to_street": "Haverhill St", "int_": "n", "hood": 28, "hood2": " ", "l_feet": 155, "width": 4, "steps": 31, "treads": 0, "year": 1949, "coded_": " ", "pix": " ", "comment": " ", "Shape__Length": 106.80859716678999 }, "geometry": { "type": "LineString", "coordinates": [ [ -79.884778204949697, 40.452217423066699 ], [ -79.884768928246601, 40.451924320024403 ] ] } },
{ "type": "Feature", "properties": { "objectid": 30, "length": 0.0, "streets_": 0, "streets_id": 0, "code": 0, "type": 1, "id_no": 12, "oid": 11, "id": 12, "dpwn1": 192, "dpwn2": " ", "location": "Ferndale St", "style": 1, "angle": "y", "segs": 1, "st_": "y", "street_nam": "Ferndale St", "from_stree": "N Wheeler St", "to_street": "Willing St", "int_": "n", "hood": 41, "hood2": " ", "l_feet": 239, "width": 4, "steps": 85, "treads": 79, "year": 1950, "coded_": " ", "pix": " ", "comment": "couldn't find top", "Shape__Length": 213.73583760533899 }, "geometry": { "type": "LineString", "coordinates": [ [ -79.884950325312602, 40.459272376507798 ], [ -79.885718393083906, 40.459277739687103 ] ] } },
{ "type": "Feature", "properties": { "objectid": 31, "length": 0.0, "streets_": 0, "streets_id": 0, "code": 0, "type": 1, "id_no": 9, "oid": 8, "id": 9, "dpwn1": 180, "dpwn2": " ", "location": "Brushton Ave and Monticello St", "style": 1, "angle": "n", "segs": 1, "st_": "y", "street_nam": "Monticello St", "from_stree": "Brushton Ave", "to_street": "Monticello St", "int_": "n", "hood": 41, "hood2": " ", "l_feet": 333, "width": 5, "steps": 173, "treads": 351, "year": 1945, "coded_": " ", "pix": " ", "comment": "ends 1 block in from Mohler", "Shape__Length": 419.691196071165 }, "geometry": { "type": "LineString", "coordinates": [ [ -79.886889773238195, 40.458278510389 ], [ -79.888338610731196, 40.457958442833799 ] ] } },
{ "type": "Feature", "properties": { "objectid": 32, "length": 0.0, "streets_": 0, "streets_id": 0, "code": 0, "type": 4, "id_no": 124, "oid": 122, "id": 124, "dpwn1": 0, "dpwn2": " ", "location": "Mohler St at Willing St", "style": 4, "angle": "n", "segs": 1, "st_": "n", "street_nam": " ", "from_stree": "Willing St", "to_street": "Mohler St", "int_": "n", "hood": 41, "hood2": " ", "l_feet": 0, "width": 0, "steps": 6, "treads": 0, "year": 0, "coded_": " ", "pix": " ", "comment": " ", "Shape__Length": 61.663958371314699 }, "geometry": { "type": "LineString", "coordinates": [ [ -79.885638454363502, 40.4586241272644 ], [ -79.885590079062993, 40.4584589428922 ] ] } },
{ "type": "Feature", "properties": { "objectid": 33, "length": 0.0, "streets_": 0, "streets_id": 0, "code": 0, "type": 1, "id_no": 7, "oid": 6, "id": 7, "dpwn1": 172, "dpwn2": " ", "location": "Sterret St", "style": 1, "angle": "n", "segs": 1, "st_": "y", "street_nam": "Sterret St", "from_stree": "Mt. Vernon St", "to_street": "Upland St", "int_": "n", "hood": 41, "hood2": " ", "l_feet": 196, "width": 5, "steps": 55, "treads": 73, "year": 1948, "coded_": " ", "pix": " ", "comment": " ", "Shape__Length": 205.05757502482899 }, "geometry": { "type": "LineString", "coordinates": [ [ -79.892584307218797, 40.461012292663199 ], [ -79.892399104185998, 40.4615571075731 ] ] } },
{ "type": "Feature", "properties": { "objectid": 34, "length": 0.0, "streets_": 0, "streets_id": 0, "code": 999, "type": 1, "id_no": 8, "oid": 7, "id": 8, "dpwn1": 175, "dpwn2": " ", "location": "North Homewood Ave", "style": 1, "angle": "n", "segs": 1, "st_": "y", "street_nam": "N Homewood Ave", "from_stree": "Upland St", "to_street": "Saxon Way", "int_": "n", "hood": 41, "hood2": " ", "l_feet": 116, "width": 5, "steps": 43, "treads": 0, "year": 1948, "coded_": "y", "pix": " ", "comment": "Saxon Way at Intersection of Apple St.", "Shape__Length": 121.944787694569 }, "geometry": { "type": "LineString", "coordinates": [ [ -79.894502920495697, 40.462121352414201 ], [ -79.894411062920895, 40.462416949824402 ], [ -79.894370583862894, 40.462417700726498 ] ] } },
{ "type": "Feature", "properties": { "objectid": 35, "length": 0.0, "streets_": 0, "streets_id": 0, "code": 0, "type": 1, "id_no": 6, "oid": 5, "id": 6, "dpwn1": 169, "dpwn2": " ", "location": "North Lang Ave", "style": 1, "angle": "n", "segs": 1, "st_": "y", "street_nam": "North Lang Ave", "from_stree": "Chaucer St", "to_street": "Apple St", "int_": "n", "hood": 41, "hood2": " ", "l_feet": 159, "width": 5, "steps": 75, "treads": 0, "year": 1940, "coded_": " ", "pix": " ", "comment": " ", "Shape__Length": 223.71537866633301 }, "geometry": { "type": "LineString", "coordinates": [ [ -79.896608675420197, 40.463381587111797 ], [ -79.895993152613102, 40.463776673097797 ] ] } },
{ "type": "Feature", "properties": { "objectid": 36, "length": 0.0, "streets_": 0, "streets_id": 0, "code": 999, "type": 1, "id_no": 128, "oid": 126, "id": 128, "dpwn1": 170, "dpwn2": " ", "location": "Licoln Ave near Apple St", "style": 1, "angle": "n", "segs": 1, "st_": "n", "street_nam": " ", "from_stree": "Lincoln Ave", "to_street": "Arbor Way", "int_": "n", "hood": 47, "hood2": " ", "l_feet": 149, "width": 4, "steps": 57, "treads": 0, "year": 1945, "coded_": " ", "pix": " ", "comment": "opposite 20 Arbor Way", "Shape__Length": 128.460482783755 }, "geometry": { "type": "LineString", "coordinates": [ [ -79.8986848196122, 40.465616824164599 ], [ -79.898313596493793, 40.465407170255901 ] ] } },
{ "type": "Feature", "properties": { "objectid": 37, "length": 0.0, "streets_": 0, "streets_id": 0, "code": 999, "type": 1, "id_no": 13, "oid": 12, "id": 13, "dpwn1": 171, "dpwn2": " ", "location": "Lincoln Ave at Arbor Way", "style": 1, "angle": "n", "segs": 1, "st_": "n", "street_nam": " ", "from_stree": "Lincoln Ave", "to_street": "Point View St", "int_": "n", "hood": 47, "hood2": " ", "l_feet": 237, "width": 4, "steps": 142, "treads": 192, "year": 1946, "coded_": " ", "pix": " ", "comment": "Lincoln Ave at intersection of Arbor Way-in line with B", "Shape__Length": 251.490467033589 }, "geometry": { "type": "LineString", "coordinates": [ [ -79.898634888576694, 40.466592241172201 ], [ -79.897758627456895, 40.466422907104899 ] ] } },
{ "type": "Feature", "properties": { "objectid": 38, "length": 0.0, "streets_": 0, "streets_id": 0, "code": 0, "type": 1, "id_no": 14, "oid": 13, "id": 14, "dpwn1": 178, "dpwn2": " ", "location": "Toga Way", "style": 1, "angle": "n", "segs": 1, "st_": "y", "street_nam": "Toga Way", "from_stree": "Lemington Ave", "to_street": "Westmoreland Ave", "int_": "n", "hood": 47, "hood2": " ", "l_feet": 180, "width": 4, "steps": 91, "treads": 131, "year": 1944, "coded_": " ", "pix": " ", "comment": " ", "Shape__Length": 187.51575300913501 }, "geometry": { "type": "LineString", "coordinates": [ [ -79.894840276289699, 40.468271383433702 ], [ -79.895398179186998, 40.467982606440899 ] ] } },
{ "type": "Feature", "properties": { "objectid": 39, "length": 0.0, "streets_": 0, "streets_id": 0, "code": 0, "type": 1, "id_no": 15, "oid": 14, "id": 15, "dpwn1": 179, "dpwn2": "557", "location": "Oberlin St", "style": 1, "angle": "n", "segs": 1, "st_": "y", "street_nam": "Oberlin St", "from_stree": "Lemington Ave", "to_street": "Somerset St", "int_": "n", "hood": 47, "hood2": " ", "l_feet": 0, "width": 0, "steps": 50, "treads": 0, "year": 0, "coded_": " ", "pix": " ", "comment": "check to see which DPW-check ROW", "Shape__Length": 185.90103937260599 }, "geometry": { "type": "LineString", "coordinates": [ [ -79.890164168678695, 40.467708385361398 ], [ -79.890147978124403, 40.467198239797497 ] ] } },
{ "type": "Feature", "properties": { "objectid": 40, "length": 0.0, "streets_": 0, "streets_id": 0, "code": 0, "type": 2, "id_no": 16, "oid": 15, "id": 16, "dpwn1": 0, "dpwn2": "184", "location": "LaPorte St", "style": 2, "angle": "n", "segs": 1, "st_": "y", "street_nam": "LaPorte St", "from_stree": "LaPorte St", "to_street": "Verona Blvd", "int_": "n", "hood": 47, "hood2": " ", "l_feet": 0, "width": 3, "steps": 24, "treads": 0, "year": 0, "coded_": " ", "pix": " ", "comment": "small wooden steps", "Shape__Length": 46.453916439069097 }, "geometry": { "type": "LineString", "coordinates": [ [ -79.889257773931604, 40.4723346336662 ], [ -79.889096814485498, 40.472368547862402 ] ] } },
{ "type": "Feature", "properties": { "objectid": 41, "length": 0.0, "streets_": 0, "streets_id": 0, "code": 0, "type": 10, "id_no": 125, "oid": 123, "id": 125, "dpwn1": 0, "dpwn2": " ", "location": "Verona Blvd", "style": 10, "angle": "n", "segs": 1, "st_": "n", "street_nam": " ", "from_stree": "Broadcrest Dr", "to_street": " ", "int_": "n", "hood": 47, "hood2": " ", "l_feet": 0, "width": 4, "steps": 110, "treads": 0, "year": 0, "coded_": " ", "pix": " ", "comment": "goes east from Broadcrest about 2 blocks", "Shape__Length": 278.26769538838198 }, "geometry": { "type": "LineString", "coordinates": [ [ -79.888128659825398, 40.474412766242303 ], [ -79.888470483532402, 40.473694915813098 ] ] } },
{ "type": "Feature", "properties": { "objectid": 42, "length": 0.0, "streets_": 0, "streets_id": 0, "code": 0, "type": 1, "id_no": 126, "oid": 124, "id": 126, "dpwn1": 0, "dpwn2": " ", "location": "Missouri St", "style": 1, "angle": "n", "segs": 1, "st_": "n", "street_nam": " ", "from_stree": "Missouri St", "to_street": "Evers Dr", "int_": "n", "hood": 47, "hood2": " ", "l_feet": 0, "width": 4, "steps": 21, "treads": 0, "year": 0, "coded_": " ", "pix": " ", "comment": "might be HACP", "Shape__Length": 213.77116502180999 }, "geometry": { "type": "LineString", "coordinates": [ [ -79.899081371965195, 40.471069683227299 ], [ -79.898820731887, 40.470517677458403 ] ] } },
{ "type": "Feature", "properties": { "objectid": 43, "length": 0.0, "streets_": 0, "streets_id": 0, "code": 0, "type": 1, "id_no": 127, "oid": 125, "id": 127, "dpwn1": 0, "dpwn2": " ", "location": "Olivant St at Montezuma St", "style": 1, "angle": "n", "segs": 1, "st_": "n", "street_nam": " ", "from_stree": "Olivant St", "to_street": "Playground", "int_": "n", "hood": 47, "hood2": " ", "l_feet": 0, "width": 4, "steps": 90, "treads": 0, "year": 0, "coded_": " ", "pix": " ", "comment": "might be playground", "Shape__Length": 57.999040733674597 }, "geometry": { "type": "LineString", "coordinates": [ [ -79.899262724980503, 40.468498612148103 ], [ -79.899447360712401, 40.4685725198432 ] ] } },
{ "type": "Feature", "properties": { "objectid": 44, "length": 0.0, "streets_": 0, "streets_id": 0, "code": 0, "type": 1, "id_no": 182, "oid": 180, "id": 182, "dpwn1": 533, "dpwn2": " ", "location": "Cust St", "style": 1, "angle": "y", "segs": 1, "st_": "y", "street_nam": "Cust St", "from_stree": "Sunnyside St", "to_street": "Shrub Way", "int_": "n", "hood": 39, "hood2": " ", "l_feet": 135, "width": 5, "steps": 52, "treads": 125, "year": 1948, "coded_": " ", "pix": "y", "comment": " ", "Shape__Length": 139.965705013736 }, "geometry": { "type": "LineString", "coordinates": [ [ -79.939498882441697, 40.4025736477154 ], [ -79.939964933711806, 40.402429865615801 ] ] } },
{ "type": "Feature", "properties": { "objectid": 45, "length": 0.0, "streets_": 0, "streets_id": 0, "code": 0, "type": 1, "id_no": 184, "oid": 182, "id": 184, "dpwn1": 258, "dpwn2": " ", "location": "Sunnyside St", "style": 1, "angle": "n", "segs": 1, "st_": "y", "street_nam": "Sunnyside St", "from_stree": "Glenwood Ave", "to_street": "Sunnyside St", "int_": "n", "hood": 39, "hood2": " ", "l_feet": 117, "width": 4, "steps": 31, "treads": 0, "year": 1950, "coded_": " ", "pix": " ", "comment": "path at Sunnyside--rails painted 7/99", "Shape__Length": 248.04437096189201 }, "geometry": { "type": "LineString", "coordinates": [ [ -79.938324833315903, 40.402139653701099 ], [ -79.939184870179304, 40.401962704944197 ] ] } },
{ "type": "Feature", "properties": { "objectid": 46, "length": 0.0, "streets_": 0, "streets_id": 0, "code": 999, "type": 1, "id_no": 183, "oid": 181, "id": 183, "dpwn1": 0, "dpwn2": "0", "location": "Cust St", "style": 1, "angle": "n", "segs": 2, "st_": "y", "street_nam": "Cust St", "from_stree": "Second Ave", "to_street": "Sunnyside St", "int_": "n", "hood": 39, "hood2": " ", "l_feet": 217, "width": 4, "steps": 69, "treads": 0, "year": 0, "coded_": " ", "pix": " ", "comment": " ", "Shape__Length": 280.38103652148902 }, "geometry": { "type": "LineString", "coordinates": [ [ -79.939963058478, 40.4023720672268 ], [ -79.940556492038098, 40.401750343540698 ] ] } },
{ "type": "Feature", "properties": { "objectid": 47, "length": 0.0, "streets_": 0, "streets_id": 0, "code": 999, "type": 4, "id_no": 271, "oid": 270, "id": 271, "dpwn1": 260, "dpwn2": " ", "location": "Mansion St", "style": 4, "angle": "n", "segs": 1, "st_": "n", "street_nam": " ", "from_stree": "Johnston Ave", "to_street": "Ashton Ave", "int_": "n", "hood": 39, "hood2": " ", "l_feet": 364, "width": 5, "steps": 80, "treads": 0, "year": 1989, "coded_": " ", "pix": " ", "comment": " ", "Shape__Length": 372.77315121398698 }, "geometry": { "type": "LineString", "coordinates": [ [ -79.936678742549105, 40.406476367108603 ], [ -79.937295697534296, 40.405568269207301 ] ] } },
{ "type": "Feature", "properties": { "objectid": 48, "length": 0.0, "streets_": 0, "streets_id": 0, "code": 0, "type": 1, "id_no": 272, "oid": 271, "id": 272, "dpwn1": 0, "dpwn2": " ", "location": "Nordica St", "style": 1, "angle": "n", "segs": 1, "st_": "y", "street_nam": "Nordica St", "from_stree": "Steele Court", "to_street": "Ampere St", "int_": "y", "hood": 39, "hood2": " ", "l_feet": 134, "width": 4, "steps": 31, "treads": 51, "year": 0, "coded_": " ", "pix": " ", "comment": "only remnants--foundation of steps--no treads", "Shape__Length": 298.02138201019699 }, "geometry": { "type": "LineString", "coordinates": [ [ -79.938536309717406, 40.409699034283399 ], [ -79.939572037196797, 40.409493051705802 ] ] } },
{ "type": "Feature", "properties": { "objectid": 49, "length": 0.0, "streets_": 0, "streets_id": 0, "code": 0, "type": 3, "id_no": 273, "oid": 272, "id": 273, "dpwn1": 0, "dpwn2": " ", "location": "Steele Court", "style": 3, "angle": "n", "segs": 1, "st_": "n", "street_nam": " ", "from_stree": "Kilbourne St", "to_street": "E  Elizabeth St", "int_": "y", "hood": 39, "hood2": " ", "l_feet": 0, "width": 4, "steps": 42, "treads": 0, "year": 0, "coded_": " ", "pix": "y", "comment": " ", "Shape__Length": 341.52246004538301 }, "geometry": { "type": "LineString", "coordinates": [ [ -79.939558704083197, 40.409557077467397 ], [ -79.939448328708295, 40.408623398846899 ] ] } },
{ "type": "Feature", "properties": { "objectid": 50, "length": 0.0, "streets_": 0, "streets_id": 0, "code": 0, "type": 3, "id_no": 274, "oid": 273, "id": 274, "dpwn1": 257, "dpwn2": " ", "location": "Kilbourne St", "style": 3, "angle": "n", "segs": 1, "st_": "n", "street_nam": " ", "from_stree": "Glenwood Ave", "to_street": "Steele Court", "int_": "n", "hood": 39, "hood2": " ", "l_feet": 115, "width": 4, "steps": 37, "treads": 115, "year": 1949, "coded_": " ", "pix": "y", "comment": " ", "Shape__Length": 109.001611806334 }, "geometry": { "type": "LineString", "coordinates": [ [ -79.940071244919395, 40.409486141795497 ], [ -79.939690194107598, 40.409554584829699 ] ] } },
{ "type": "Feature", "properties": { "objectid": 51, "length": 0.0, "streets_": 0, "streets_id": 0, "code": 999, "type": 4, "id_no": 188, "oid": 186, "id": 188, "dpwn1": 255, "dpwn2": " ", "location": "Nansen St", "style": 4, "angle": "n", "segs": 1, "st_": "n", "street_nam": " ", "from_stree": "Flowers Ave", "to_street": "Hazelwood Ave", "int_": "n", "hood": 39, "hood2": " ", "l_feet": 643, "width": 5, "steps": 152, "treads": 0, "year": 1947, "coded_": " ", "pix": "y", "comment": "spectacular sidewalk steps", "Shape__Length": 614.20071121177102 }, "geometry": { "type": "LineString", "coordinates": [ [ -79.939389575455806, 40.413513257802698 ], [ -79.9391862097619, 40.413416538729102 ], [ -79.937975062505501, 40.412232605160803 ] ] } },
{ "type": "Feature", "properties": { "objectid": 52, "length": 0.0, "streets_": 0, "streets_id": 0, "code": 0, "type": 3, "id_no": 275, "oid": 274, "id": 275, "dpwn1": 0, "dpwn2": " ", "location": "Flowers Ave at Nansen St", "style": 3, "angle": "n", "segs": 1, "st_": "n", "street_nam": " ", "from_stree": "Flowers Ave", "to_street": "Nansen St", "int_": "n", "hood": 39, "hood2": " ", "l_feet": 0, "width": 4, "steps": 12, "treads": 0, "year": 0, "coded_": "y", "pix": " ", "comment": " ", "Shape__Length": 19.377047600556299 }, "geometry": { "type": "LineString", "coordinates": [ [ -79.938127867996499, 40.412181610316502 ], [ -79.938080029242698, 40.412220237621199 ] ] } },
{ "type": "Feature", "properties": { "objectid": 53, "length": 0.0, "streets_": 0, "streets_id": 0, "code": 0, "type": 1, "id_no": 185, "oid": 183, "id": 185, "dpwn1": 256, "dpwn2": " ", "location": "Eddington St", "style": 1, "angle": "n", "segs": 1, "st_": "y", "street_nam": "Eddington St", "from_stree": "Kilbourne St", "to_street": "Kinglake St", "int_": "n", "hood": 39, "hood2": " ", "l_feet": 289, "width": 4, "steps": 170, "treads": 289, "year": 1949, "coded_": " ", "pix": " ", "comment": " ", "Shape__Length": 292.46130323525102 }, "geometry": { "type": "LineString", "coordinates": [ [ -79.935052047309298, 40.4125940280801 ], [ -79.934713201852105, 40.411834147163603 ] ] } },
{ "type": "Feature", "properties": { "objectid": 54, "length": 0.0, "streets_": 0, "streets_id": 0, "code": 0, "type": 1, "id_no": 186, "oid": 184, "id": 186, "dpwn1": 261, "dpwn2": " ", "location": "Flowers Ave (ext) off Kilbourne", "style": 1, "angle": "n", "segs": 1, "st_": "y", "street_nam": "Dido Way", "from_stree": "Flowers Ave (ext)", "to_street": "Clarion", "int_": "n", "hood": 39, "hood2": " ", "l_feet": 105, "width": 5, "steps": 49, "treads": 0, "year": 1948, "coded_": " ", "pix": "y", "comment": " ", "Shape__Length": 134.72196790756499 }, "geometry": { "type": "LineString", "coordinates": [ [ -79.933428476397197, 40.413959731565697 ], [ -79.933274217177001, 40.413609218896397 ] ] } },
{ "type": "Feature", "properties": { "objectid": 55, "length": 0.0, "streets_": 0, "streets_id": 0, "code": 0, "type": 1, "id_no": 178, "oid": 176, "id": 178, "dpwn1": 236, "dpwn2": " ", "location": "Hilltop St", "style": 1, "angle": "n", "segs": 1, "st_": "y", "street_nam": "Hilltop St", "from_stree": "Winterburn Ave", "to_street": "Georgekay St", "int_": "n", "hood": 39, "hood2": " ", "l_feet": 205, "width": 5, "steps": 84, "treads": 145, "year": 1949, "coded_": " ", "pix": " ", "comment": " ", "Shape__Length": 208.90030762857199 }, "geometry": { "type": "LineString", "coordinates": [ [ -79.940488055444604, 40.415854610338499 ], [ -79.939776987963796, 40.416037482254602 ] ] } },
{ "type": "Feature", "properties": { "objectid": 56, "length": 0.0, "streets_": 0, "streets_id": 0, "code": 0, "type": 2, "id_no": 177, "oid": 175, "id": 177, "dpwn1": 252, "dpwn2": " ", "location": "Hilltop St", "style": 2, "angle": "n", "segs": 1, "st_": "y", "street_nam": "Hilltop St", "from_stree": "Gladstone St", "to_street": "Parnell St", "int_": "n", "hood": 39, "hood2": " ", "l_feet": 173, "width": 3, "steps": 27, "treads": 57, "year": 1950, "coded_": " ", "pix": " ", "comment": "also asphalt path", "Shape__Length": 158.50830163367601 }, "geometry": { "type": "LineString", "coordinates": [ [ -79.941693225432104, 40.415632467947802 ], [ -79.942236533141497, 40.4155025886418 ] ] } },
{ "type": "Feature", "properties": { "objectid": 57, "length": 0.0, "streets_": 0, "streets_id": 0, "code": 0, "type": 1, "id_no": 179, "oid": 177, "id": 179, "dpwn1": 253, "dpwn2": "0", "location": "Tullymet St", "style": 1, "angle": "n", "segs": 2, "st_": "y", "street_nam": "Tullymet St", "from_stree": "Chance St", "to_street": "Gladstone St", "int_": "n", "hood": 39, "hood2": " ", "l_feet": 461, "width": 4, "steps": 259, "treads": 433, "year": 1948, "coded_": " ", "pix": " ", "comment": " ", "Shape__Length": 632.83786757387304 }, "geometry": { "type": "LineString", "coordinates": [ [ -79.942426693482403, 40.415738119318902 ], [ -79.944530234920904, 40.415080398416798 ] ] } },
{ "type": "Feature", "properties": { "objectid": 58, "length": 0.0, "streets_": 0, "streets_id": 0, "code": 0, "type": 1, "id_no": 181, "oid": 179, "id": 181, "dpwn1": 0, "dpwn2": " ", "location": "Berwick St", "style": 1, "angle": "n", "segs": 1, "st_": "y", "street_nam": "Berwick St", "from_stree": "Monogahela St", "to_street": "Sylvan Ave", "int_": "n", "hood": 39, "hood2": " ", "l_feet": 246, "width": 4, "steps": 64, "treads": 0, "year": 0, "coded_": " ", "pix": " ", "comment": " ", "Shape__Length": 257.87456984493298 }, "geometry": { "type": "LineString", "coordinates": [ [ -79.942843704206794, 40.413727408811098 ], [ -79.943737129820207, 40.413541054250999 ] ] } },
{ "type": "Feature", "properties": { "objectid": 59, "length": 0.0, "streets_": 0, "streets_id": 0, "code": 0, "type": 4, "id_no": 180, "oid": 178, "id": 180, "dpwn1": 251, "dpwn2": " ", "location": "Berwick St", "style": 4, "angle": "n", "segs": 1, "st_": "n", "street_nam": "Berwick St", "from_stree": "Chatsworth St", "to_street": "Monogahela St", "int_": "n", "hood": 39, "hood2": " ", "l_feet": 254, "width": 4, "steps": 54, "treads": 0, "year": 1947, "coded_": " ", "pix": " ", "comment": " ", "Shape__Length": 223.84126837286601 }, "geometry": { "type": "LineString", "coordinates": [ [ -79.944562820628306, 40.413276266269101 ], [ -79.943800003465697, 40.413470111061301 ] ] } },
{ "type": "Feature", "properties": { "objectid": 60, "length": 0.0, "streets_": 0, "streets_id": 0, "code": 0, "type": 1, "id_no": 340, "oid": 339, "id": 340, "dpwn1": 262, "dpwn2": " ", "location": "Noah St", "style": 1, "angle": "n", "segs": 1, "st_": "y", "street_nam": "Noah St", "from_stree": "Phelan Way", "to_street": "Tasso St", "int_": "n", "hood": 39, "hood2": " ", "l_feet": 297, "width": 4, "steps": 20, "treads": 0, "year": 1945, "coded_": " ", "pix": " ", "comment": "path at Tasso St", "Shape__Length": 127.767729287324 }, "geometry": { "type": "LineString", "coordinates": [ [ -79.945565601984498, 40.4197080789829 ], [ -79.945979516890304, 40.419556656320701 ] ] } },
{ "type": "Feature", "properties": { "objectid": 61, "length": 0.0, "streets_": 0, "streets_id": 0, "code": 999, "type": 1, "id_no": 270, "oid": 269, "id": 270, "dpwn1": 0, "dpwn2": " ", "location": "Johnston Ave at Cove Place", "style": 1, "angle": "y", "segs": 1, "st_": "n", "street_nam": " ", "from_stree": "Johnston Ave", "to_street": "Naomi Dr", "int_": "n", "hood": 36, "hood2": " ", "l_feet": 0, "width": 4, "steps": 108, "treads": 0, "year": 0, "coded_": " ", "pix": " ", "comment": "Naomi Dr also called Broadview", "Shape__Length": 202.336013219102 }, "geometry": { "type": "LineString", "coordinates": [ [ -79.926203495274194, 40.409488499547201 ], [ -79.926806138012694, 40.409178220233002 ] ] } },
{ "type": "Feature", "properties": { "objectid": 62, "length": 0.0, "streets_": 0, "streets_id": 0, "code": 0, "type": 1, "id_no": 232, "oid": 230, "id": 232, "dpwn1": 0, "dpwn2": " ", "location": "McArdel Rdwy and footbridge", "style": 1, "angle": "y", "segs": 1, "st_": "n", "street_nam": " ", "from_stree": "Selby Way", "to_street": "McArdel Rdwy", "int_": "y", "hood": 72, "hood2": "73", "l_feet": 0, "width": 6, "steps": 27, "treads": 0, "year": 0, "coded_": " ", "pix": " ", "comment": "also goes to abandoned footbridge--might have conn. To", "Shape__Length": 41.341355105354999 }, "geometry": { "type": "LineString", "coordinates": [ [ -79.991043303920506, 40.427526908640303 ], [ -79.990963696012102, 40.427431111289501 ] ] } },
{ "type": "Feature", "properties": { "objectid": 63, "length": 0.0, "streets_": 0, "streets_id": 0, "code": 0, "type": 2, "id_no": 230, "oid": 228, "id": 230, "dpwn1": 401, "dpwn2": " ", "location": "Arlington Ave at Behring St", "style": 2, "angle": "n", "segs": 1, "st_": "y", "street_nam": "Behring St", "from_stree": "Arlington Ave", "to_street": "Newton St", "int_": "n", "hood": 73, "hood2": "3", "l_feet": 94, "width": 4, "steps": 41, "treads": 51, "year": 1990, "coded_": " ", "pix": " ", "comment": "doesn't go as far as Newton St", "Shape__Length": 132.914113057827 }, "geometry": { "type": "LineString", "coordinates": [ [ -79.990580616613997, 40.425473372458299 ], [ -79.990373255809004, 40.425802010178799 ] ] } },
{ "type": "Feature", "properties": { "objectid": 64, "length": 0.0, "streets_": 0, "streets_id": 0, "code": 0, "type": 2, "id_no": 197, "oid": 195, "id": 197, "dpwn1": 399, "dpwn2": " ", "location": "Hartford St", "style": 2, "angle": "y", "segs": 1, "st_": "y", "street_nam": "Hartford St", "from_stree": "Fritz St", "to_street": "Hartford St", "int_": "n", "hood": 73, "hood2": "3", "l_feet": 275, "width": 3, "steps": 77, "treads": 0, "year": 1999, "coded_": " ", "pix": " ", "comment": " ", "Shape__Length": 75.373306265100794 }, "geometry": { "type": "LineString", "coordinates": [ [ -79.988021241438702, 40.4249380324936 ], [ -79.987750598031795, 40.4249432749641 ] ] } },
{ "type": "Feature", "properties": { "objectid": 65, "length": 0.0, "streets_": 0, "streets_id": 0, "code": 0, "type": 6, "id_no": 205, "oid": 203, "id": 205, "dpwn1": 0, "dpwn2": " ", "location": "Hartford St", "style": 6, "angle": "n", "segs": 1, "st_": "n", "street_nam": "Hartford St", "from_stree": "Hartford St", "to_street": " ", "int_": "n", "hood": 73, "hood2": "3", "l_feet": 0, "width": 3, "steps": 41, "treads": 0, "year": 0, "coded_": " ", "pix": " ", "comment": "last 1/2 block of Hartford St", "Shape__Length": 92.980554919302193 }, "geometry": { "type": "LineString", "coordinates": [ [ -79.988389189113093, 40.4249274835337 ], [ -79.988197919620205, 40.424926106085003 ], [ -79.988056165588802, 40.424913602942397 ] ] } },
{ "type": "Feature", "properties": { "objectid": 66, "length": 0.0, "streets_": 0, "streets_id": 0, "code": 0, "type": 1, "id_no": 196, "oid": 194, "id": 196, "dpwn1": 404, "dpwn2": " ", "location": "Welsh Way", "style": 1, "angle": "n", "segs": 1, "st_": "y", "street_nam": "Welsh Way", "from_stree": "Welsh Way", "to_street": "Fritz St", "int_": "n", "hood": 73, "hood2": "3", "l_feet": 375, "width": 5, "steps": 61, "treads": 0, "year": 1951, "coded_": " ", "pix": " ", "comment": " ", "Shape__Length": 288.47600058734002 }, "geometry": { "type": "LineString", "coordinates": [ [ -79.987674915076397, 40.423735620768802 ], [ -79.988544327893294, 40.423304844742198 ] ] } },
{ "type": "Feature", "properties": { "objectid": 67, "length": 0.0, "streets_": 0, "streets_id": 0, "code": 0, "type": 1, "id_no": 228, "oid": 226, "id": 228, "dpwn1": 402, "dpwn2": "0", "location": "Lauer St", "style": 1, "angle": "n", "segs": 2, "st_": "y", "street_nam": "Lauer St", "from_stree": "Windom St", "to_street": "Arlington Ave", "int_": "n", "hood": 73, "hood2": "3", "l_feet": 206, "width": 4, "steps": 165, "treads": 206, "year": 0, "coded_": "y", "pix": " ", "comment": " ", "Shape__Length": 240.16905929510301 }, "geometry": { "type": "LineString", "coordinates": [ [ -79.991284376941493, 40.4267161331449 ], [ -79.9916383161505, 40.426114910849101 ] ] } },
{ "type": "Feature", "properties": { "objectid": 68, "length": 0.0, "streets_": 0, "streets_id": 0, "code": 0, "type": 1, "id_no": 190, "oid": 188, "id": 190, "dpwn1": 405, "dpwn2": " ", "location": "Yard Way", "style": 1, "angle": "n", "segs": 6, "st_": "y", "street_nam": "Yard Way", "from_stree": "Pius St", "to_street": "Shamokin St", "int_": "n", "hood": 73, "hood2": " ", "l_feet": 624, "width": 4, "steps": 317, "treads": 328, "year": 1944, "coded_": "y", "pix": " ", "comment": "DPW codes 0,0,0,405,0,408", "Shape__Length": 733.92489454235101 }, "geometry": { "type": "LineString", "coordinates": [ [ -79.980132667547906, 40.424409233754702 ], [ -79.981034289648605, 40.422516109811497 ] ] } },
{ "type": "Feature", "properties": { "objectid": 69, "length": 0.0, "streets_": 0, "streets_id": 0, "code": 0, "type": 4, "id_no": 202, "oid": 200, "id": 202, "dpwn1": 0, "dpwn2": " ", "location": "St Thomas St", "style": 4, "angle": "n", "segs": 2, "st_": "n", "street_nam": " ", "from_stree": "Hackstown St", "to_street": "Monastery St", "int_": "n", "hood": 73, "hood2": " ", "l_feet": 100, "width": 4, "steps": 6, "treads": 0, "year": 0, "coded_": " ", "pix": " ", "comment": " ", "Shape__Length": 121.395666161546 }, "geometry": { "type": "LineString", "coordinates": [ [ -79.985246076702794, 40.4241766887531 ], [ -79.985394014866003, 40.423863223080801 ] ] } },
{ "type": "Feature", "properties": { "objectid": 70, "length": 0.0, "streets_": 0, "streets_id": 0, "code": 0, "type": 1, "id_no": 198, "oid": 196, "id": 198, "dpwn1": 420, "dpwn2": " ", "location": "St Joseph Way", "style": 1, "angle": "n", "segs": 1, "st_": "y", "street_nam": "St Joseph Way", "from_stree": "Brosville Rd", "to_street": "St Joseph Way", "int_": "n", "hood": 73, "hood2": " ", "l_feet": 148, "width": 4, "steps": 77, "treads": 0, "year": 1980, "coded_": " ", "pix": " ", "comment": " ", "Shape__Length": 73.338199184022898 }, "geometry": { "type": "LineString", "coordinates": [ [ -79.986257066570204, 40.4239910906118 ], [ -79.985998978264604, 40.4239508042143 ] ] } },
{ "type": "Feature", "properties": { "objectid": 71, "length": 0.0, "streets_": 0, "streets_id": 0, "code": 0, "type": 4, "id_no": 204, "oid": 202, "id": 204, "dpwn1": 565, "dpwn2": " ", "location": "Monastery St", "style": 4, "angle": "n", "segs": 2, "st_": "n", "street_nam": " ", "from_stree": "Brosville Rd", "to_street": "Lehrman Way", "int_": "n", "hood": 73, "hood2": " ", "l_feet": 547, "width": 4, "steps": 157, "treads": 293, "year": 1950, "coded_": " ", "pix": " ", "comment": " ", "Shape__Length": 483.49557692371599 }, "geometry": { "type": "LineString", "coordinates": [ [ -79.986622080970903, 40.423682145794402 ], [ -79.984978497792994, 40.423253588562403 ] ] } },
{ "type": "Feature", "properties": { "objectid": 72, "length": 0.0, "streets_": 0, "streets_id": 0, "code": 999, "type": 5, "id_no": 199, "oid": 197, "id": 199, "dpwn1": 0, "dpwn2": "0", "location": "St Thomas St", "style": 5, "angle": "n", "segs": 3, "st_": "n", "street_nam": " ", "from_stree": "Monastery St", "to_street": "E  Warrington Ave", "int_": "n", "hood": 73, "hood2": " ", "l_feet": 408, "width": 4, "steps": 153, "treads": 183, "year": 0, "coded_": " ", "pix": " ", "comment": " ", "Shape__Length": 421.412411966614 }, "geometry": { "type": "LineString", "coordinates": [ [ -79.985605472816601, 40.423399943926498 ], [ -79.985468556308504, 40.422247907056502 ] ] } },
{ "type": "Feature", "properties": { "objectid": 73, "length": 0.0, "streets_": 0, "streets_id": 0, "code": 0, "type": 7, "id_no": 234, "oid": 232, "id": 234, "dpwn1": 0, "dpwn2": " ", "location": "Regina St", "style": 7, "angle": "n", "segs": 1, "st_": "n", "street_nam": " ", "from_stree": "St Thomas St", "to_street": "Regina St", "int_": "n", "hood": 73, "hood2": " ", "l_feet": 0, "width": 4, "steps": 30, "treads": 0, "year": 1998, "coded_": " ", "pix": " ", "comment": " ", "Shape__Length": 247.714130458943 }, "geometry": { "type": "LineString", "coordinates": [ [ -79.985630565093601, 40.422954101228903 ], [ -79.986517686822694, 40.422902094730901 ] ] } },
{ "type": "Feature", "properties": { "objectid": 74, "length": 0.0, "streets_": 0, "streets_id": 0, "code": 999, "type": 6, "id_no": 233, "oid": 231, "id": 233, "dpwn1": 417, "dpwn2": " ", "location": "E Warrington Ave", "style": 6, "angle": "n", "segs": 1, "st_": "n", "street_nam": " ", "from_stree": "St Thomas St", "to_street": "Mt Oliver St", "int_": "n", "hood": 73, "hood2": " ", "l_feet": 193, "width": 3, "steps": 34, "treads": 0, "year": 1950, "coded_": " ", "pix": " ", "comment": "first half block", "Shape__Length": 269.54211520305302 }, "geometry": { "type": "LineString", "coordinates": [ [ -79.985544472894702, 40.422144088536903 ], [ -79.986508560920996, 40.422076658097701 ] ] } },
{ "type": "Feature", "properties": { "objectid": 75, "length": 0.0, "streets_": 0, "streets_id": 0, "code": 999, "type": 3, "id_no": 200, "oid": 198, "id": 200, "dpwn1": 0, "dpwn2": " ", "location": "St Thomas St", "style": 3, "angle": "n", "segs": 2, "st_": "n", "street_nam": " ", "from_stree": "Angelo St", "to_street": "E Warrington Ave", "int_": "n", "hood": 73, "hood2": " ", "l_feet": 225, "width": 4, "steps": 17, "treads": 0, "year": 0, "coded_": " ", "pix": " ", "comment": " ", "Shape__Length": 266.72086407007498 }, "geometry": { "type": "LineString", "coordinates": [ [ -79.985359669996697, 40.422206885688396 ], [ -79.985289899886297, 40.421476679758001 ] ] } },
{ "type": "Feature", "properties": { "objectid": 76, "length": 0.0, "streets_": 0, "streets_id": 0, "code": 0, "type": 1, "id_no": 201, "oid": 199, "id": 201, "dpwn1": 416, "dpwn2": " ", "location": "St Thomas St", "style": 1, "angle": "n", "segs": 1, "st_": "y", "street_nam": "St Thomas St", "from_stree": "S 18th St", "to_street": "Angelo St", "int_": "n", "hood": 73, "hood2": " ", "l_feet": 99, "width": 4, "steps": 36, "treads": 0, "year": 1950, "coded_": "y", "pix": " ", "comment": " ", "Shape__Length": 112.988331943863 }, "geometry": { "type": "LineString", "coordinates": [ [ -79.985342387705899, 40.421420181673597 ], [ -79.985302539021106, 40.421111526916398 ] ] } },
{ "type": "Feature", "properties": { "objectid": 77, "length": 0.0, "streets_": 0, "streets_id": 0, "code": 0, "type": 3, "id_no": 235, "oid": 233, "id": 235, "dpwn1": 422, "dpwn2": " ", "location": "Kimbol St", "style": 3, "angle": "n", "segs": 1, "st_": "n", "street_nam": " ", "from_stree": "Gabel St", "to_street": "Kimbol St", "int_": "n", "hood": 73, "hood2": " ", "l_feet": 42, "width": 2, "steps": 7, "treads": 0, "year": 1960, "coded_": " ", "pix": " ", "comment": "asphalt", "Shape__Length": 170.40484333754301 }, "geometry": { "type": "LineString", "coordinates": [ [ -79.983960819212797, 40.420850695448799 ], [ -79.9839453387075, 40.420383082752899 ] ] } },
{ "type": "Feature", "properties": { "objectid": 78, "length": 0.0, "streets_": 0, "streets_id": 0, "code": 0, "type": 2, "id_no": 194, "oid": 192, "id": 194, "dpwn1": 0, "dpwn2": " ", "location": "end of Gregory St", "style": 2, "angle": "n", "segs": 1, "st_": "n", "street_nam": " ", "from_stree": "Gregory St", "to_street": "Magdalena St", "int_": "n", "hood": 73, "hood2": " ", "l_feet": 0, "width": 4, "steps": 35, "treads": 0, "year": 0, "coded_": " ", "pix": " ", "comment": " ", "Shape__Length": 97.599543901839695 }, "geometry": { "type": "LineString", "coordinates": [ [ -79.981699921338304, 40.424147133963203 ], [ -79.981750403497998, 40.423882015199602 ] ] } },
{ "type": "Feature", "properties": { "objectid": 79, "length": 0.0, "streets_": 0, "streets_id": 0, "code": 0, "type": 3, "id_no": 191, "oid": 189, "id": 191, "dpwn1": 412, "dpwn2": "407", "location": "Oporto St", "style": 3, "angle": "n", "segs": 3, "st_": "n", "street_nam": " ", "from_stree": "Pius St", "to_street": "Roscoe St", "int_": "n", "hood": 73, "hood2": " ", "l_feet": 367, "width": 4, "steps": 112, "treads": 95, "year": 1990, "coded_": " ", "pix": " ", "comment": " ", "Shape__Length": 227.88640615687399 }, "geometry": { "type": "LineString", "coordinates": [ [ -79.979001396236399, 40.424148174060797 ], [ -79.979049140549407, 40.42352368988 ] ] } },
{ "type": "Feature", "properties": { "objectid": 80, "length": 0.0, "streets_": 0, "streets_id": 0, "code": 999, "type": 4, "id_no": 258, "oid": 257, "id": 258, "dpwn1": 0, "dpwn2": " ", "location": "Eleanor St", "style": 4, "angle": "n", "segs": 1, "st_": "n", "street_nam": " ", "from_stree": "Josephine St", "to_street": "Leticoe St", "int_": "n", "hood": 73, "hood2": " ", "l_feet": 0, "width": 0, "steps": 12, "treads": 0, "year": 0, "coded_": " ", "pix": " ", "comment": " ", "Shape__Length": 303.60271756641902 }, "geometry": { "type": "LineString", "coordinates": [ [ -79.972524542077593, 40.424576026677698 ], [ -79.972611134377104, 40.423745267447899 ] ] } },
{ "type": "Feature", "properties": { "objectid": 81, "length": 0.0, "streets_": 0, "streets_id": 0, "code": 0, "type": 1, "id_no": 213, "oid": 211, "id": 213, "dpwn1": 441, "dpwn2": "451", "location": "Eleanor St", "style": 1, "angle": "n", "segs": 2, "st_": "y", "street_nam": "Eleanor St", "from_stree": "Leticoe St", "to_street": "Holt St", "int_": "n", "hood": 73, "hood2": " ", "l_feet": 474, "width": 4, "steps": 282, "treads": 0, "year": 1934, "coded_": " ", "pix": " ", "comment": " ", "Shape__Length": 512.67519442731702 }, "geometry": { "type": "LineString", "coordinates": [ [ -79.972605142681701, 40.423601550424102 ], [ -79.972685564567698, 40.422195597179602 ] ] } },
{ "type": "Feature", "properties": { "objectid": 82, "length": 0.0, "streets_": 0, "streets_id": 0, "code": 0, "type": 6, "id_no": 212, "oid": 210, "id": 212, "dpwn1": 436, "dpwn2": " ", "location": "Holt St", "style": 6, "angle": "n", "segs": 1, "st_": "n", "street_nam": " ", "from_stree": "Sterling St", "to_street": "Holt St", "int_": "n", "hood": 73, "hood2": " ", "l_feet": 180, "width": 3, "steps": 47, "treads": 0, "year": 1999, "coded_": " ", "pix": " ", "comment": " ", "Shape__Length": 117.548205760893 }, "geometry": { "type": "LineString", "coordinates": [ [ -79.973898114534705, 40.422271328307197 ], [ -79.973477771471096, 40.422241099700202 ] ] } },
{ "type": "Feature", "properties": { "objectid": 83, "length": 0.0, "streets_": 0, "streets_id": 0, "code": 0, "type": 2, "id_no": 253, "oid": 252, "id": 253, "dpwn1": 438, "dpwn2": " ", "location": "Sierra St", "style": 2, "angle": "n", "segs": 1, "st_": "y", "street_nam": "Sierra St", "from_stree": "Sterling St", "to_street": "Sierra St", "int_": "n", "hood": 73, "hood2": " ", "l_feet": 161, "width": 3, "steps": 52, "treads": 109, "year": 1990, "coded_": " ", "pix": " ", "comment": " ", "Shape__Length": 120.542326412393 }, "geometry": { "type": "LineString", "coordinates": [ [ -79.973484258092896, 40.421746305396603 ], [ -79.973917140301793, 40.4217521878683 ] ] } },
{ "type": "Feature", "properties": { "objectid": 84, "length": 0.0, "streets_": 0, "streets_id": 0, "code": 0, "type": 2, "id_no": 254, "oid": 253, "id": 254, "dpwn1": 439, "dpwn2": " ", "location": "Caeser Way", "style": 2, "angle": "n", "segs": 1, "st_": "y", "street_nam": "Caeser Way", "from_stree": "Sterling St", "to_street": "Caeser Way", "int_": "n", "hood": 73, "hood2": " ", "l_feet": 80, "width": 3, "steps": 52, "treads": 49, "year": 1980, "coded_": " ", "pix": " ", "comment": " ", "Shape__Length": 118.163508670737 }, "geometry": { "type": "LineString", "coordinates": [ [ -79.973865138556206, 40.422737887821803 ], [ -79.973441902663296, 40.422713748973102 ] ] } },
{ "type": "Feature", "properties": { "objectid": 85, "length": 0.0, "streets_": 0, "streets_id": 0, "code": 0, "type": 2, "id_no": 220, "oid": 218, "id": 220, "dpwn1": 453, "dpwn2": " ", "location": "Leticoe St", "style": 2, "angle": "n", "segs": 1, "st_": "y", "street_nam": "Leticoe St", "from_stree": "Kosciusco Way", "to_street": "Barry St", "int_": "n", "hood": 73, "hood2": " ", "l_feet": 178, "width": 3, "steps": 55, "treads": 176, "year": 1990, "coded_": " ", "pix": " ", "comment": " ", "Shape__Length": 111.54341739252 }, "geometry": { "type": "LineString", "coordinates": [ [ -79.970678326588001, 40.4231381831083 ], [ -79.970295183583801, 40.423048691694298 ] ] } },
{ "type": "Feature", "properties": { "objectid": 86, "length": 0.0, "streets_": 0, "streets_id": 0, "code": 999, "type": 1, "id_no": 216, "oid": 214, "id": 216, "dpwn1": 450, "dpwn2": " ", "location": "Oakley Way", "style": 1, "angle": "n", "segs": 5, "st_": "y", "street_nam": "Oakley Way", "from_stree": "Josephine St", "to_street": "Mission St", "int_": "n", "hood": 73, "hood2": " ", "l_feet": 464, "width": 4, "steps": 285, "treads": 0, "year": 1928, "coded_": " ", "pix": " ", "comment": " ", "Shape__Length": 531.54825736412602 }, "geometry": { "type": "LineString", "coordinates": [ [ -79.968643527623698, 40.423685670246698 ], [ -79.969278134676003, 40.422309532093699 ] ] } },
{ "type": "Feature", "properties": { "objectid": 87, "length": 0.0, "streets_": 0, "streets_id": 0, "code": 0, "type": 1, "id_no": 256, "oid": 255, "id": 256, "dpwn1": 455, "dpwn2": " ", "location": "Telescope St", "style": 1, "angle": "n", "segs": 1, "st_": "y", "street_nam": "Telescope St", "from_stree": "Telescope St", "to_street": "Stella St", "int_": "n", "hood": 73, "hood2": " ", "l_feet": 100, "width": 4, "steps": 56, "treads": 0, "year": 1951, "coded_": " ", "pix": " ", "comment": " ", "Shape__Length": 103.227180247335 }, "geometry": { "type": "LineString", "coordinates": [ [ -79.967426564717002, 40.422396113981897 ], [ -79.967539744857604, 40.422126280079802 ] ] } },
{ "type": "Feature", "properties": { "objectid": 88, "length": 0.0, "streets_": 0, "streets_id": 0, "code": 0, "type": 4, "id_no": 257, "oid": 256, "id": 257, "dpwn1": 0, "dpwn2": " ", "location": "Stella St", "style": 4, "angle": "n", "segs": 1, "st_": "n", "street_nam": " ", "from_stree": "Stella St", "to_street": "Stella St", "int_": "n", "hood": 73, "hood2": " ", "l_feet": 0, "width": 4, "steps": 8, "treads": 0, "year": 0, "coded_": " ", "pix": " ", "comment": " ", "Shape__Length": 51.904171238547498 }, "geometry": { "type": "LineString", "coordinates": [ [ -79.968149740212695, 40.422399541956601 ], [ -79.967990245204405, 40.422325777079301 ] ] } },
{ "type": "Feature", "properties": { "objectid": 89, "length": 0.0, "streets_": 0, "streets_id": 0, "code": 0, "type": 4, "id_no": 215, "oid": 213, "id": 215, "dpwn1": 447, "dpwn2": "0", "location": "Oakley Way", "style": 4, "angle": "n", "segs": 3, "st_": "n", "street_nam": " ", "from_stree": "Mission St", "to_street": "Sumner St", "int_": "n", "hood": 73, "hood2": " ", "l_feet": 300, "width": 4, "steps": 48, "treads": 0, "year": 1931, "coded_": " ", "pix": " ", "comment": " ", "Shape__Length": 341.746774572481 }, "geometry": { "type": "LineString", "coordinates": [ [ -79.969317698820703, 40.422228059138 ], [ -79.969742644246196, 40.421347974248903 ] ] } },
{ "type": "Feature", "properties": { "objectid": 90, "length": 0.0, "streets_": 0, "streets_id": 0, "code": 0, "type": 4, "id_no": 252, "oid": 251, "id": 252, "dpwn1": 445, "dpwn2": " ", "location": "Mission St", "style": 4, "angle": "n", "segs": 1, "st_": "n", "street_nam": " ", "from_stree": "Barry St", "to_street": "Oakley Way", "int_": "n", "hood": 73, "hood2": " ", "l_feet": 287, "width": 4, "steps": 86, "treads": 0, "year": 1950, "coded_": " ", "pix": " ", "comment": " ", "Shape__Length": 318.09234292446502 }, "geometry": { "type": "LineString", "coordinates": [ [ -79.970405910652502, 40.422562285987901 ], [ -79.969335002930706, 40.422258054267203 ] ] } },
{ "type": "Feature", "properties": { "objectid": 91, "length": 0.0, "streets_": 0, "streets_id": 0, "code": 0, "type": 6, "id_no": 251, "oid": 250, "id": 251, "dpwn1": 443, "dpwn2": " ", "location": "Stromberg St", "style": 6, "angle": "n", "segs": 1, "st_": "n", "street_nam": " ", "from_stree": "Oakley Way", "to_street": "Stromberg St", "int_": "n", "hood": 73, "hood2": " ", "l_feet": 131, "width": 4, "steps": 24, "treads": 0, "year": 0, "coded_": " ", "pix": " ", "comment": " ", "Shape__Length": 119.23396054464 }, "geometry": { "type": "LineString", "coordinates": [ [ -79.969964119603105, 40.421845354701802 ], [ -79.969559482515095, 40.421738171267798 ] ] } },
{ "type": "Feature", "properties": { "objectid": 92, "length": 0.0, "streets_": 0, "streets_id": 0, "code": 0, "type": 1, "id_no": 217, "oid": 215, "id": 217, "dpwn1": 452, "dpwn2": " ", "location": "Sumner St", "style": 1, "angle": "y", "segs": 1, "st_": "y", "street_nam": "Sumner St", "from_stree": "Barry St", "to_street": "Sumner St", "int_": "n", "hood": 73, "hood2": " ", "l_feet": 490, "width": 4, "steps": 110, "treads": 104, "year": 1947, "coded_": " ", "pix": " ", "comment": " ", "Shape__Length": 149.65119823937599 }, "geometry": { "type": "LineString", "coordinates": [ [ -79.970832200932307, 40.422037529108302 ], [ -79.970442693791, 40.421754449539499 ] ] } },
{ "type": "Feature", "properties": { "objectid": 93, "length": 0.0, "streets_": 0, "streets_id": 0, "code": 0, "type": 3, "id_no": 250, "oid": 249, "id": 250, "dpwn1": 0, "dpwn2": " ", "location": "Sumner St", "style": 3, "angle": "n", "segs": 2, "st_": "n", "street_nam": " ", "from_stree": "Sumner St", "to_street": "Niles", "int_": "n", "hood": 73, "hood2": " ", "l_feet": 0, "width": 4, "steps": 79, "treads": 0, "year": 0, "coded_": " ", "pix": " ", "comment": " ", "Shape__Length": 634.31185737351495 }, "geometry": { "type": "LineString", "coordinates": [ [ -79.970518621752504, 40.421935721962697 ], [ -79.9688923099215, 40.420716363141103 ] ] } },
{ "type": "Feature", "properties": { "objectid": 94, "length": 0.0, "streets_": 0, "streets_id": 0, "code": 0, "type": 3, "id_no": 214, "oid": 212, "id": 214, "dpwn1": 0, "dpwn2": " ", "location": "Eleanor St", "style": 3, "angle": "n", "segs": 4, "st_": "n", "street_nam": " ", "from_stree": "Holt St", "to_street": "Codben St", "int_": "n", "hood": 73, "hood2": " ", "l_feet": 0, "width": 4, "steps": 1, "treads": 0, "year": 0, "coded_": " ", "pix": " ", "comment": " ", "Shape__Length": 531.359259788553 }, "geometry": { "type": "LineString", "coordinates": [ [ -79.972318928613305, 40.420634063279401 ], [ -79.9726393020687, 40.4220719491002 ] ] } },
{ "type": "Feature", "properties": { "objectid": 95, "length": 0.0, "streets_": 0, "streets_id": 0, "code": 999, "type": 1, "id_no": 260, "oid": 259, "id": 260, "dpwn1": 476, "dpwn2": " ", "location": "Harcum Way and S 30th St", "style": 1, "angle": "n", "segs": 2, "st_": "y", "street_nam": "S 30th St", "from_stree": "Harcum Way", "to_street": "Josephine St", "int_": "n", "hood": 73, "hood2": " ", "l_feet": 341, "width": 5, "steps": 149, "treads": 0, "year": 1945, "coded_": "y", "pix": " ", "comment": "S 30th st now Steven Seventy Way", "Shape__Length": 303.48784532219298 }, "geometry": { "type": "LineString", "coordinates": [ [ -79.965356257936307, 40.423159647903901 ], [ -79.965902885928799, 40.422438891618803 ] ] } },
{ "type": "Feature", "properties": { "objectid": 96, "length": 0.0, "streets_": 0, "streets_id": 0, "code": 999, "type": 1, "id_no": 221, "oid": 219, "id": 221, "dpwn1": 458, "dpwn2": " ", "location": "Josephine St at playground", "style": 1, "angle": "n", "segs": 1, "st_": "n", "street_nam": " ", "from_stree": "Josephine St", "to_street": "Northview St", "int_": "n", "hood": 73, "hood2": " ", "l_feet": 342, "width": 4, "steps": 119, "treads": 223, "year": 1949, "coded_": " ", "pix": " ", "comment": " ", "Shape__Length": 257.66556243880098 }, "geometry": { "type": "LineString", "coordinates": [ [ -79.965038418849701, 40.421842052052 ], [ -79.965439930536206, 40.421204792826003 ] ] } },
{ "type": "Feature", "properties": { "objectid": 97, "length": 0.0, "streets_": 0, "streets_id": 0, "code": 0, "type": 7, "id_no": 261, "oid": 260, "id": 261, "dpwn1": 0, "dpwn2": " ", "location": "Mary St", "style": 7, "angle": "n", "segs": 1, "st_": "n", "street_nam": " ", "from_stree": "S 30th St", "to_street": "Mary St", "int_": "n", "hood": 73, "hood2": " ", "l_feet": 80, "width": 4, "steps": 27, "treads": 0, "year": 1999, "coded_": "y", "pix": " ", "comment": " ", "Shape__Length": 101.951409126434 }, "geometry": { "type": "LineString", "coordinates": [ [ -79.965619186371597, 40.422783616858503 ], [ -79.965327096938694, 40.422614832857903 ] ] } },
{ "type": "Feature", "properties": { "objectid": 98, "length": 0.0, "streets_": 0, "streets_id": 0, "code": 0, "type": 5, "id_no": 223, "oid": 221, "id": 223, "dpwn1": 0, "dpwn2": "0", "location": "Cologne St", "style": 5, "angle": "n", "segs": 1, "st_": "n", "street_nam": " ", "from_stree": "Berg St", "to_street": "Codben St", "int_": "n", "hood": 73, "hood2": " ", "l_feet": 145, "width": 4, "steps": 98, "treads": 0, "year": 0, "coded_": " ", "pix": " ", "comment": " ", "Shape__Length": 125.477373937579 }, "geometry": { "type": "LineString", "coordinates": [ [ -79.969051824126694, 40.419650520325398 ], [ -79.969111820967399, 40.419309150103103 ] ] } },
{ "type": "Feature", "properties": { "objectid": 99, "length": 0.0, "streets_": 0, "streets_id": 0, "code": 0, "type": 3, "id_no": 222, "oid": 220, "id": 222, "dpwn1": 0, "dpwn2": "456", "location": "Cologne St", "style": 3, "angle": "n", "segs": 2, "st_": "n", "street_nam": " ", "from_stree": "Salisbury St", "to_street": "Berg St", "int_": "n", "hood": 73, "hood2": " ", "l_feet": 275, "width": 4, "steps": 80, "treads": 112, "year": 1949, "coded_": " ", "pix": " ", "comment": " ", "Shape__Length": 148.84070223146699 }, "geometry": { "type": "LineString", "coordinates": [ [ -79.969219545539602, 40.419243565920603 ], [ -79.969290712022499, 40.418838633947097 ] ] } },
{ "type": "Feature", "properties": { "objectid": 100, "length": 0.0, "streets_": 0, "streets_id": 0, "code": 999, "type": 1, "id_no": 224, "oid": 222, "id": 224, "dpwn1": 433, "dpwn2": " ", "location": "Clover St", "style": 1, "angle": "n", "segs": 1, "st_": "y", "street_nam": "Clover St", "from_stree": "Commanche Way", "to_street": "Arlington Ave", "int_": "n", "hood": 73, "hood2": " ", "l_feet": 114, "width": 5, "steps": 48, "treads": 44, "year": 1946, "coded_": " ", "pix": " ", "comment": " ", "Shape__Length": 255.94077252757 }, "geometry": { "type": "LineString", "coordinates": [ [ -79.971225822924595, 40.418349933385002 ], [ -79.971342643884498, 40.417653070873001 ] ] } },
{ "type": "Feature", "properties": { "objectid": 101, "length": 0.0, "streets_": 0, "streets_id": 0, "code": 999, "type": 3, "id_no": 225, "oid": 223, "id": 225, "dpwn1": 0, "dpwn2": " ", "location": "Eleanor St", "style": 3, "angle": "n", "segs": 5, "st_": "n", "street_nam": " ", "from_stree": "Salisbury St", "to_street": "Arlington Ave", "int_": "n", "hood": 73, "hood2": " ", "l_feet": 0, "width": 4, "steps": 0, "treads": 0, "year": 0, "coded_": " ", "pix": " ", "comment": "very few steps", "Shape__Length": 456.87152412268603 }, "geometry": { "type": "LineString", "coordinates": [ [ -79.9726250350935, 40.418734723537803 ], [ -79.972710385671704, 40.418192095289697 ], [ -79.972834750722598, 40.417490928555701 ] ] } },
{ "type": "Feature", "properties": { "objectid": 102, "length": 0.0, "streets_": 0, "streets_id": 0, "code": 0, "type": 4, "id_no": 249, "oid": 248, "id": 249, "dpwn1": 459, "dpwn2": " ", "location": "Berg St", "style": 4, "angle": "n", "segs": 1, "st_": "n", "street_nam": " ", "from_stree": "Eleanor St", "to_street": "Berg St", "int_": "n", "hood": 73, "hood2": " ", "l_feet": 47, "width": 4, "steps": 9, "treads": 0, "year": 1990, "coded_": " ", "pix": " ", "comment": " ", "Shape__Length": 103.883182479143 }, "geometry": { "type": "LineString", "coordinates": [ [ -79.972591227629195, 40.419819647901399 ], [ -79.972961564154701, 40.4198543253042 ] ] } },
{ "type": "Feature", "properties": { "objectid": 103, "length": 0.0, "streets_": 0, "streets_id": 0, "code": 0, "type": 2, "id_no": 211, "oid": 209, "id": 211, "dpwn1": 440, "dpwn2": " ", "location": "Berg St", "style": 2, "angle": "n", "segs": 1, "st_": "y", "street_nam": "Berg St", "from_stree": "Sterling St", "to_street": "Berg St", "int_": "y", "hood": 73, "hood2": " ", "l_feet": 100, "width": 3, "steps": 43, "treads": 40, "year": 1997, "coded_": " ", "pix": " ", "comment": " ", "Shape__Length": 82.570994607667203 }, "geometry": { "type": "LineString", "coordinates": [ [ -79.973802698083105, 40.419881848262897 ], [ -79.974098070572296, 40.419902122127702 ] ] } },
{ "type": "Feature", "properties": { "objectid": 104, "length": 0.0, "streets_": 0, "streets_id": 0, "code": 0, "type": 1, "id_no": 210, "oid": 208, "id": 210, "dpwn1": 435, "dpwn2": " ", "location": "Sterling St", "style": 1, "angle": "n", "segs": 3, "st_": "y", "street_nam": "Sterling St", "from_stree": "Wellington St", "to_street": "Patterson St", "int_": "y", "hood": 73, "hood2": " ", "l_feet": 265, "width": 4, "steps": 99, "treads": 221, "year": 1951, "coded_": " ", "pix": "y", "comment": " ", "Shape__Length": 497.46199155915701 }, "geometry": { "type": "LineString", "coordinates": [ [ -79.973948939767297, 40.420873188533697 ], [ -79.974154925267399, 40.419516757602601 ] ] } },
{ "type": "Feature", "properties": { "objectid": 105, "length": 0.0, "streets_": 0, "streets_id": 0, "code": 0, "type": 1, "id_no": 226, "oid": 224, "id": 226, "dpwn1": 437, "dpwn2": " ", "location": "Marengo St", "style": 1, "angle": "n", "segs": 1, "st_": "y", "street_nam": "Marengo St", "from_stree": "Salisbury St", "to_street": "Pine Park", "int_": "n", "hood": 73, "hood2": " ", "l_feet": 114, "width": 4, "steps": 25, "treads": 0, "year": 1946, "coded_": " ", "pix": " ", "comment": " ", "Shape__Length": 120.76300742658 }, "geometry": { "type": "LineString", "coordinates": [ [ -79.977024795003203, 40.419779550119102 ], [ -79.977082320611899, 40.419450983423403 ] ] } },
{ "type": "Feature", "properties": { "objectid": 106, "length": 0.0, "streets_": 0, "streets_id": 0, "code": 0, "type": 1, "id_no": 175, "oid": 173, "id": 175, "dpwn1": 536, "dpwn2": " ", "location": "Anthony St", "style": 1, "angle": "n", "segs": 2, "st_": "y", "street_nam": "Anthony St", "from_stree": "Saline St", "to_street": "Greenfield School", "int_": "y", "hood": 37, "hood2": " ", "l_feet": 527, "width": 4, "steps": 251, "treads": 330, "year": 1951, "coded_": "y", "pix": "y", "comment": "small steps at Ivondale St", "Shape__Length": 475.88117389166399 }, "geometry": { "type": "LineString", "coordinates": [ [ -79.945197654215406, 40.427808068187403 ], [ -79.944547716275693, 40.4271901140458 ], [ -79.944493580368501, 40.426678306389803 ] ] } },
{ "type": "Feature", "properties": { "objectid": 107, "length": 0.0, "streets_": 0, "streets_id": 0, "code": 0, "type": 1, "id_no": 236, "oid": 234, "id": 236, "dpwn1": 535, "dpwn2": " ", "location": "Ivondale St", "style": 1, "angle": "n", "segs": 1, "st_": "y", "street_nam": "Ivondale St", "from_stree": "Ivondale St", "to_street": "Anthony St", "int_": "y", "hood": 37, "hood2": " ", "l_feet": 0, "width": 4, "steps": 33, "treads": 0, "year": 0, "coded_": " ", "pix": "y", "comment": "last 1/2 block of Ivondale St", "Shape__Length": 30.832752794815502 }, "geometry": { "type": "LineString", "coordinates": [ [ -79.944996919666494, 40.427484158406202 ], [ -79.944895816000098, 40.4275187071677 ] ] } },
{ "type": "Feature", "properties": { "objectid": 108, "length": 0.0, "streets_": 0, "streets_id": 0, "code": 0, "type": 5, "id_no": 131, "oid": 129, "id": 131, "dpwn1": 228, "dpwn2": " ", "location": "Coleman St", "style": 5, "angle": "n", "segs": 1, "st_": "n", "street_nam": " ", "from_stree": "Alger St", "to_street": "Neeb St", "int_": "n", "hood": 37, "hood2": " ", "l_feet": 0, "width": 5, "steps": 128, "treads": 0, "year": 2000, "coded_": " ", "pix": "y", "comment": " ", "Shape__Length": 315.23762570165599 }, "geometry": { "type": "LineString", "coordinates": [ [ -79.942293294921697, 40.427350432565198 ], [ -79.941968819285194, 40.426521393484101 ] ] } },
{ "type": "Feature", "properties": { "objectid": 109, "length": 0.0, "streets_": 0, "streets_id": 0, "code": 0, "type": 5, "id_no": 130, "oid": 128, "id": 130, "dpwn1": 224, "dpwn2": " ", "location": "Hoosac St", "style": 5, "angle": "n", "segs": 1, "st_": "n", "street_nam": " ", "from_stree": "Alger St", "to_street": "Neeb St", "int_": "n", "hood": 37, "hood2": " ", "l_feet": 311, "width": 3, "steps": 45, "treads": 24, "year": 1950, "coded_": " ", "pix": "y", "comment": "new wooden steps- Alger St-steps little beyond Neeb", "Shape__Length": 380.48588434624702 }, "geometry": { "type": "LineString", "coordinates": [ [ -79.941675478010694, 40.4277076012348 ], [ -79.941254262466401, 40.426718603620102 ], [ -79.941254404385603, 40.426722973679198 ] ] } },
{ "type": "Feature", "properties": { "objectid": 110, "length": 0.0, "streets_": 0, "streets_id": 0, "code": 0, "type": 6, "id_no": 129, "oid": 127, "id": 129, "dpwn1": 229, "dpwn2": " ", "location": "Nantasket St to Neeb St", "style": 6, "angle": "n", "segs": 1, "st_": "n", "street_nam": "Nantasket St", "from_stree": "Nantasket St", "to_street": "Neeb St", "int_": "n", "hood": 37, "hood2": " ", "l_feet": 39, "width": 3, "steps": 17, "treads": 8, "year": 1980, "coded_": " ", "pix": " ", "comment": " ", "Shape__Length": 44.529969780222103 }, "geometry": { "type": "LineString", "coordinates": [ [ -79.940827032365704, 40.427714186160202 ], [ -79.940776215087197, 40.427598284242002 ] ] } },
{ "type": "Feature", "properties": { "objectid": 111, "length": 0.0, "streets_": 0, "streets_id": 0, "code": 0, "type": 3, "id_no": 161, "oid": 159, "id": 161, "dpwn1": 0, "dpwn2": " ", "location": "Nanatasket St at Neeb St", "style": 3, "angle": "n", "segs": 1, "st_": "n", "street_nam": " ", "from_stree": "Neeb St", "to_street": " ", "int_": "n", "hood": 37, "hood2": " ", "l_feet": 0, "width": 4, "steps": 7, "treads": 0, "year": 0, "coded_": " ", "pix": " ", "comment": " ", "Shape__Length": 44.529969780166503 }, "geometry": { "type": "LineString", "coordinates": [ [ -79.940915452508506, 40.427901292243099 ], [ -79.940864634937299, 40.427785390367497 ] ] } },
{ "type": "Feature", "properties": { "objectid": 112, "length": 0.0, "streets_": 0, "streets_id": 0, "code": 0, "type": 7, "id_no": 167, "oid": 165, "id": 167, "dpwn1": 227, "dpwn2": " ", "location": "Winterburn Ave at Neeb St", "style": 7, "angle": "n", "segs": 1, "st_": "n", "street_nam": " ", "from_stree": "Winterburn Ave", "to_street": " ", "int_": "n", "hood": 37, "hood2": " ", "l_feet": 20, "width": 4, "steps": 14, "treads": 20, "year": 1980, "coded_": " ", "pix": " ", "comment": " ", "Shape__Length": 47.907379056997598 }, "geometry": { "type": "LineString", "coordinates": [ [ -79.939877085397995, 40.428008439405602 ], [ -79.940041787732895, 40.427970335565597 ] ] } },
{ "type": "Feature", "properties": { "objectid": 113, "length": 0.0, "streets_": 0, "streets_id": 0, "code": 999, "type": 1, "id_no": 164, "oid": 162, "id": 164, "dpwn1": 233, "dpwn2": " ", "location": "Greenfield Ave at Magee Playgroun", "style": 1, "angle": "n", "segs": 1, "st_": "n", "street_nam": " ", "from_stree": "Greenfield Ave", "to_street": "Blanton St", "int_": "y", "hood": 37, "hood2": " ", "l_feet": 213, "width": 5, "steps": 107, "treads": 95, "year": 1931, "coded_": " ", "pix": "y", "comment": "intersects with Blanton to Minnesota steps", "Shape__Length": 195.51442679134999 }, "geometry": { "type": "LineString", "coordinates": [ [ -79.938290932975406, 40.42437072373 ], [ -79.937588825604706, 40.424359743171102 ] ] } },
{ "type": "Feature", "properties": { "objectid": 114, "length": 0.0, "streets_": 0, "streets_id": 0, "code": 0, "type": 1, "id_no": 165, "oid": 163, "id": 165, "dpwn1": 0, "dpwn2": " ", "location": "Blanton St to Minnesota St", "style": 1, "angle": "n", "segs": 1, "st_": "n", "street_nam": " ", "from_stree": "Blanton St", "to_street": "Minnesota St", "int_": "y", "hood": 37, "hood2": " ", "l_feet": 0, "width": 4, "steps": 19, "treads": 0, "year": 0, "coded_": " ", "pix": "y", "comment": "path and steps from Blanton St steps", "Shape__Length": 132.39519623556899 }, "geometry": { "type": "LineString", "coordinates": [ [ -79.938378324607399, 40.424572113384201 ], [ -79.938296705161903, 40.4243706143982 ], [ -79.938303313936302, 40.424218205483001 ] ] } },
{ "type": "Feature", "properties": { "objectid": 115, "length": 0.0, "streets_": 0, "streets_id": 0, "code": 0, "type": 4, "id_no": 166, "oid": 164, "id": 166, "dpwn1": 235, "dpwn2": " ", "location": "Exposition Way at Minnesota St", "style": 7, "angle": "n", "segs": 1, "st_": "n", "street_nam": "Exposition Way", "from_stree": "Minnesota St", "to_street": " ", "int_": "n", "hood": 37, "hood2": " ", "l_feet": 6, "width": 3, "steps": 6, "treads": 0, "year": 1990, "coded_": " ", "pix": " ", "comment": "also a few old brick and asphalt steps", "Shape__Length": 66.1505959011172 }, "geometry": { "type": "LineString", "coordinates": [ [ -79.939291377693806, 40.425299689842198 ], [ -79.939297568066195, 40.425137780809898 ], [ -79.939296180506403, 40.425127215258499 ], [ -79.939307936344903, 40.425126992489503 ] ] } },
{ "type": "Feature", "properties": { "objectid": 116, "length": 0.0, "streets_": 0, "streets_id": 0, "code": 999, "type": 1, "id_no": 168, "oid": 166, "id": 168, "dpwn1": 0, "dpwn2": " ", "location": "Monteiro St at McCaslin St", "style": 1, "angle": "n", "segs": 2, "st_": "y", "street_nam": "Monteiro St", "from_stree": "McCaslin St", "to_street": "Greenfield Ave", "int_": "n", "hood": 37, "hood2": " ", "l_feet": 0, "width": 5, "steps": 107, "treads": 0, "year": 0, "coded_": " ", "pix": " ", "comment": "abandoned steps to playground-path-steps to Grnfld", "Shape__Length": 419.52042752599999 }, "geometry": { "type": "LineString", "coordinates": [ [ -79.938420118550198, 40.426042778127901 ], [ -79.936917096889999, 40.426125176082898 ] ] } },
{ "type": "Feature", "properties": { "objectid": 117, "length": 0.0, "streets_": 0, "streets_id": 0, "code": 999, "type": 1, "id_no": 169, "oid": 167, "id": 169, "dpwn1": 0, "dpwn2": " ", "location": "Greenfield Ave at Ronald St", "style": 1, "angle": "n", "segs": 1, "st_": "n", "street_nam": " ", "from_stree": "Ronald St", "to_street": " ", "int_": "n", "hood": 37, "hood2": " ", "l_feet": 0, "width": 0, "steps": 5, "treads": 24, "year": 0, "coded_": " ", "pix": " ", "comment": "down to parking lot", "Shape__Length": 45.951495408169002 }, "geometry": { "type": "LineString", "coordinates": [ [ -79.938535830077299, 40.426346234430497 ], [ -79.938371536699194, 40.426358336118398 ] ] } },
{ "type": "Feature", "properties": { "objectid": 118, "length": 0.0, "streets_": 0, "streets_id": 0, "code": 0, "type": 4, "id_no": 163, "oid": 161, "id": 163, "dpwn1": 263, "dpwn2": " ", "location": "Monteiro St", "style": 4, "angle": "n", "segs": 1, "st_": "n", "street_nam": " ", "from_stree": "McCaslin St", "to_street": "Bryson Way", "int_": "n", "hood": 37, "hood2": " ", "l_feet": 116, "width": 4, "steps": 48, "treads": 0, "year": 1940, "coded_": " ", "pix": "y", "comment": " ", "Shape__Length": 95.034569308403405 }, "geometry": { "type": "LineString", "coordinates": [ [ -79.936757113848103, 40.426113442319703 ], [ -79.936457745972007, 40.426238791134899 ] ] } },
{ "type": "Feature", "properties": { "objectid": 119, "length": 0.0, "streets_": 0, "streets_id": 0, "code": 0, "type": 4, "id_no": 162, "oid": 160, "id": 162, "dpwn1": 559, "dpwn2": " ", "location": "Monteiro St", "style": 4, "angle": "n", "segs": 1, "st_": "n", "street_nam": " ", "from_stree": " ", "to_street": "Flemington St", "int_": "n", "hood": 37, "hood2": " ", "l_feet": 154, "width": 4, "steps": 41, "treads": 0, "year": 1989, "coded_": " ", "pix": "y", "comment": "last block of Monteiro St", "Shape__Length": 215.21047846204601 }, "geometry": { "type": "LineString", "coordinates": [ [ -79.933404864004103, 40.4273786581062 ], [ -79.932632066359602, 40.4273932598052 ] ] } },
{ "type": "Feature", "properties": { "objectid": 120, "length": 0.0, "streets_": 0, "streets_id": 0, "code": 999, "type": 13, "id_no": 74, "oid": 72, "id": 74, "dpwn1": 198, "dpwn2": " ", "location": "Murray Ave at Beechwood Blvd", "style": 13, "angle": "y", "segs": 1, "st_": "n", "street_nam": " ", "from_stree": "Beechwood Blvd", "to_street": "Murray Ave", "int_": "n", "hood": 37, "hood2": " ", "l_feet": 125, "width": 11, "steps": 88, "treads": 0, "year": 1928, "coded_": " ", "pix": " ", "comment": " ", "Shape__Length": 77.023044031988505 }, "geometry": { "type": "LineString", "coordinates": [ [ -79.927263333364493, 40.426537095849 ], [ -79.927201460206504, 40.426540755220898 ], [ -79.9270585872585, 40.426663130142899 ] ] } },
{ "type": "Feature", "properties": { "objectid": 121, "length": 0.0, "streets_": 0, "streets_id": 0, "code": 0, "type": 1, "id_no": 75, "oid": 73, "id": 75, "dpwn1": 0, "dpwn2": " ", "location": "Loretto St", "style": 11, "angle": "n", "segs": 1, "st_": "y", "street_nam": "Loretto St", "from_stree": "McCaslin St", "to_street": "Tesla St", "int_": "n", "hood": 37, "hood2": " ", "l_feet": 0, "width": 5, "steps": 22, "treads": 0, "year": 2003, "coded_": "y", "pix": " ", "comment": " ", "Shape__Length": 169.57494965073801 }, "geometry": { "type": "LineString", "coordinates": [ [ -79.937148372741007, 40.421284365665102 ], [ -79.936543736513102, 40.421228388705401 ] ] } },
{ "type": "Feature", "properties": { "objectid": 122, "length": 0.0, "streets_": 0, "streets_id": 0, "code": 0, "type": 1, "id_no": 76, "oid": 74, "id": 76, "dpwn1": 0, "dpwn2": " ", "location": "Montclair St", "style": 1, "angle": "n", "segs": 1, "st_": "y", "street_nam": "Montclair St", "from_stree": "Tesla St", "to_street": "McCaslin St", "int_": "n", "hood": 37, "hood2": " ", "l_feet": 0, "width": 2, "steps": 8, "treads": 0, "year": 0, "coded_": " ", "pix": " ", "comment": "1/4 block", "Shape__Length": 74.6790295983525 }, "geometry": { "type": "LineString", "coordinates": [ [ -79.936564667465106, 40.420059337470803 ], [ -79.936301272264998, 40.4200980337557 ] ] } },
{ "type": "Feature", "properties": { "objectid": 123, "length": 0.0, "streets_": 0, "streets_id": 0, "code": 0, "type": 4, "id_no": 187, "oid": 185, "id": 187, "dpwn1": 231, "dpwn2": "0", "location": "Alma St", "style": 4, "angle": "n", "segs": 2, "st_": "n", "street_nam": " ", "from_stree": "Haldane St", "to_street": "Stanley St", "int_": "n", "hood": 37, "hood2": " ", "l_feet": 229, "width": 4, "steps": 21, "treads": 0, "year": 1950, "coded_": " ", "pix": " ", "comment": "asphalt path and steps", "Shape__Length": 221.23649875347201 }, "geometry": { "type": "LineString", "coordinates": [ [ -79.942597774608402, 40.421576992166202 ], [ -79.943384581696805, 40.421492092407497 ] ] } },
{ "type": "Feature", "properties": { "objectid": 124, "length": 0.0, "streets_": 0, "streets_id": 0, "code": 0, "type": 1, "id_no": 55, "oid": 53, "id": 55, "dpwn1": 193, "dpwn2": " ", "location": "6557 Canton St", "style": 1, "angle": "n", "segs": 1, "st_": "n", "street_nam": " ", "from_stree": "Canton St", "to_street": "Lilac St", "int_": "n", "hood": 77, "hood2": " ", "l_feet": 111, "width": 5, "steps": 23, "treads": 0, "year": 1960, "coded_": " ", "pix": " ", "comment": "ends at end of Lilac St", "Shape__Length": 140.67575544601999 }, "geometry": { "type": "LineString", "coordinates": [ [ -79.921780172995895, 40.423770429177999 ], [ -79.921767748332499, 40.423384390310503 ] ] } },
{ "type": "Feature", "properties": { "objectid": 125, "length": 0.0, "streets_": 0, "streets_id": 0, "code": 0, "type": 1, "id_no": 56, "oid": 54, "id": 56, "dpwn1": 195, "dpwn2": " ", "location": "end of Lilac St", "style": 1, "angle": "n", "segs": 1, "st_": "n", "street_nam": " ", "from_stree": "Lilac St", "to_street": "Rosemoor St", "int_": "n", "hood": 77, "hood2": " ", "l_feet": 202, "width": 5, "steps": 32, "treads": 0, "year": 1960, "coded_": " ", "pix": " ", "comment": "starts at end of Lilac St", "Shape__Length": 217.78379925534901 }, "geometry": { "type": "LineString", "coordinates": [ [ -79.921741964453105, 40.423297085809601 ], [ -79.921676843413394, 40.422701343419803 ] ] } },
{ "type": "Feature", "properties": { "objectid": 126, "length": 0.0, "streets_": 0, "streets_id": 0, "code": 0, "type": 1, "id_no": 57, "oid": 55, "id": 57, "dpwn1": 190, "dpwn2": " ", "location": "Murdoch Rd", "style": 1, "angle": "n", "segs": 1, "st_": "y", "street_nam": "Murdoch Rd", "from_stree": "Hobart St", "to_street": "Guarino Rd", "int_": "n", "hood": 77, "hood2": " ", "l_feet": 20, "width": 4, "steps": 10, "treads": 0, "year": 1950, "coded_": " ", "pix": " ", "comment": "about 1/3 block", "Shape__Length": 95.915287804091307 }, "geometry": { "type": "LineString", "coordinates": [ [ -79.930506531279605, 40.432894170122303 ], [ -79.930498024721203, 40.432630962847803 ] ] } },
{ "type": "Feature", "properties": { "objectid": 127, "length": 0.0, "streets_": 0, "streets_id": 0, "code": 999, "type": 1, "id_no": 58, "oid": 56, "id": 58, "dpwn1": 250, "dpwn2": " ", "location": "Steelview Ave", "style": 1, "angle": "n", "segs": 1, "st_": "y", "street_nam": "Steelview Ave", "from_stree": "Brownshill Rd", "to_street": "Imogene Rd", "int_": "n", "hood": 77, "hood2": " ", "l_feet": 63, "width": 6, "steps": 43, "treads": 0, "year": 1950, "coded_": " ", "pix": " ", "comment": "check ROW", "Shape__Length": 172.765891402432 }, "geometry": { "type": "LineString", "coordinates": [ [ -79.921402040104894, 40.412733648376097 ], [ -79.921874527213205, 40.412426281744096 ] ] } },
{ "type": "Feature", "properties": { "objectid": 128, "length": 0.0, "streets_": 0, "streets_id": 0, "code": 999, "type": 1, "id_no": 24, "oid": 23, "id": 24, "dpwn1": 558, "dpwn2": " ", "location": "Linden Lane", "style": 1, "angle": "y", "segs": 1, "st_": "y", "street_nam": "Linden Lane", "from_stree": "Wilkens Ave", "to_street": "Linden Lane", "int_": "n", "hood": 63, "hood2": " ", "l_feet": 160, "width": 5, "steps": 42, "treads": 0, "year": 1947, "coded_": " ", "pix": " ", "comment": " ", "Shape__Length": 155.41662596204699 }, "geometry": { "type": "LineString", "coordinates": [ [ -79.913855332076295, 40.446905427618901 ], [ -79.913517111832206, 40.446725123268799 ], [ -79.913495005070601, 40.446614873631503 ] ] } },
{ "type": "Feature", "properties": { "objectid": 129, "length": 0.0, "streets_": 0, "streets_id": 0, "code": 999, "type": 1, "id_no": 25, "oid": 24, "id": 25, "dpwn1": 558, "dpwn2": " ", "location": "Wilkins Ave at Worth St", "style": 1, "angle": "n", "segs": 1, "st_": "n", "street_nam": " ", "from_stree": "Wilkens Ave", "to_street": "Glen Arden Dr", "int_": "n", "hood": 63, "hood2": " ", "l_feet": 109, "width": 7, "steps": 57, "treads": 0, "year": 1930, "coded_": " ", "pix": " ", "comment": " ", "Shape__Length": 209.38251171475201 }, "geometry": { "type": "LineString", "coordinates": [ [ -79.912752811189193, 40.447329633756603 ], [ -79.912575196202695, 40.446771127624103 ] ] } },
{ "type": "Feature", "properties": { "objectid": 130, "length": 0.0, "streets_": 0, "streets_id": 0, "code": 999, "type": 1, "id_no": 94, "oid": 92, "id": 94, "dpwn1": 194, "dpwn2": " ", "location": "South Dallas Ave at Edgerton St", "style": 1, "angle": "n", "segs": 1, "st_": "n", "street_nam": " ", "from_stree": "South Dallas Ave", "to_street": "Glen Arden Dr", "int_": "n", "hood": 63, "hood2": " ", "l_feet": 44, "width": 6, "steps": 30, "treads": 0, "year": 1933, "coded_": " ", "pix": " ", "comment": "long pathway to steps--follows Edgerton St align.", "Shape__Length": 332.07813650188098 }, "geometry": { "type": "LineString", "coordinates": [ [ -79.911798508614694, 40.448448220967101 ], [ -79.9107296760086, 40.448043033205103 ] ] } },
{ "type": "Feature", "properties": { "objectid": 131, "length": 0.0, "streets_": 0, "streets_id": 0, "code": 999, "type": 1, "id_no": 18, "oid": 17, "id": 18, "dpwn1": 0, "dpwn2": " ", "location": "Forbes Ave at Normlee Place", "style": 1, "angle": "y", "segs": 1, "st_": "n", "street_nam": " ", "from_stree": "Forbes Ave", "to_street": "Gladstone Rd", "int_": "n", "hood": 76, "hood2": " ", "l_feet": 0, "width": 4, "steps": 90, "treads": 0, "year": 0, "coded_": " ", "pix": " ", "comment": " ", "Shape__Length": 165.32824816619299 }, "geometry": { "type": "LineString", "coordinates": [ [ -79.936963444942805, 40.441862108440702 ], [ -79.937463385034405, 40.441617048406599 ] ] } },
{ "type": "Feature", "properties": { "objectid": 132, "length": 0.0, "streets_": 0, "streets_id": 0, "code": 0, "type": 4, "id_no": 17, "oid": 16, "id": 17, "dpwn1": 0, "dpwn2": " ", "location": "Beeler St at Olympia Way", "style": 4, "angle": "n", "segs": 1, "st_": "n", "street_nam": " ", "from_stree": "Beeler St", "to_street": " ", "int_": "n", "hood": 76, "hood2": " ", "l_feet": 0, "width": 5, "steps": 60, "treads": 0, "year": 0, "coded_": " ", "pix": " ", "comment": "ultimate sidewalk steps--up to several houses", "Shape__Length": 83.278165012772703 }, "geometry": { "type": "LineString", "coordinates": [ [ -79.934888288375205, 40.445275949354098 ], [ -79.934880886380199, 40.445047421178302 ] ] } },
{ "type": "Feature", "properties": { "objectid": 133, "length": 0.0, "streets_": 0, "streets_id": 0, "code": 999, "type": 3, "id_no": 269, "oid": 268, "id": 269, "dpwn1": 0, "dpwn2": " ", "location": "Wilkens Ave at 5th Ave", "style": 3, "angle": "n", "segs": 1, "st_": "n", "street_nam": " ", "from_stree": "5th Ave", "to_street": "Wilkens Ave", "int_": "n", "hood": 76, "hood2": " ", "l_feet": 0, "width": 5, "steps": 4, "treads": 0, "year": 0, "coded_": " ", "pix": " ", "comment": " ", "Shape__Length": 56.710424263772403 }, "geometry": { "type": "LineString", "coordinates": [ [ -79.936918610647794, 40.447752896936599 ], [ -79.936726457353998, 40.447701098115601 ] ] } },
{ "type": "Feature", "properties": { "objectid": 134, "length": 0.0, "streets_": 0, "streets_id": 0, "code": 999, "type": 1, "id_no": 342, "oid": 341, "id": 342, "dpwn1": 196, "dpwn2": " ", "location": "Devon Rd and Warrick Terrace", "style": 1, "angle": "n", "segs": 1, "st_": "n", "street_nam": " ", "from_stree": "5th Ave", "to_street": "Warrick Terrace", "int_": "n", "hood": 76, "hood2": " ", "l_feet": 245, "width": 4, "steps": 98, "treads": 0, "year": 1950, "coded_": " ", "pix": " ", "comment": "looks like private steps at 5th Ave", "Shape__Length": 246.084710287403 }, "geometry": { "type": "LineString", "coordinates": [ [ -79.940258060134894, 40.447523353347002 ], [ -79.940145603680307, 40.446853338086299 ] ] } },
{ "type": "Feature", "properties": { "objectid": 135, "length": 0.0, "streets_": 0, "streets_id": 0, "code": 999, "type": 1, "id_no": 279, "oid": 278, "id": 279, "dpwn1": 24, "dpwn2": " ", "location": "Gallatin St", "style": 1, "angle": "y", "segs": 1, "st_": "y", "street_nam": "Gallatin St", "from_stree": "Baker St", "to_street": "Witherspoon St", "int_": "n", "hood": 52, "hood2": " ", "l_feet": 133, "width": 4, "steps": 72, "treads": 0, "year": 1948, "coded_": " ", "pix": " ", "comment": " ", "Shape__Length": 115.237760937742 }, "geometry": { "type": "LineString", "coordinates": [ [ -79.921843692322796, 40.487412925171299 ], [ -79.921939519980398, 40.487105178421402 ] ] } },
{ "type": "Feature", "properties": { "objectid": 136, "length": 0.0, "streets_": 0, "streets_id": 0, "code": 999, "type": 1, "id_no": 278, "oid": 277, "id": 278, "dpwn1": 13, "dpwn2": " ", "location": "Jancey St", "style": 1, "angle": "n", "segs": 1, "st_": "y", "street_nam": "Jancey St", "from_stree": "Butler St", "to_street": "Baker St", "int_": "n", "hood": 52, "hood2": " ", "l_feet": 241, "width": 3, "steps": 137, "treads": 219, "year": 1950, "coded_": " ", "pix": " ", "comment": " ", "Shape__Length": 241.124886776903 }, "geometry": { "type": "LineString", "coordinates": [ [ -79.924341221013194, 40.488761352586799 ], [ -79.924553615168605, 40.488119643825598 ] ] } },
{ "type": "Feature", "properties": { "objectid": 137, "length": 0.0, "streets_": 0, "streets_id": 0, "code": 999, "type": 6, "id_no": 282, "oid": 281, "id": 282, "dpwn1": 32, "dpwn2": " ", "location": "Baker St", "style": 6, "angle": "n", "segs": 1, "st_": "n", "street_nam": " ", "from_stree": "Jancey St", "to_street": "Morningside Ave", "int_": "n", "hood": 52, "hood2": " ", "l_feet": 48, "width": 3, "steps": 22, "treads": 0, "year": 1950, "coded_": "y", "pix": " ", "comment": "very bad condition", "Shape__Length": 178.63956189699601 }, "geometry": { "type": "LineString", "coordinates": [ [ -79.925364880578002, 40.488222089410002 ], [ -79.924748254172798, 40.488084962899599 ] ] } },
{ "type": "Feature", "properties": { "objectid": 138, "length": 0.0, "streets_": 0, "streets_id": 0, "code": 999, "type": 1, "id_no": 120, "oid": 118, "id": 120, "dpwn1": 6, "dpwn2": " ", "location": "Dressing Way", "style": 1, "angle": "n", "segs": 1, "st_": "y", "street_nam": "Dressing Way", "from_stree": "Marietta St", "to_street": "Premo St", "int_": "n", "hood": 79, "hood2": " ", "l_feet": 154, "width": 3, "steps": 90, "treads": 0, "year": 1950, "coded_": " ", "pix": " ", "comment": " ", "Shape__Length": 147.009584214721 }, "geometry": { "type": "LineString", "coordinates": [ [ -79.928635743692794, 40.488814001931203 ], [ -79.9285878703582, 40.488412123272298 ] ] } },
{ "type": "Feature", "properties": { "objectid": 139, "length": 0.0, "streets_": 0, "streets_id": 0, "code": 999, "type": 2, "id_no": 107, "oid": 105, "id": 107, "dpwn1": 26, "dpwn2": " ", "location": "Adelphia St", "style": 2, "angle": "n", "segs": 1, "st_": "y", "street_nam": "Adelphia St", "from_stree": "Morningside Ave", "to_street": "Duffield St", "int_": "n", "hood": 52, "hood2": " ", "l_feet": 111, "width": 3, "steps": 45, "treads": 0, "year": 1940, "coded_": " ", "pix": " ", "comment": "1/2 block long from Morningside-rest is gravel", "Shape__Length": 163.46927037482899 }, "geometry": { "type": "LineString", "coordinates": [ [ -79.926598902847601, 40.487695570362902 ], [ -79.926014616262705, 40.487647243945602 ] ] } },
{ "type": "Feature", "properties": { "objectid": 140, "length": 0.0, "streets_": 0, "streets_id": 0, "code": 0, "type": 3, "id_no": 281, "oid": 280, "id": 281, "dpwn1": 28, "dpwn2": " ", "location": "Greenwood St", "style": 3, "angle": "n", "segs": 2, "st_": "n", "street_nam": " ", "from_stree": "Morningside Ave", "to_street": "Nolo Way", "int_": "n", "hood": 79, "hood2": "52", "l_feet": 376, "width": 5, "steps": 91, "treads": 0, "year": 1948, "coded_": " ", "pix": " ", "comment": " ", "Shape__Length": 365.49000520456099 }, "geometry": { "type": "LineString", "coordinates": [ [ -79.929052215644404, 40.487625757876003 ], [ -79.928100439383499, 40.486934060247798 ] ] } },
{ "type": "Feature", "properties": { "objectid": 141, "length": 0.0, "streets_": 0, "streets_id": 0, "code": 0, "type": 1, "id_no": 108, "oid": 106, "id": 108, "dpwn1": 0, "dpwn2": " ", "location": "Martha St", "style": 1, "angle": "n", "segs": 1, "st_": "y", "street_nam": "Martha St", "from_stree": "Duffield St", "to_street": "El Paso St", "int_": "n", "hood": 79, "hood2": "52", "l_feet": 247, "width": 4, "steps": 105, "treads": 0, "year": 0, "coded_": " ", "pix": " ", "comment": " ", "Shape__Length": 248.27794147439499 }, "geometry": { "type": "LineString", "coordinates": [ [ -79.929955334551394, 40.486371745075303 ], [ -79.929318337906494, 40.485894341466903 ] ] } },
{ "type": "Feature", "properties": { "objectid": 142, "length": 0.0, "streets_": 0, "streets_id": 0, "code": 999, "type": 4, "id_no": 106, "oid": 104, "id": 106, "dpwn1": 27, "dpwn2": "0", "location": "Martha St", "style": 4, "angle": "n", "segs": 2, "st_": "n", "street_nam": " ", "from_stree": "Morningside Ave", "to_street": "Duffield St", "int_": "n", "hood": 52, "hood2": " ", "l_feet": 0, "width": 4, "steps": 33, "treads": 0, "year": 1949, "coded_": " ", "pix": " ", "comment": " ", "Shape__Length": 216.67878070229699 }, "geometry": { "type": "LineString", "coordinates": [ [ -79.929162656397907, 40.485877225743799 ], [ -79.928603865988507, 40.485462827339198 ] ] } },
{ "type": "Feature", "properties": { "objectid": 143, "length": 0.0, "streets_": 0, "streets_id": 0, "code": 999, "type": 1, "id_no": 82, "oid": 80, "id": 82, "dpwn1": 12, "dpwn2": " ", "location": "Butler St at Baker St", "style": 1, "angle": "n", "segs": 1, "st_": "n", "street_nam": " ", "from_stree": "Butler St", "to_street": "Baker St", "int_": "n", "hood": 52, "hood2": " ", "l_feet": 101, "width": 5, "steps": 61, "treads": 0, "year": 1958, "coded_": " ", "pix": " ", "comment": " ", "Shape__Length": 126.091740205688 }, "geometry": { "type": "LineString", "coordinates": [ [ -79.931756649497103, 40.489214913132898 ], [ -79.931308235820595, 40.489164049670201 ] ] } },
{ "type": "Feature", "properties": { "objectid": 144, "length": 0.0, "streets_": 0, "streets_id": 0, "code": 999, "type": 2, "id_no": 83, "oid": 81, "id": 83, "dpwn1": 0, "dpwn2": "41", "location": "Butler St near 62nd St Bridge", "style": 2, "angle": "y", "segs": 1, "st_": "n", "street_nam": " ", "from_stree": "Butler St", "to_street": "Sawyer St", "int_": "n", "hood": 79, "hood2": " ", "l_feet": 0, "width": 0, "steps": 87, "treads": 0, "year": 0, "coded_": " ", "pix": " ", "comment": " ", "Shape__Length": 108.696584806611 }, "geometry": { "type": "LineString", "coordinates": [ [ -79.936760527049202, 40.488378869111997 ], [ -79.936577160404298, 40.488115384958498 ] ] } },
{ "type": "Feature", "properties": { "objectid": 145, "length": 0.0, "streets_": 0, "streets_id": 0, "code": 999, "type": 1, "id_no": 84, "oid": 82, "id": 84, "dpwn1": 11, "dpwn2": " ", "location": "Butler St near Bus turnaround", "style": 1, "angle": "n", "segs": 1, "st_": "n", "street_nam": " ", "from_stree": "Butler St", "to_street": "Sawyer St", "int_": "n", "hood": 79, "hood2": " ", "l_feet": 129, "width": 5, "steps": 87, "treads": 0, "year": 1948, "coded_": " ", "pix": " ", "comment": " ", "Shape__Length": 128.38450509331599 }, "geometry": { "type": "LineString", "coordinates": [ [ -79.940278832348795, 40.487259309270399 ], [ -79.940093528942398, 40.486936544508602 ] ] } },
{ "type": "Feature", "properties": { "objectid": 146, "length": 0.0, "streets_": 0, "streets_id": 0, "code": 999, "type": 4, "id_no": 280, "oid": 279, "id": 280, "dpwn1": 25, "dpwn2": " ", "location": "Duffield St and Morningside Ave", "style": 4, "angle": "n", "segs": 1, "st_": "n", "street_nam": " ", "from_stree": "Morningside Ave", "to_street": "Duffield St", "int_": "n", "hood": 52, "hood2": " ", "l_feet": 2, "width": 4, "steps": 2, "treads": 0, "year": 1960, "coded_": " ", "pix": " ", "comment": " ", "Shape__Length": 65.708150784274494 }, "geometry": { "type": "LineString", "coordinates": [ [ -79.931693806625105, 40.477069814587601 ], [ -79.931726870047797, 40.476891222971901 ] ] } },
{ "type": "Feature", "properties": { "objectid": 147, "length": 0.0, "streets_": 0, "streets_id": 0, "code": 999, "type": 4, "id_no": 283, "oid": 282, "id": 283, "dpwn1": 37, "dpwn2": " ", "location": "Stanton Ave and Morningside Ave", "style": 4, "angle": "n", "segs": 1, "st_": "n", "street_nam": " ", "from_stree": "Morningside Ave", "to_street": "Stanton Ave", "int_": "n", "hood": 52, "hood2": " ", "l_feet": 4, "width": 4, "steps": 4, "treads": 0, "year": 1940, "coded_": " ", "pix": " ", "comment": " ", "Shape__Length": 54.011767233198 }, "geometry": { "type": "LineString", "coordinates": [ [ -79.931919011611797, 40.475626992192403 ], [ -79.931914215255205, 40.475478776214203 ] ] } },
{ "type": "Feature", "properties": { "objectid": 148, "length": 0.0, "streets_": 0, "streets_id": 0, "code": 999, "type": 3, "id_no": 97, "oid": 95, "id": 97, "dpwn1": 176, "dpwn2": " ", "location": "Hampton St at King Ave", "style": 3, "angle": "n", "segs": 1, "st_": "n", "street_nam": " ", "from_stree": "Heaths St", "to_street": "King Ave", "int_": "n", "hood": 40, "hood2": "52", "l_feet": 197, "width": 5, "steps": 23, "treads": 0, "year": 1976, "coded_": " ", "pix": " ", "comment": " ", "Shape__Length": 306.77542673578199 }, "geometry": { "type": "LineString", "coordinates": [ [ -79.928149332778204, 40.476765875350097 ], [ -79.927147494737696, 40.4764139784441 ] ] } },
{ "type": "Feature", "properties": { "objectid": 149, "length": 0.0, "streets_": 0, "streets_id": 0, "code": 0, "type": 1, "id_no": 98, "oid": 96, "id": 98, "dpwn1": 0, "dpwn2": " ", "location": "Elgin St", "style": 1, "angle": "n", "segs": 1, "st_": "y", "street_nam": "Elgin St", "from_stree": "King Ave", "to_street": "Elgin St", "int_": "n", "hood": 40, "hood2": " ", "l_feet": 0, "width": 5, "steps": 22, "treads": 0, "year": 0, "coded_": " ", "pix": " ", "comment": "grass path with 2 sets of 11 steps", "Shape__Length": 260.88298607242598 }, "geometry": { "type": "LineString", "coordinates": [ [ -79.925768810771203, 40.478827660233101 ], [ -79.924923667132603, 40.4785172870019 ] ] } },
{ "type": "Feature", "properties": { "objectid": 150, "length": 0.0, "streets_": 0, "streets_id": 0, "code": 0, "type": 11, "id_no": 96, "oid": 94, "id": 96, "dpwn1": 0, "dpwn2": " ", "location": "Heberton St at Farmhouse Rd", "style": 11, "angle": "y", "segs": 1, "st_": "n", "street_nam": " ", "from_stree": "Farmhouse Rd", "to_street": "Bunker Hill St", "int_": "y", "hood": 40, "hood2": " ", "l_feet": 0, "width": 0, "steps": 21, "treads": 0, "year": 0, "coded_": " ", "pix": " ", "comment": "path ends in two sets of steps-sheridan and bunker", "Shape__Length": 227.106475631807 }, "geometry": { "type": "LineString", "coordinates": [ [ -79.914532636517094, 40.477896594334503 ], [ -79.913786506856994, 40.4776436094999 ] ] } },
{ "type": "Feature", "properties": { "objectid": 151, "length": 0.0, "streets_": 0, "streets_id": 0, "code": 0, "type": 1, "id_no": 85, "oid": 83, "id": 85, "dpwn1": 31, "dpwn2": " ", "location": "57th St", "style": 1, "angle": "n", "segs": 1, "st_": "y", "street_nam": "57th St", "from_stree": "Christopher St", "to_street": "Camelia St", "int_": "n", "hood": 79, "hood2": " ", "l_feet": 254, "width": 5, "steps": 345, "treads": 243, "year": 1949, "coded_": " ", "pix": " ", "comment": " ", "Shape__Length": 621.42769984924303 }, "geometry": { "type": "LineString", "coordinates": [ [ -79.944461242560493, 40.483553775792402 ], [ -79.943036577628106, 40.482239848037601 ] ] } },
{ "type": "Feature", "properties": { "objectid": 152, "length": 0.0, "streets_": 0, "streets_id": 0, "code": 0, "type": 1, "id_no": 86, "oid": 84, "id": 86, "dpwn1": 30, "dpwn2": " ", "location": "56th St", "style": 1, "angle": "n", "segs": 3, "st_": "y", "street_nam": "56th St", "from_stree": "Carnegie St", "to_street": "Duncan St", "int_": "n", "hood": 86, "hood2": " ", "l_feet": 468, "width": 5, "steps": 249, "treads": 449, "year": 1946, "coded_": " ", "pix": " ", "comment": " ", "Shape__Length": 484.10433731671401 }, "geometry": { "type": "LineString", "coordinates": [ [ -79.947406756426901, 40.483827582804302 ], [ -79.946231458104293, 40.482847527321603 ] ] } },
{ "type": "Feature", "properties": { "objectid": 153, "length": 0.0, "streets_": 0, "streets_id": 0, "code": 0, "type": 3, "id_no": 87, "oid": 85, "id": 87, "dpwn1": 29, "dpwn2": "8", "location": "Kendall St", "style": 3, "angle": "n", "segs": 2, "st_": "n", "street_nam": " ", "from_stree": "Kent St", "to_street": "Duncan St", "int_": "n", "hood": 86, "hood2": " ", "l_feet": 433, "width": 4, "steps": 163, "treads": 336, "year": 1951, "coded_": " ", "pix": " ", "comment": "stops 1/2 block above Duncan--DPW NO. 8 is part of this", "Shape__Length": 453.73474353318801 }, "geometry": { "type": "LineString", "coordinates": [ [ -79.948555881194906, 40.481978696028499 ], [ -79.947395579464697, 40.481103321160603 ] ] } },
{ "type": "Feature", "properties": { "objectid": 154, "length": 0.0, "streets_": 0, "streets_id": 0, "code": 0, "type": 2, "id_no": 88, "oid": 86, "id": 88, "dpwn1": 10, "dpwn2": " ", "location": "Duncan St", "style": 2, "angle": "n", "segs": 1, "st_": "y", "street_nam": "Duncan St", "from_stree": "Leydon St", "to_street": "Kendall St", "int_": "n", "hood": 86, "hood2": " ", "l_feet": 101, "width": 3, "steps": 43, "treads": 101, "year": 1940, "coded_": " ", "pix": " ", "comment": " ", "Shape__Length": 134.311283355321 }, "geometry": { "type": "LineString", "coordinates": [ [ -79.948178978275607, 40.481099510367301 ], [ -79.947928072949296, 40.481414502895298 ] ] } },
{ "type": "Feature", "properties": { "objectid": 155, "length": 0.0, "streets_": 0, "streets_id": 0, "code": 0, "type": 3, "id_no": 99, "oid": 97, "id": 99, "dpwn1": 0, "dpwn2": " ", "location": "Kent St", "style": 3, "angle": "n", "segs": 1, "st_": "n", "street_nam": " ", "from_stree": "54th St", "to_street": "Kendall St", "int_": "n", "hood": 86, "hood2": " ", "l_feet": 247, "width": 4, "steps": 35, "treads": 0, "year": 0, "coded_": " ", "pix": " ", "comment": " ", "Shape__Length": 277.59450876949899 }, "geometry": { "type": "LineString", "coordinates": [ [ -79.949427792182505, 40.481574335789603 ], [ -79.9486001060326, 40.4820000139322 ] ] } },
{ "type": "Feature", "properties": { "objectid": 156, "length": 0.0, "streets_": 0, "streets_id": 0, "code": 0, "type": 1, "id_no": 89, "oid": 87, "id": 89, "dpwn1": 18, "dpwn2": " ", "location": "54th St", "style": 1, "angle": "y", "segs": 1, "st_": "y", "street_nam": "54th St", "from_stree": "Wickliff St", "to_street": "Camelia St", "int_": "n", "hood": 86, "hood2": " ", "l_feet": 424, "width": 5, "steps": 188, "treads": 0, "year": 1950, "coded_": " ", "pix": " ", "comment": " ", "Shape__Length": 331.016887500385 }, "geometry": { "type": "LineString", "coordinates": [ [ -79.947565024245904, 40.480069717545497 ], [ -79.946688932090694, 40.479454839569001 ] ] } },
{ "type": "Feature", "properties": { "objectid": 157, "length": 0.0, "streets_": 0, "streets_id": 0, "code": 0, "type": 4, "id_no": 90, "oid": 88, "id": 90, "dpwn1": 0, "dpwn2": " ", "location": "Wickliff St at 54th St", "style": 4, "angle": "n", "segs": 1, "st_": "n", "street_nam": " ", "from_stree": "54th St", "to_street": "Wickliff St", "int_": "n", "hood": 86, "hood2": " ", "l_feet": 0, "width": 5, "steps": 9, "treads": 0, "year": 0, "coded_": " ", "pix": " ", "comment": "small sidewalk steps at intersection", "Shape__Length": 24.535141832186799 }, "geometry": { "type": "LineString", "coordinates": [ [ -79.947947361099907, 40.480299319711399 ], [ -79.947904310693403, 40.480240539022503 ] ] } },
{ "type": "Feature", "properties": { "objectid": 158, "length": 0.0, "streets_": 0, "streets_id": 0, "code": 0, "type": 4, "id_no": 121, "oid": 119, "id": 121, "dpwn1": 14, "dpwn2": "0", "location": "53rd St", "style": 4, "angle": "n", "segs": 2, "st_": "n", "street_nam": " ", "from_stree": "Holmes St", "to_street": "Duncan St", "int_": "n", "hood": 86, "hood2": " ", "l_feet": 204, "width": 4, "steps": 63, "treads": 0, "year": 1949, "coded_": " ", "pix": " ", "comment": " ", "Shape__Length": 236.83028181461799 }, "geometry": { "type": "LineString", "coordinates": [ [ -79.949666508861995, 40.4799965204055 ], [ -79.950276204308096, 40.480450254940202 ] ] } },
{ "type": "Feature", "properties": { "objectid": 159, "length": 0.0, "streets_": 0, "streets_id": 0, "code": 999, "type": 1, "id_no": 123, "oid": 121, "id": 123, "dpwn1": 23, "dpwn2": "556", "location": "Stanton Ave near McCandless Ave", "style": 12, "angle": "y", "segs": 1, "st_": "n", "street_nam": " ", "from_stree": "Stanton Ave", "to_street": "McCandless Ave", "int_": "n", "hood": 79, "hood2": " ", "l_feet": 106, "width": 5, "steps": 47, "treads": 0, "year": 1972, "coded_": " ", "pix": " ", "comment": "DPW NO 23 replaced steps DPW NO 556", "Shape__Length": 139.13408810111599 }, "geometry": { "type": "LineString", "coordinates": [ [ -79.947148452964299, 40.477972549231403 ], [ -79.947623344847202, 40.4778527301414 ] ] } },
{ "type": "Feature", "properties": { "objectid": 160, "length": 0.0, "streets_": 0, "streets_id": 0, "code": 0, "type": 1, "id_no": 122, "oid": 120, "id": 122, "dpwn1": 7, "dpwn2": " ", "location": "Upview Terrace", "style": 1, "angle": "n", "segs": 1, "st_": "n", "street_nam": " ", "from_stree": "Upview Terrace", "to_street": "McCandless Ave", "int_": "n", "hood": 79, "hood2": " ", "l_feet": 204, "width": 4, "steps": 79, "treads": 0, "year": 1950, "coded_": " ", "pix": " ", "comment": "McCandless near 53rd St", "Shape__Length": 165.87692311617801 }, "geometry": { "type": "LineString", "coordinates": [ [ -79.944685997246197, 40.479880652656298 ], [ -79.944226753482297, 40.479590225166 ] ] } },
{ "type": "Feature", "properties": { "objectid": 161, "length": 0.0, "streets_": 0, "streets_id": 0, "code": 0, "type": 1, "id_no": 348, "oid": 347, "id": 348, "dpwn1": 20, "dpwn2": " ", "location": "Breesport Rd", "style": 1, "angle": "n", "segs": 1, "st_": "n", "street_nam": " ", "from_stree": "Breesport Rd", "to_street": "Ft Pitt School", "int_": "n", "hood": 35, "hood2": " ", "l_feet": 61, "width": 5, "steps": 21, "treads": 0, "year": 1954, "coded_": " ", "pix": " ", "comment": "abandoned", "Shape__Length": 176.91142930556799 }, "geometry": { "type": "LineString", "coordinates": [ [ -79.942561656413403, 40.470265667717101 ], [ -79.942313981700295, 40.469818401504199 ] ] } },
{ "type": "Feature", "properties": { "objectid": 162, "length": 0.0, "streets_": 0, "streets_id": 0, "code": 0, "type": 1, "id_no": 335, "oid": 334, "id": 335, "dpwn1": 0, "dpwn2": "0", "location": "N Winebiddle St", "style": 1, "angle": "n", "segs": 2, "st_": "y", "street_nam": "N Winebiddle St", "from_stree": "Rosetta St", "to_street": "Hillcrest St", "int_": "n", "hood": 35, "hood2": " ", "l_feet": 0, "width": 4, "steps": 88, "treads": 0, "year": 0, "coded_": " ", "pix": " ", "comment": " ", "Shape__Length": 244.558522750501 }, "geometry": { "type": "LineString", "coordinates": [ [ -79.942147712489103, 40.468013701646797 ], [ -79.941989852389398, 40.468674095917201 ] ] } },
{ "type": "Feature", "properties": { "objectid": 163, "length": 0.0, "streets_": 0, "streets_id": 0, "code": 0, "type": 5, "id_no": 336, "oid": 335, "id": 336, "dpwn1": 0, "dpwn2": "43", "location": "N Winebiddle St", "style": 5, "angle": "n", "segs": 2, "st_": "n", "street_nam": " ", "from_stree": "Kincaid St", "to_street": "Rosetta St", "int_": "n", "hood": 35, "hood2": " ", "l_feet": 235, "width": 4, "steps": 180, "treads": 219, "year": 1944, "coded_": " ", "pix": " ", "comment": " ", "Shape__Length": 272.193604927536 }, "geometry": { "type": "LineString", "coordinates": [ [ -79.942337852518307, 40.467243128006501 ], [ -79.942128455954403, 40.467972979221301 ] ] } },
{ "type": "Feature", "properties": { "objectid": 164, "length": 0.0, "streets_": 0, "streets_id": 0, "code": 0, "type": 1, "id_no": 339, "oid": 338, "id": 339, "dpwn1": 42, "dpwn2": " ", "location": "N Evaline St", "style": 1, "angle": "n", "segs": 2, "st_": "y", "street_nam": "N  Evaline St", "from_stree": "Rosetta St", "to_street": "Hillcrest St", "int_": "n", "hood": 35, "hood2": " ", "l_feet": 0, "width": 3, "steps": 60, "treads": 0, "year": 1948, "coded_": " ", "pix": " ", "comment": " ", "Shape__Length": 243.59017218646201 }, "geometry": { "type": "LineString", "coordinates": [ [ -79.940314228489498, 40.468431937534497 ], [ -79.940454182819593, 40.467771885094201 ] ] } },
{ "type": "Feature", "properties": { "objectid": 165, "length": 0.0, "streets_": 0, "streets_id": 0, "code": 0, "type": 5, "id_no": 334, "oid": 333, "id": 334, "dpwn1": 0, "dpwn2": " ", "location": "N Evaline St", "style": 5, "angle": "n", "segs": 1, "st_": "y", "street_nam": "N Evaline St", "from_stree": "Brown Way", "to_street": "Rosetta St", "int_": "n", "hood": 35, "hood2": " ", "l_feet": 0, "width": 5, "steps": 110, "treads": 0, "year": 0, "coded_": " ", "pix": " ", "comment": "no street--double steps", "Shape__Length": 157.49368689868899 }, "geometry": { "type": "LineString", "coordinates": [ [ -79.940547484184506, 40.467331849996697 ], [ -79.940453738204596, 40.467758197668502 ] ] } },
{ "type": "Feature", "properties": { "objectid": 166, "length": 0.0, "streets_": 0, "streets_id": 0, "code": 0, "type": 5, "id_no": 333, "oid": 332, "id": 333, "dpwn1": 0, "dpwn2": " ", "location": "N Evaline St", "style": 5, "angle": "n", "segs": 1, "st_": "n", "street_nam": " ", "from_stree": "Kincaid St", "to_street": "Brown Way", "int_": "n", "hood": 35, "hood2": " ", "l_feet": 0, "width": 5, "steps": 58, "treads": 0, "year": 1948, "coded_": " ", "pix": " ", "comment": " ", "Shape__Length": 123.39321554138699 }, "geometry": { "type": "LineString", "coordinates": [ [ -79.940644786164, 40.467015001632497 ], [ -79.940547928815803, 40.4673455374231 ] ] } },
{ "type": "Feature", "properties": { "objectid": 167, "length": 0.0, "streets_": 0, "streets_id": 0, "code": 0, "type": 1, "id_no": 331, "oid": 330, "id": 331, "dpwn1": 0, "dpwn2": " ", "location": "N Pacific Ave", "style": 1, "angle": "n", "segs": 1, "st_": "y", "street_nam": "N Pacific Ave", "from_stree": "Jordan Way", "to_street": "Kincaid St", "int_": "n", "hood": 35, "hood2": " ", "l_feet": 105, "width": 5, "steps": 23, "treads": 0, "year": 0, "coded_": " ", "pix": " ", "comment": " ", "Shape__Length": 116.44311687884201 }, "geometry": { "type": "LineString", "coordinates": [ [ -79.939622964959597, 40.466472830151901 ], [ -79.939561501668194, 40.466788998829401 ] ] } },
{ "type": "Feature", "properties": { "objectid": 168, "length": 0.0, "streets_": 0, "streets_id": 0, "code": 0, "type": 4, "id_no": 332, "oid": 331, "id": 332, "dpwn1": 21, "dpwn2": " ", "location": "N Pacific Ave", "style": 4, "angle": "n", "segs": 1, "st_": "n", "street_nam": " ", "from_stree": "Kincaid St", "to_street": "Broad Way", "int_": "n", "hood": 35, "hood2": " ", "l_feet": 107, "width": 5, "steps": 27, "treads": 0, "year": 1950, "coded_": " ", "pix": " ", "comment": " ", "Shape__Length": 112.53159172696699 }, "geometry": { "type": "LineString", "coordinates": [ [ -79.939412208209504, 40.467161614256597 ], [ -79.9394920383223, 40.466858793691898 ] ] } },
{ "type": "Feature", "properties": { "objectid": 169, "length": 0.0, "streets_": 0, "streets_id": 0, "code": 0, "type": 4, "id_no": 330, "oid": 329, "id": 330, "dpwn1": 38, "dpwn2": " ", "location": "Fannel St", "style": 4, "angle": "n", "segs": 1, "st_": "n", "street_nam": " ", "from_stree": "Hillcrest St", "to_street": "Columbo St", "int_": "n", "hood": 35, "hood2": " ", "l_feet": 347, "width": 4, "steps": 122, "treads": 0, "year": 1949, "coded_": " ", "pix": "y", "comment": "magnificent", "Shape__Length": 336.85702347907397 }, "geometry": { "type": "LineString", "coordinates": [ [ -79.935899078026694, 40.468871594625902 ], [ -79.936428029290994, 40.468039842146602 ] ] } },
{ "type": "Feature", "properties": { "objectid": 170, "length": 0.0, "streets_": 0, "streets_id": 0, "code": 0, "type": 10, "id_no": 337, "oid": 336, "id": 337, "dpwn1": 0, "dpwn2": " ", "location": "Rosetta St", "style": 10, "angle": "n", "segs": 1, "st_": "n", "street_nam": "Rosetta St", "from_stree": "N  Evaline St", "to_street": "N  Winebiddle St", "int_": "n", "hood": 35, "hood2": " ", "l_feet": 0, "width": 4, "steps": 98, "treads": 0, "year": 0, "coded_": " ", "pix": " ", "comment": " ", "Shape__Length": 213.25718215372299 }, "geometry": { "type": "LineString", "coordinates": [ [ -79.942073356154907, 40.467932936439198 ], [ -79.941317088609694, 40.467837707081102 ] ] } },
{ "type": "Feature", "properties": { "objectid": 171, "length": 0.0, "streets_": 0, "streets_id": 0, "code": 0, "type": 9, "id_no": 338, "oid": 337, "id": 338, "dpwn1": 0, "dpwn2": " ", "location": "Rosetta St", "style": 9, "angle": "n", "segs": 1, "st_": "n", "street_nam": "Rosetta St", "from_stree": "N  Winebiddle St", "to_street": "N  Milvale", "int_": "n", "hood": 35, "hood2": " ", "l_feet": 0, "width": 4, "steps": 146, "treads": 0, "year": 0, "coded_": " ", "pix": " ", "comment": "first half lower sw--second raised", "Shape__Length": 314.98737379739902 }, "geometry": { "type": "LineString", "coordinates": [ [ -79.942257022407603, 40.468066412276201 ], [ -79.943373508652499, 40.4682095852543 ] ] } },
{ "type": "Feature", "properties": { "objectid": 172, "length": 0.0, "streets_": 0, "streets_id": 0, "code": 0, "type": 2, "id_no": 341, "oid": 340, "id": 341, "dpwn1": 22, "dpwn2": " ", "location": "Elora Way", "style": 2, "angle": "n", "segs": 1, "st_": "y", "street_nam": "Elora Way", "from_stree": "Jordan Way", "to_street": "Kincaid St", "int_": "n", "hood": 35, "hood2": " ", "l_feet": 12, "width": 3, "steps": 7, "treads": 7, "year": 1950, "coded_": " ", "pix": " ", "comment": "rotted", "Shape__Length": 62.497895987268997 }, "geometry": { "type": "LineString", "coordinates": [ [ -79.936079603701103, 40.466142710192699 ], [ -79.936182249777801, 40.465990114882203 ] ] } },
{ "type": "Feature", "properties": { "objectid": 173, "length": 0.0, "streets_": 0, "streets_id": 0, "code": 999, "type": 12, "id_no": 28, "oid": 27, "id": 28, "dpwn1": 33, "dpwn2": " ", "location": "Downing St", "style": 12, "angle": "n", "segs": 1, "st_": "y", "street_nam": "Downing St", "from_stree": "Herron Ave", "to_street": "Hancock St", "int_": "n", "hood": 65, "hood2": " ", "l_feet": 129, "width": 4, "steps": 81, "treads": 109, "year": 1948, "coded_": "y", "pix": " ", "comment": " ", "Shape__Length": 188.765486611808 }, "geometry": { "type": "LineString", "coordinates": [ [ -79.966391844781498, 40.458628212627701 ], [ -79.965844223138006, 40.458861722361902 ], [ -79.965820190136, 40.4588272010106 ] ] } },
{ "type": "Feature", "properties": { "objectid": 174, "length": 0.0, "streets_": 0, "streets_id": 0, "code": 999, "type": 1, "id_no": 26, "oid": 25, "id": 26, "dpwn1": 530, "dpwn2": " ", "location": "Harding St", "style": 1, "angle": "n", "segs": 1, "st_": "y", "street_nam": "Harding St", "from_stree": "Herron Ave", "to_street": "Dobson St", "int_": "n", "hood": 65, "hood2": " ", "l_feet": 143, "width": 5, "steps": 80, "treads": 143, "year": 1949, "coded_": " ", "pix": " ", "comment": " ", "Shape__Length": 140.43494570985399 }, "geometry": { "type": "LineString", "coordinates": [ [ -79.965012421616706, 40.458058096046798 ], [ -79.965284642249401, 40.4583826993182 ] ] } },
{ "type": "Feature", "properties": { "objectid": 175, "length": 0.0, "streets_": 0, "streets_id": 0, "code": 0, "type": 4, "id_no": 32, "oid": 31, "id": 32, "dpwn1": 0, "dpwn2": " ", "location": "Flavian St at Jewel St (steps)", "style": 4, "angle": "n", "segs": 1, "st_": "n", "street_nam": " ", "from_stree": " ", "to_street": " ", "int_": "y", "hood": 65, "hood2": " ", "l_feet": 0, "width": 0, "steps": 13, "treads": 0, "year": 0, "coded_": " ", "pix": " ", "comment": "short flight near connecting Jewel st steps", "Shape__Length": 23.3765682564371 }, "geometry": { "type": "LineString", "coordinates": [ [ -79.963294966544396, 40.459134051510802 ], [ -79.963317377443303, 40.459195894444797 ] ] } },
{ "type": "Feature", "properties": { "objectid": 176, "length": 0.0, "streets_": 0, "streets_id": 0, "code": 999, "type": 3, "id_no": 35, "oid": 34, "id": 35, "dpwn1": 1, "dpwn2": " ", "location": "Harding St", "style": 3, "angle": "n", "segs": 1, "st_": "n", "street_nam": " ", "from_stree": "Dobson St", "to_street": "Fleetwood Way", "int_": "n", "hood": 65, "hood2": " ", "l_feet": 271, "width": 3, "steps": 53, "treads": 0, "year": 1944, "coded_": " ", "pix": " ", "comment": " ", "Shape__Length": 103.51218568828099 }, "geometry": { "type": "LineString", "coordinates": [ [ -79.964853084325995, 40.457966811987497 ], [ -79.964656254613999, 40.457725709009097 ] ] } },
{ "type": "Feature", "properties": { "objectid": 177, "length": 0.0, "streets_": 0, "streets_id": 0, "code": 999, "type": 1, "id_no": 100, "oid": 98, "id": 100, "dpwn1": 0, "dpwn2": "1", "location": "Harding St", "style": 1, "angle": "n", "segs": 1, "st_": "y", "street_nam": "Harding St", "from_stree": "Fleetwood Way", "to_street": "Herron Ave", "int_": "n", "hood": 65, "hood2": " ", "l_feet": 0, "width": 3, "steps": 53, "treads": 0, "year": 0, "coded_": " ", "pix": " ", "comment": " ", "Shape__Length": 125.886672685912 }, "geometry": { "type": "LineString", "coordinates": [ [ -79.964612143129301, 40.457660997235102 ], [ -79.9643381635493, 40.457386021815502 ] ] } },
{ "type": "Feature", "properties": { "objectid": 178, "length": 0.0, "streets_": 0, "streets_id": 0, "code": 0, "type": 1, "id_no": 39, "oid": 37, "id": 39, "dpwn1": 0, "dpwn2": " ", "location": "Croessus Way", "style": 1, "angle": "n", "segs": 1, "st_": "y", "street_nam": "Croessus Way", "from_stree": "East Busway", "to_street": "Flavian St", "int_": "n", "hood": 65, "hood2": " ", "l_feet": 0, "width": 0, "steps": 54, "treads": 0, "year": 0, "coded_": " ", "pix": " ", "comment": "abandoned", "Shape__Length": 162.354085371439 }, "geometry": { "type": "LineString", "coordinates": [ [ -79.961632911045001, 40.459414952072002 ], [ -79.961890601323105, 40.459814789493898 ] ] } },
{ "type": "Feature", "properties": { "objectid": 179, "length": 0.0, "streets_": 0, "streets_id": 0, "code": 999, "type": 13, "id_no": 37, "oid": 35, "id": 37, "dpwn1": 34, "dpwn2": " ", "location": "Harding Way", "style": 13, "angle": "n", "segs": 1, "st_": "y", "street_nam": "Harding Way", "from_stree": "Harding Way", "to_street": "Bigelow Blvd", "int_": "n", "hood": 65, "hood2": " ", "l_feet": 31, "width": 3, "steps": 27, "treads": 27, "year": 1949, "coded_": " ", "pix": " ", "comment": " ", "Shape__Length": 31.784596901000501 }, "geometry": { "type": "LineString", "coordinates": [ [ -79.963707718485907, 40.456806512863501 ], [ -79.963622376576396, 40.456748525044503 ] ] } },
{ "type": "Feature", "properties": { "objectid": 180, "length": 0.0, "streets_": 0, "streets_id": 0, "code": 999, "type": 1, "id_no": 38, "oid": 36, "id": 38, "dpwn1": 5, "dpwn2": " ", "location": "Harding Way", "style": 1, "angle": "n", "segs": 1, "st_": "y", "street_nam": "Harding Way", "from_stree": "Bigelow Blvd", "to_street": "Ridgway St", "int_": "n", "hood": 65, "hood2": " ", "l_feet": 106, "width": 5, "steps": 71, "treads": 100, "year": 1944, "coded_": "y", "pix": " ", "comment": " ", "Shape__Length": 144.88148403401601 }, "geometry": { "type": "LineString", "coordinates": [ [ -79.963518280704704, 40.456623324550598 ], [ -79.963242267565306, 40.456286113511503 ] ] } },
{ "type": "Feature", "properties": { "objectid": 181, "length": 0.0, "streets_": 0, "streets_id": 0, "code": 999, "type": 4, "id_no": 29, "oid": 28, "id": 29, "dpwn1": 4, "dpwn2": " ", "location": "Brereton St", "style": 4, "angle": "n", "segs": 1, "st_": "n", "street_nam": " ", "from_stree": "Brereton St", "to_street": "Herron Ave", "int_": "n", "hood": 65, "hood2": " ", "l_feet": 12, "width": 4, "steps": 7, "treads": 0, "year": 1940, "coded_": " ", "pix": " ", "comment": " ", "Shape__Length": 89.941188866598907 }, "geometry": { "type": "LineString", "coordinates": [ [ -79.965555041007605, 40.456680886798999 ], [ -79.965232748284706, 40.4566994554636 ] ] } },
{ "type": "Feature", "properties": { "objectid": 182, "length": 0.0, "streets_": 0, "streets_id": 0, "code": 999, "type": 1, "id_no": 27, "oid": 26, "id": 27, "dpwn1": 524, "dpwn2": "3", "location": "Brereton St to Paulowna St", "style": 1, "angle": "n", "segs": 1, "st_": "n", "street_nam": " ", "from_stree": "Brereton St", "to_street": "Paulowna St", "int_": "n", "hood": 65, "hood2": " ", "l_feet": 106, "width": 5, "steps": 60, "treads": 0, "year": 1950, "coded_": " ", "pix": " ", "comment": "Brereton St opposite Dobson--rt angle to Brereton", "Shape__Length": 272.143228476925 }, "geometry": { "type": "LineString", "coordinates": [ [ -79.967369316404501, 40.456596215980603 ], [ -79.967344764105206, 40.4558494211146 ] ] } },
{ "type": "Feature", "properties": { "objectid": 183, "length": 0.0, "streets_": 0, "streets_id": 0, "code": 999, "type": 1, "id_no": 33, "oid": 32, "id": 33, "dpwn1": 40, "dpwn2": " ", "location": "Hancock St", "style": 1, "angle": "n", "segs": 1, "st_": "y", "street_nam": "Hancock St", "from_stree": "Herron Ave", "to_street": "Bigelow Blvd", "int_": "n", "hood": 65, "hood2": " ", "l_feet": 162, "width": 4, "steps": 50, "treads": 0, "year": 1952, "coded_": " ", "pix": " ", "comment": " ", "Shape__Length": 163.664003805633 }, "geometry": { "type": "LineString", "coordinates": [ [ -79.965040015560206, 40.456686384851601 ], [ -79.964730638315203, 40.4563043086752 ] ] } },
{ "type": "Feature", "properties": { "objectid": 184, "length": 0.0, "streets_": 0, "streets_id": 0, "code": 999, "type": 3, "id_no": 34, "oid": 33, "id": 34, "dpwn1": 269, "dpwn2": " ", "location": "Herron Ave at Bigelow Blvd", "style": 3, "angle": "n", "segs": 1, "st_": "n", "street_nam": " ", "from_stree": "Herron Ave", "to_street": "Bigelow Blvd", "int_": "n", "hood": 65, "hood2": " ", "l_feet": 38, "width": 6, "steps": 38, "treads": 0, "year": 1970, "coded_": " ", "pix": " ", "comment": " ", "Shape__Length": 53.223656657997601 }, "geometry": { "type": "LineString", "coordinates": [ [ -79.965680670749506, 40.4559744645073 ], [ -79.965797075745101, 40.455858541318101 ] ] } },
{ "type": "Feature", "properties": { "objectid": 185, "length": 0.0, "streets_": 0, "streets_id": 0, "code": 999, "type": 1, "id_no": 41, "oid": 39, "id": 41, "dpwn1": 17, "dpwn2": " ", "location": "Finland St", "style": 1, "angle": "n", "segs": 1, "st_": "y", "street_nam": "Finland St", "from_stree": "Bigelow Blvd", "to_street": "Ridgway St", "int_": "n", "hood": 65, "hood2": " ", "l_feet": 218, "width": 4, "steps": 109, "treads": 120, "year": 1945, "coded_": " ", "pix": " ", "comment": " ", "Shape__Length": 71.040518314637694 }, "geometry": { "type": "LineString", "coordinates": [ [ -79.960461133348005, 40.457864997770997 ], [ -79.960333315582204, 40.457696193980603 ] ] } },
{ "type": "Feature", "properties": { "objectid": 186, "length": 0.0, "streets_": 0, "streets_id": 0, "code": 999, "type": 1, "id_no": 30, "oid": 29, "id": 30, "dpwn1": 39, "dpwn2": " ", "location": "Apollo St", "style": 1, "angle": "n", "segs": 1, "st_": "y", "street_nam": "Apollo St", "from_stree": "Melwood Ave", "to_street": "Bethoven St", "int_": "n", "hood": 65, "hood2": " ", "l_feet": 193, "width": 4, "steps": 98, "treads": 0, "year": 1947, "coded_": " ", "pix": " ", "comment": " ", "Shape__Length": 202.84358616354501 }, "geometry": { "type": "LineString", "coordinates": [ [ -79.958976342244696, 40.459823813934001 ], [ -79.958634137586102, 40.459332177261999 ] ] } },
{ "type": "Feature", "properties": { "objectid": 187, "length": 0.0, "streets_": 0, "streets_id": 0, "code": 0, "type": 1, "id_no": 46, "oid": 44, "id": 46, "dpwn1": 216, "dpwn2": " ", "location": "Colmar St", "style": 1, "angle": "n", "segs": 1, "st_": "y", "street_nam": "Colmar St", "from_stree": "Bernhardt Way", "to_street": "Balboa St", "int_": "n", "hood": 85, "hood2": " ", "l_feet": 375, "width": 4, "steps": 47, "treads": 0, "year": 1949, "coded_": " ", "pix": " ", "comment": "ends at Lisbon and Balboa sts", "Shape__Length": 138.95850080831201 }, "geometry": { "type": "LineString", "coordinates": [ [ -79.957751937141893, 40.4577015766938 ], [ -79.958166145755897, 40.457488527260999 ] ] } },
{ "type": "Feature", "properties": { "objectid": 188, "length": 0.0, "streets_": 0, "streets_id": 0, "code": 0, "type": 2, "id_no": 47, "oid": 45, "id": 47, "dpwn1": 213, "dpwn2": " ", "location": "Harry St", "style": 2, "angle": "n", "segs": 1, "st_": "y", "street_nam": "Harry St", "from_stree": "Bernhardt Way", "to_street": "Lisbon St", "int_": "n", "hood": 85, "hood2": " ", "l_feet": 0, "width": 3, "steps": 41, "treads": 0, "year": 1950, "coded_": " ", "pix": "y", "comment": " ", "Shape__Length": 110.73957933964201 }, "geometry": { "type": "LineString", "coordinates": [ [ -79.956974616296407, 40.457199923961397 ], [ -79.957314292850697, 40.457041554716398 ] ] } },
{ "type": "Feature", "properties": { "objectid": 189, "length": 0.0, "streets_": 0, "streets_id": 0, "code": 0, "type": 3, "id_no": 266, "oid": 265, "id": 266, "dpwn1": 0, "dpwn2": " ", "location": "N Craig St at Bigelow Blvd", "style": 3, "angle": "n", "segs": 1, "st_": "n", "street_nam": " ", "from_stree": "N Craig St", "to_street": "Bigelow Blvd", "int_": "n", "hood": 56, "hood2": " ", "l_feet": 0, "width": 5, "steps": 7, "treads": 0, "year": 0, "coded_": " ", "pix": " ", "comment": " ", "Shape__Length": 68.506648772773701 }, "geometry": { "type": "LineString", "coordinates": [ [ -79.954932754171907, 40.456460493067802 ], [ -79.954825320604797, 40.456291294608903 ] ] } },
{ "type": "Feature", "properties": { "objectid": 190, "length": 0.0, "streets_": 0, "streets_id": 0, "code": 999, "type": 1, "id_no": 237, "oid": 236, "id": 237, "dpwn1": 243, "dpwn2": " ", "location": "Byron St", "style": 1, "angle": "n", "segs": 1, "st_": "y", "street_nam": "Byron St", "from_stree": "Melwood Ave", "to_street": "Gold St", "int_": "n", "hood": 56, "hood2": " ", "l_feet": 97, "width": 4, "steps": 14, "treads": 83, "year": 1949, "coded_": " ", "pix": " ", "comment": "severly overgrown", "Shape__Length": 110.084701795218 }, "geometry": { "type": "LineString", "coordinates": [ [ -79.954756931503496, 40.457174672381697 ], [ -79.954436637817295, 40.457352029086401 ] ] } },
{ "type": "Feature", "properties": { "objectid": 191, "length": 0.0, "streets_": 0, "streets_id": 0, "code": 999, "type": 1, "id_no": 265, "oid": 264, "id": 265, "dpwn1": 0, "dpwn2": " ", "location": "N Craig St near Bigelow Blvd", "style": 1, "angle": "n", "segs": 1, "st_": "n", "street_nam": " ", "from_stree": "Gold St", "to_street": "N Craig St", "int_": "n", "hood": 56, "hood2": " ", "l_feet": 0, "width": 3, "steps": 28, "treads": 0, "year": 0, "coded_": " ", "pix": " ", "comment": " ", "Shape__Length": 68.506648772648504 }, "geometry": { "type": "LineString", "coordinates": [ [ -79.953631861349606, 40.454694983903401 ], [ -79.953410363216904, 40.454777046521201 ] ] } },
{ "type": "Feature", "properties": { "objectid": 192, "length": 0.0, "streets_": 0, "streets_id": 0, "code": 0, "type": 1, "id_no": 44, "oid": 42, "id": 44, "dpwn1": 529, "dpwn2": "247", "location": "Alpena St", "style": 1, "angle": "n", "segs": 1, "st_": "y", "street_nam": "Alpena St", "from_stree": "Bigelow Blvd", "to_street": "Andover Terrace", "int_": "n", "hood": 85, "hood2": " ", "l_feet": 0, "width": 4, "steps": 47, "treads": 0, "year": 1937, "coded_": " ", "pix": " ", "comment": " ", "Shape__Length": 203.23937890310401 }, "geometry": { "type": "LineString", "coordinates": [ [ -79.954488354083395, 40.453464348393801 ], [ -79.954186439356903, 40.452956362795099 ] ] } },
{ "type": "Feature", "properties": { "objectid": 193, "length": 0.0, "streets_": 0, "streets_id": 0, "code": 0, "type": 4, "id_no": 48, "oid": 46, "id": 48, "dpwn1": 247, "dpwn2": "529", "location": "Alpena St", "style": 4, "angle": "n", "segs": 1, "st_": "n", "street_nam": " ", "from_stree": "Andover Terrace", "to_street": "Dakota St", "int_": "n", "hood": 85, "hood2": " ", "l_feet": 0, "width": 4, "steps": 18, "treads": 0, "year": 0, "coded_": " ", "pix": " ", "comment": " ", "Shape__Length": 354.97627578623002 }, "geometry": { "type": "LineString", "coordinates": [ [ -79.955728172873705, 40.453985574425602 ], [ -79.954573381247698, 40.453571702564801 ] ] } },
{ "type": "Feature", "properties": { "objectid": 194, "length": 0.0, "streets_": 0, "streets_id": 0, "code": 999, "type": 1, "id_no": 104, "oid": 102, "id": 104, "dpwn1": 0, "dpwn2": " ", "location": "Centre Ave at Bigelow Blvd", "style": 1, "angle": "y", "segs": 1, "st_": "n", "street_nam": " ", "from_stree": "Bigelow Blvd", "to_street": "Schenley Farms Terrace", "int_": "y", "hood": 85, "hood2": " ", "l_feet": 0, "width": 6, "steps": 49, "treads": 0, "year": 0, "coded_": " ", "pix": " ", "comment": "elaborate-stone wall steps-two sets", "Shape__Length": 43.1787725078919 }, "geometry": { "type": "LineString", "coordinates": [ [ -79.955120824955898, 40.450992540185602 ], [ -79.954976736403097, 40.4509485851978 ] ] } },
{ "type": "Feature", "properties": { "objectid": 195, "length": 0.0, "streets_": 0, "streets_id": 0, "code": 0, "type": 4, "id_no": 267, "oid": 266, "id": 267, "dpwn1": 0, "dpwn2": " ", "location": "Andover Terrace at Bryn Mar Rd", "style": 4, "angle": "n", "segs": 1, "st_": "n", "street_nam": " ", "from_stree": "Andover Terrace", "to_street": "Bryn Mar Rd", "int_": "n", "hood": 85, "hood2": " ", "l_feet": 0, "width": 5, "steps": 4, "treads": 0, "year": 0, "coded_": " ", "pix": " ", "comment": " ", "Shape__Length": 84.285415492760293 }, "geometry": { "type": "LineString", "coordinates": [ [ -79.956934937842803, 40.450381897773397 ], [ -79.956736877902102, 40.450556927661999 ] ] } },
{ "type": "Feature", "properties": { "objectid": 196, "length": 0.0, "streets_": 0, "streets_id": 0, "code": 0, "type": 3, "id_no": 268, "oid": 267, "id": 268, "dpwn1": 0, "dpwn2": " ", "location": "Bryn Mar at Andover Terrace", "style": 3, "angle": "n", "segs": 1, "st_": "n", "street_nam": " ", "from_stree": "Andover Terrace", "to_street": " ", "int_": "n", "hood": 85, "hood2": " ", "l_feet": 0, "width": 5, "steps": 36, "treads": 0, "year": 0, "coded_": " ", "pix": " ", "comment": " ", "Shape__Length": 180.18431460107499 }, "geometry": { "type": "LineString", "coordinates": [ [ -79.957163035693895, 40.4505020860733 ], [ -79.957289813905007, 40.450017056584997 ] ] } },
{ "type": "Feature", "properties": { "objectid": 197, "length": 0.0, "streets_": 0, "streets_id": 0, "code": 0, "type": 1, "id_no": 43, "oid": 41, "id": 43, "dpwn1": 241, "dpwn2": " ", "location": "Bryn Mar Rd near Lyons St", "style": 1, "angle": "n", "segs": 1, "st_": "n", "street_nam": " ", "from_stree": "Bryn Mar Rd", "to_street": "Clarissa St", "int_": "n", "hood": 85, "hood2": " ", "l_feet": 215, "width": 5, "steps": 69, "treads": 0, "year": 1949, "coded_": " ", "pix": " ", "comment": " ", "Shape__Length": 228.55092212866001 }, "geometry": { "type": "LineString", "coordinates": [ [ -79.9609166229137, 40.452758305315399 ], [ -79.960527137509501, 40.453310635688702 ] ] } },
{ "type": "Feature", "properties": { "objectid": 198, "length": 0.0, "streets_": 0, "streets_id": 0, "code": 0, "type": 1, "id_no": 42, "oid": 40, "id": 42, "dpwn1": 202, "dpwn2": " ", "location": "Orion Way", "style": 1, "angle": "n", "segs": 1, "st_": "y", "street_nam": "Orion Way", "from_stree": "Monroe St", "to_street": "Webster Ave", "int_": "n", "hood": 85, "hood2": " ", "l_feet": 0, "width": 5, "steps": 126, "treads": 0, "year": 0, "coded_": "y", "pix": " ", "comment": " ", "Shape__Length": 296.83206472041098 }, "geometry": { "type": "LineString", "coordinates": [ [ -79.962447881593803, 40.455678600968497 ], [ -79.961915223296202, 40.454972666716799 ] ] } },
{ "type": "Feature", "properties": { "objectid": 199, "length": 0.0, "streets_": 0, "streets_id": 0, "code": 999, "type": 4, "id_no": 50, "oid": 48, "id": 50, "dpwn1": 0, "dpwn2": " ", "location": "Herron Ave at Bedford Ave", "style": 4, "angle": "n", "segs": 1, "st_": "n", "street_nam": " ", "from_stree": "Herron Ave", "to_street": "Bedford Ave", "int_": "n", "hood": 7, "hood2": " ", "l_feet": 0, "width": 4, "steps": 13, "treads": 0, "year": 0, "coded_": " ", "pix": " ", "comment": "small set of steps", "Shape__Length": 47.8809035762512 }, "geometry": { "type": "LineString", "coordinates": [ [ -79.9652960175343, 40.452977751432002 ], [ -79.965124112609999, 40.452972300637597 ] ] } },
{ "type": "Feature", "properties": { "objectid": 200, "length": 0.0, "streets_": 0, "streets_id": 0, "code": 999, "type": 3, "id_no": 101, "oid": 99, "id": 101, "dpwn1": 215, "dpwn2": " ", "location": "Herron Ave at Wylie Ave", "style": 3, "angle": "n", "segs": 1, "st_": "n", "street_nam": " ", "from_stree": "Herron Ave", "to_street": "Wylie Ave", "int_": "n", "hood": 51, "hood2": " ", "l_feet": 0, "width": 4, "steps": 12, "treads": 0, "year": 0, "coded_": " ", "pix": " ", "comment": " ", "Shape__Length": 55.839582479064603 }, "geometry": { "type": "LineString", "coordinates": [ [ -79.965301802516194, 40.4507355739769 ], [ -79.9651205526132, 40.450801320103402 ] ] } },
{ "type": "Feature", "properties": { "objectid": 201, "length": 0.0, "streets_": 0, "streets_id": 0, "code": 0, "type": 3, "id_no": 102, "oid": 100, "id": 102, "dpwn1": 0, "dpwn2": " ", "location": "Shawnee St", "style": 3, "angle": "n", "segs": 1, "st_": "n", "street_nam": " ", "from_stree": "Ossipee St", "to_street": "Lyon St", "int_": "n", "hood": 85, "hood2": " ", "l_feet": 0, "width": 3, "steps": 50, "treads": 0, "year": 0, "coded_": " ", "pix": " ", "comment": " ", "Shape__Length": 639.40019485853497 }, "geometry": { "type": "LineString", "coordinates": [ [ -79.963480436210702, 40.451377123966601 ], [ -79.961200815126801, 40.451158394138297 ] ] } },
{ "type": "Feature", "properties": { "objectid": 202, "length": 0.0, "streets_": 0, "streets_id": 0, "code": 999, "type": 1, "id_no": 49, "oid": 47, "id": 49, "dpwn1": 242, "dpwn2": " ", "location": "Iowa St", "style": 1, "angle": "n", "segs": 1, "st_": "y", "street_nam": "Iowa St", "from_stree": "Centre Ave", "to_street": "Ewart St", "int_": "n", "hood": 85, "hood2": " ", "l_feet": 60, "width": 5, "steps": 52, "treads": 0, "year": 1950, "coded_": "y", "pix": " ", "comment": " ", "Shape__Length": 101.421793081825 }, "geometry": { "type": "LineString", "coordinates": [ [ -79.958854384625397, 40.44863274763 ], [ -79.959009155184006, 40.448380701150498 ] ] } },
{ "type": "Feature", "properties": { "objectid": 203, "length": 0.0, "streets_": 0, "streets_id": 0, "code": 999, "type": 1, "id_no": 65, "oid": 63, "id": 65, "dpwn1": 245, "dpwn2": " ", "location": "Iowa St", "style": 1, "angle": "n", "segs": 1, "st_": "n", "street_nam": "Iowa St", "from_stree": "Centre Ave", "to_street": "Avalaon St", "int_": "n", "hood": 83, "hood2": " ", "l_feet": 62, "width": 5, "steps": 50, "treads": 0, "year": 1950, "coded_": " ", "pix": " ", "comment": " ", "Shape__Length": 68.506648772677394 }, "geometry": { "type": "LineString", "coordinates": [ [ -79.959168001037597, 40.448253120727301 ], [ -79.959264221917294, 40.448080033146297 ] ] } },
{ "type": "Feature", "properties": { "objectid": 204, "length": 0.0, "streets_": 0, "streets_id": 0, "code": 0, "type": 1, "id_no": 105, "oid": 103, "id": 105, "dpwn1": 0, "dpwn2": " ", "location": "University Dr to Allequippa St", "style": 1, "angle": "n", "segs": 1, "st_": "n", "street_nam": " ", "from_stree": "University Dr", "to_street": "Allequippa St", "int_": "n", "hood": 56, "hood2": " ", "l_feet": 0, "width": 4, "steps": 23, "treads": 0, "year": 0, "coded_": " ", "pix": " ", "comment": "in line with Avalon St", "Shape__Length": 46.753136512860102 }, "geometry": { "type": "LineString", "coordinates": [ [ -79.958996926731004, 40.448007302310501 ], [ -79.958832986340596, 40.447979299643002 ] ] } },
{ "type": "Feature", "properties": { "objectid": 205, "length": 0.0, "streets_": 0, "streets_id": 0, "code": 999, "type": 1, "id_no": 40, "oid": 38, "id": 40, "dpwn1": 16, "dpwn2": " ", "location": "30th St", "style": 1, "angle": "n", "segs": 1, "st_": "y", "street_nam": "30th St", "from_stree": "Paulowna St", "to_street": "Bigelow Blvd", "int_": "n", "hood": 65, "hood2": " ", "l_feet": 204, "width": 4, "steps": 85, "treads": 0, "year": 1948, "coded_": " ", "pix": " ", "comment": " ", "Shape__Length": 289.65201153781697 }, "geometry": { "type": "LineString", "coordinates": [ [ -79.969132495757506, 40.455674999650803 ], [ -79.968440411961694, 40.4550811312088 ] ] } },
{ "type": "Feature", "properties": { "objectid": 206, "length": 0.0, "streets_": 0, "streets_id": 0, "code": 999, "type": 1, "id_no": 45, "oid": 43, "id": 45, "dpwn1": 2, "dpwn2": " ", "location": "30th St", "style": 1, "angle": "n", "segs": 1, "st_": "y", "street_nam": "30th St", "from_stree": "Bigelow Blvd", "to_street": "Leander St", "int_": "n", "hood": 7, "hood2": " ", "l_feet": 106, "width": 4, "steps": 106, "treads": 106, "year": 1948, "coded_": " ", "pix": " ", "comment": " ", "Shape__Length": 77.115585339094395 }, "geometry": { "type": "LineString", "coordinates": [ [ -79.968313602938395, 40.454943452609697 ], [ -79.968145036722802, 40.4547754391495 ] ] } },
{ "type": "Feature", "properties": { "objectid": 207, "length": 0.0, "streets_": 0, "streets_id": 0, "code": 0, "type": 1, "id_no": 51, "oid": 49, "id": 51, "dpwn1": 199, "dpwn2": " ", "location": "Junilla St", "style": 1, "angle": "n", "segs": 1, "st_": "y", "street_nam": "Junilla St", "from_stree": "Verdant Way", "to_street": "Webster Ave", "int_": "n", "hood": 51, "hood2": " ", "l_feet": 101, "width": 4, "steps": 32, "treads": 86, "year": 1948, "coded_": " ", "pix": " ", "comment": " ", "Shape__Length": 134.31767088042699 }, "geometry": { "type": "LineString", "coordinates": [ [ -79.972497870538703, 40.449569926469401 ], [ -79.972321950261204, 40.449226591829998 ] ] } },
{ "type": "Feature", "properties": { "objectid": 208, "length": 0.0, "streets_": 0, "streets_id": 0, "code": 999, "type": 1, "id_no": 242, "oid": 241, "id": 242, "dpwn1": 212, "dpwn2": " ", "location": "Morgan St", "style": 1, "angle": "n", "segs": 1, "st_": "y", "street_nam": "Morgan St", "from_stree": "Centre Ave", "to_street": "Elba St", "int_": "n", "hood": 51, "hood2": " ", "l_feet": 138, "width": 5, "steps": 54, "treads": 0, "year": 1951, "coded_": " ", "pix": " ", "comment": " ", "Shape__Length": 132.844160125847 }, "geometry": { "type": "LineString", "coordinates": [ [ -79.966925610750593, 40.4480578688934 ], [ -79.966610930606294, 40.447783679691398 ] ] } },
{ "type": "Feature", "properties": { "objectid": 209, "length": 0.0, "streets_": 0, "streets_id": 0, "code": 999, "type": 1, "id_no": 52, "oid": 50, "id": 52, "dpwn1": 204, "dpwn2": " ", "location": "Watt St", "style": 1, "angle": "n", "segs": 1, "st_": "y", "street_nam": "Watt St", "from_stree": "Centre Ave", "to_street": "Elba St", "int_": "n", "hood": 51, "hood2": " ", "l_feet": 160, "width": 4, "steps": 63, "treads": 56, "year": 1947, "coded_": " ", "pix": " ", "comment": " ", "Shape__Length": 200.932153784017 }, "geometry": { "type": "LineString", "coordinates": [ [ -79.968836335244205, 40.446971622481897 ], [ -79.9684237273582, 40.446519019345502 ] ] } },
{ "type": "Feature", "properties": { "objectid": 210, "length": 0.0, "streets_": 0, "streets_id": 0, "code": 999, "type": 1, "id_no": 243, "oid": 242, "id": 243, "dpwn1": 201, "dpwn2": " ", "location": "Junilla St", "style": 1, "angle": "n", "segs": 1, "st_": "y", "street_nam": "Junilla St", "from_stree": "Centre Ave", "to_street": "Elba St", "int_": "n", "hood": 51, "hood2": " ", "l_feet": 213, "width": 6, "steps": 106, "treads": 0, "year": 1911, "coded_": " ", "pix": " ", "comment": " ", "Shape__Length": 234.931603425444 }, "geometry": { "type": "LineString", "coordinates": [ [ -79.970696886390499, 40.446241840973997 ], [ -79.970391809192805, 40.445640547630198 ] ] } },
{ "type": "Feature", "properties": { "objectid": 211, "length": 0.0, "streets_": 0, "streets_id": 0, "code": 999, "type": 1, "id_no": 53, "oid": 51, "id": 53, "dpwn1": 246, "dpwn2": " ", "location": "Ewarts Way", "style": 1, "angle": "n", "segs": 1, "st_": "y", "street_nam": "Ewarts Way", "from_stree": "Centre Ave", "to_street": "Breckenridge St", "int_": "n", "hood": 83, "hood2": " ", "l_feet": 79, "width": 5, "steps": 56, "treads": 0, "year": 1947, "coded_": " ", "pix": " ", "comment": " ", "Shape__Length": 227.705478088863 }, "geometry": { "type": "LineString", "coordinates": [ [ -79.968897637631699, 40.4460584472466 ], [ -79.968613453365705, 40.445472316440203 ] ] } },
{ "type": "Feature", "properties": { "objectid": 212, "length": 0.0, "streets_": 0, "streets_id": 0, "code": 999, "type": 1, "id_no": 241, "oid": 240, "id": 241, "dpwn1": 200, "dpwn2": "0", "location": "Chauncey St", "style": 1, "angle": "n", "segs": 2, "st_": "y", "street_nam": "Chauncey St", "from_stree": "Centre Ave", "to_street": "Mahon St", "int_": "n", "hood": 51, "hood2": " ", "l_feet": 100, "width": 5, "steps": 60, "treads": 0, "year": 0, "coded_": " ", "pix": " ", "comment": " ", "Shape__Length": 370.22427660997101 }, "geometry": { "type": "LineString", "coordinates": [ [ -79.972912666169805, 40.446697421457998 ], [ -79.972271996076998, 40.445806793543603 ] ] } },
{ "type": "Feature", "properties": { "objectid": 213, "length": 0.0, "streets_": 0, "streets_id": 0, "code": 0, "type": 1, "id_no": 64, "oid": 62, "id": 64, "dpwn1": 244, "dpwn2": " ", "location": "Warring Court", "style": 1, "angle": "n", "segs": 1, "st_": "n", "street_nam": " ", "from_stree": "Kennard Field", "to_street": "Warring Court", "int_": "n", "hood": 83, "hood2": " ", "l_feet": 72, "width": 4, "steps": 51, "treads": 0, "year": 1950, "coded_": " ", "pix": " ", "comment": " ", "Shape__Length": 153.08056601835401 }, "geometry": { "type": "LineString", "coordinates": [ [ -79.971919246658302, 40.443758588201703 ], [ -79.971369423402095, 40.443769158186697 ] ] } },
{ "type": "Feature", "properties": { "objectid": 214, "length": 0.0, "streets_": 0, "streets_id": 0, "code": 0, "type": 4, "id_no": 238, "oid": 237, "id": 238, "dpwn1": 271, "dpwn2": " ", "location": "Whitridge St", "style": 4, "angle": "n", "segs": 1, "st_": "n", "street_nam": " ", "from_stree": "Ellers St", "to_street": "Allequippa St", "int_": "n", "hood": 88, "hood2": " ", "l_feet": 16, "width": 5, "steps": 13, "treads": 0, "year": 1970, "coded_": " ", "pix": " ", "comment": " ", "Shape__Length": 85.358335026151494 }, "geometry": { "type": "LineString", "coordinates": [ [ -79.967832410021501, 40.441157616400197 ], [ -79.967779038929095, 40.440926883723897 ] ] } },
{ "type": "Feature", "properties": { "objectid": 215, "length": 0.0, "streets_": 0, "streets_id": 0, "code": 999, "type": 1, "id_no": 77, "oid": 75, "id": 77, "dpwn1": 210, "dpwn2": " ", "location": "Mohawk St", "style": 1, "angle": "n", "segs": 1, "st_": "y", "street_nam": "Mohawk St", "from_stree": "5th Ave", "to_street": "Beelen St", "int_": "n", "hood": 88, "hood2": " ", "l_feet": 85, "width": 5, "steps": 77, "treads": 0, "year": 1949, "coded_": " ", "pix": " ", "comment": " ", "Shape__Length": 96.384060085645004 }, "geometry": { "type": "LineString", "coordinates": [ [ -79.971206255890195, 40.437576191538703 ], [ -79.971361467236093, 40.437339686306302 ] ] } },
{ "type": "Feature", "properties": { "objectid": 216, "length": 0.0, "streets_": 0, "streets_id": 0, "code": 0, "type": 2, "id_no": 159, "oid": 157, "id": 159, "dpwn1": 239, "dpwn2": " ", "location": "Rising Way", "style": 2, "angle": "n", "segs": 1, "st_": "y", "street_nam": "Rising Way", "from_stree": "5th Ave", "to_street": "De Raud St", "int_": "n", "hood": 88, "hood2": " ", "l_feet": 53, "width": 3, "steps": 55, "treads": 0, "year": 1990, "coded_": " ", "pix": " ", "comment": " ", "Shape__Length": 113.958566555144 }, "geometry": { "type": "LineString", "coordinates": [ [ -79.975433147789602, 40.438475655259701 ], [ -79.975463607384697, 40.438163706185598 ] ] } },
{ "type": "Feature", "properties": { "objectid": 217, "length": 0.0, "streets_": 0, "streets_id": 0, "code": 0, "type": 1, "id_no": 244, "oid": 243, "id": 244, "dpwn1": 209, "dpwn2": " ", "location": "Lombard St", "style": 1, "angle": "n", "segs": 1, "st_": "y", "street_nam": "Lombard St", "from_stree": "Diaz Way", "to_street": "Lombard St", "int_": "n", "hood": 24, "hood2": " ", "l_feet": 43, "width": 5, "steps": 28, "treads": 0, "year": 1968, "coded_": " ", "pix": " ", "comment": " ", "Shape__Length": 39.687554152915297 }, "geometry": { "type": "LineString", "coordinates": [ [ -79.978806985203093, 40.439453695498301 ], [ -79.978803387074507, 40.439344787952699 ] ] } },
{ "type": "Feature", "properties": { "objectid": 218, "length": 0.0, "streets_": 0, "streets_id": 0, "code": 0, "type": 1, "id_no": 239, "oid": 238, "id": 239, "dpwn1": 207, "dpwn2": " ", "location": "Lombard St", "style": 1, "angle": "n", "segs": 2, "st_": "y", "street_nam": "Lombard St", "from_stree": "Colwell St", "to_street": "Diaz Way", "int_": "n", "hood": 24, "hood2": " ", "l_feet": 114, "width": 3, "steps": 25, "treads": 0, "year": 1930, "coded_": " ", "pix": " ", "comment": " ", "Shape__Length": 119.197577700168 }, "geometry": { "type": "LineString", "coordinates": [ [ -79.978771716400004, 40.439002899820203 ], [ -79.978802873057106, 40.439329229731797 ] ] } },
{ "type": "Feature", "properties": { "objectid": 219, "length": 0.0, "streets_": 0, "streets_id": 0, "code": 0, "type": 1, "id_no": 240, "oid": 239, "id": 240, "dpwn1": 208, "dpwn2": " ", "location": "Wick St", "style": 1, "angle": "n", "segs": 1, "st_": "y", "street_nam": "Wick St", "from_stree": "Colwell St", "to_street": "Diaz Way", "int_": "n", "hood": 24, "hood2": " ", "l_feet": 53, "width": 4, "steps": 35, "treads": 0, "year": 1940, "coded_": " ", "pix": " ", "comment": " ", "Shape__Length": 126.777241352218 }, "geometry": { "type": "LineString", "coordinates": [ [ -79.979700877275803, 40.439374178462401 ], [ -79.979771013785594, 40.439030326057498 ] ] } },
{ "type": "Feature", "properties": { "objectid": 220, "length": 0.0, "streets_": 0, "streets_id": 0, "code": 0, "type": 1, "id_no": 276, "oid": 275, "id": 276, "dpwn1": 525, "dpwn2": " ", "location": "Maurice St", "style": 1, "angle": "n", "segs": 1, "st_": "y", "street_nam": "Maurice St", "from_stree": "Forbes Ave", "to_street": "Maurice St", "int_": "n", "hood": 70, "hood2": " ", "l_feet": 212, "width": 12, "steps": 48, "treads": 0, "year": 1944, "coded_": " ", "pix": " ", "comment": "from Second Ave-under Bike path, Parkway ends in field", "Shape__Length": 188.36909536208299 }, "geometry": { "type": "LineString", "coordinates": [ [ -79.965114783787001, 40.436310411364097 ], [ -79.965131756065105, 40.4368273216677 ] ] } },
{ "type": "Feature", "properties": { "objectid": 221, "length": 0.0, "streets_": 0, "streets_id": 0, "code": 0, "type": 4, "id_no": 118, "oid": 116, "id": 118, "dpwn1": 0, "dpwn2": " ", "location": "Hamlet St", "style": 4, "angle": "n", "segs": 1, "st_": "n", "street_nam": " ", "from_stree": "Lawn St", "to_street": "Ophellia St", "int_": "n", "hood": 70, "hood2": " ", "l_feet": 0, "width": 5, "steps": 15, "treads": 0, "year": 0, "coded_": " ", "pix": " ", "comment": " ", "Shape__Length": 213.14463578621601 }, "geometry": { "type": "LineString", "coordinates": [ [ -79.963230163716105, 40.435027773181297 ], [ -79.963585127925299, 40.434509359280398 ] ] } },
{ "type": "Feature", "properties": { "objectid": 222, "length": 0.0, "streets_": 0, "streets_id": 0, "code": 0, "type": 2, "id_no": 289, "oid": 288, "id": 289, "dpwn1": 220, "dpwn2": " ", "location": "Mackey St", "style": 2, "angle": "y", "segs": 1, "st_": "n", "street_nam": " ", "from_stree": "Mackey St", "to_street": "Lawn St", "int_": "n", "hood": 70, "hood2": " ", "l_feet": 25, "width": 3, "steps": 28, "treads": 0, "year": 1940, "coded_": " ", "pix": " ", "comment": " ", "Shape__Length": 40.694405932938899 }, "geometry": { "type": "LineString", "coordinates": [ [ -79.959933021090293, 40.432729584573998 ], [ -79.959861824554096, 40.432827147188398 ] ] } },
{ "type": "Feature", "properties": { "objectid": 223, "length": 0.0, "streets_": 0, "streets_id": 0, "code": 0, "type": 4, "id_no": 285, "oid": 284, "id": 285, "dpwn1": 221, "dpwn2": " ", "location": "Hodge St and Mackey St", "style": 4, "angle": "n", "segs": 1, "st_": "n", "street_nam": " ", "from_stree": "Hodge St", "to_street": "Mackey St", "int_": "n", "hood": 70, "hood2": " ", "l_feet": 108, "width": 3, "steps": 18, "treads": 0, "year": 1950, "coded_": " ", "pix": " ", "comment": " ", "Shape__Length": 167.32206833056301 }, "geometry": { "type": "LineString", "coordinates": [ [ -79.959138839185101, 40.433816099608997 ], [ -79.959007874943097, 40.433836094500002 ], [ -79.958858609073701, 40.4338214569675 ], [ -79.958764100925293, 40.433731435483502 ], [ -79.9587542330014, 40.433604813866097 ] ] } },
{ "type": "Feature", "properties": { "objectid": 224, "length": 0.0, "streets_": 0, "streets_id": 0, "code": 0, "type": 4, "id_no": 286, "oid": 285, "id": 286, "dpwn1": 217, "dpwn2": " ", "location": "Hodge St", "style": 4, "angle": "n", "segs": 1, "st_": "n", "street_nam": " ", "from_stree": "Hodge St", "to_street": "end", "int_": "n", "hood": 70, "hood2": " ", "l_feet": 158, "width": 4, "steps": 26, "treads": 25, "year": 1945, "coded_": " ", "pix": " ", "comment": " ", "Shape__Length": 100.22603355363501 }, "geometry": { "type": "LineString", "coordinates": [ [ -79.959206435970302, 40.432734733499302 ], [ -79.959457489118606, 40.432537531305798 ] ] } },
{ "type": "Feature", "properties": { "objectid": 225, "length": 0.0, "streets_": 0, "streets_id": 0, "code": 999, "type": 2, "id_no": 284, "oid": 283, "id": 284, "dpwn1": 218, "dpwn2": " ", "location": "Bates St near Frazier St", "style": 2, "angle": "n", "segs": 1, "st_": "n", "street_nam": " ", "from_stree": "Hodge St", "to_street": "Bates St", "int_": "n", "hood": 70, "hood2": " ", "l_feet": 77, "width": 4, "steps": 32, "treads": 52, "year": 1960, "coded_": " ", "pix": " ", "comment": "cement at Bates St end", "Shape__Length": 109.499140717898 }, "geometry": { "type": "LineString", "coordinates": [ [ -79.958854540369899, 40.433080270030203 ], [ -79.958484483197296, 40.432978367267701 ] ] } },
{ "type": "Feature", "properties": { "objectid": 226, "length": 0.0, "streets_": 0, "streets_id": 0, "code": 0, "type": 1, "id_no": 288, "oid": 287, "id": 288, "dpwn1": 222, "dpwn2": "0", "location": "Romeo St", "style": 1, "angle": "n", "segs": 2, "st_": "y", "street_nam": "Romeo St", "from_stree": "Frazier St", "to_street": "Cato St", "int_": "y", "hood": 70, "hood2": " ", "l_feet": 224, "width": 5, "steps": 94, "treads": 0, "year": 1947, "coded_": "y", "pix": "y", "comment": " ", "Shape__Length": 335.66055348136598 }, "geometry": { "type": "LineString", "coordinates": [ [ -79.957416058448203, 40.433325712848998 ], [ -79.957712811306706, 40.432432663909601 ] ] } },
{ "type": "Feature", "properties": { "objectid": 227, "length": 0.0, "streets_": 0, "streets_id": 0, "code": 0, "type": 2, "id_no": 290, "oid": 289, "id": 290, "dpwn1": 226, "dpwn2": " ", "location": "Wakefield St", "style": 2, "angle": "n", "segs": 1, "st_": "y", "street_nam": "Wakefield St", "from_stree": "66 Wakefield St", "to_street": " ", "int_": "n", "hood": 70, "hood2": " ", "l_feet": 87, "width": 3, "steps": 47, "treads": 87, "year": 1950, "coded_": " ", "pix": " ", "comment": "in terrible shape", "Shape__Length": 80.580875185317694 }, "geometry": { "type": "LineString", "coordinates": [ [ -79.956130841528406, 40.430158807461503 ], [ -79.955942007794306, 40.429991164244299 ] ] } },
{ "type": "Feature", "properties": { "objectid": 228, "length": 0.0, "streets_": 0, "streets_id": 0, "code": 0, "type": 1, "id_no": 277, "oid": 276, "id": 277, "dpwn1": 225, "dpwn2": " ", "location": "10 Wakefiled St", "style": 2, "angle": "n", "segs": 1, "st_": "y", "street_nam": "Wakefiled St", "from_stree": "10 Wakefiled St", "to_street": " ", "int_": "n", "hood": 70, "hood2": " ", "l_feet": 53, "width": 3, "steps": 8, "treads": 0, "year": 1950, "coded_": " ", "pix": " ", "comment": " ", "Shape__Length": 64.144774103234894 }, "geometry": { "type": "LineString", "coordinates": [ [ -79.957176824549194, 40.4309950742282 ], [ -79.957009872666603, 40.430873718861299 ] ] } },
{ "type": "Feature", "properties": { "objectid": 229, "length": 0.0, "streets_": 0, "streets_id": 0, "code": 999, "type": 1, "id_no": 23, "oid": 22, "id": 23, "dpwn1": 248, "dpwn2": " ", "location": "Louisa St", "style": 1, "angle": "n", "segs": 1, "st_": "y", "street_nam": "Louisa St", "from_stree": "Coltart Ave", "to_street": "McKee Place", "int_": "n", "hood": 20, "hood2": " ", "l_feet": 52, "width": 5, "steps": 34, "treads": 0, "year": 1984, "coded_": " ", "pix": " ", "comment": "1/3 block", "Shape__Length": 104.54319140396299 }, "geometry": { "type": "LineString", "coordinates": [ [ -79.958062565349906, 40.4381394564343 ], [ -79.958341524718904, 40.437947309063901 ] ] } },
{ "type": "Feature", "properties": { "objectid": 230, "length": 0.0, "streets_": 0, "streets_id": 0, "code": 999, "type": 1, "id_no": 20, "oid": 19, "id": 20, "dpwn1": 526, "dpwn2": " ", "location": "Diulus Way", "style": 1, "angle": "y", "segs": 1, "st_": "y", "street_nam": "Diulius Way", "from_stree": "Boundary St", "to_street": "Bouquet St", "int_": "n", "hood": 20, "hood2": " ", "l_feet": 199, "width": 4, "steps": 99, "treads": 0, "year": 1949, "coded_": " ", "pix": " ", "comment": " ", "Shape__Length": 280.374450801904 }, "geometry": { "type": "LineString", "coordinates": [ [ -79.951546081177995, 40.439221431211102 ], [ -79.951034921574504, 40.439161390945202 ], [ -79.950585969385401, 40.439311610952103 ] ] } },
{ "type": "Feature", "properties": { "objectid": 231, "length": 0.0, "streets_": 0, "streets_id": 0, "code": 999, "type": 3, "id_no": 22, "oid": 21, "id": 22, "dpwn1": 0, "dpwn2": " ", "location": "Yarrow St", "style": 3, "angle": "n", "segs": 1, "st_": "n", "street_nam": "Yarrow St", "from_stree": "Boundary St", "to_street": "Yarrow Way", "int_": "n", "hood": 20, "hood2": " ", "l_feet": 0, "width": 5, "steps": 19, "treads": 0, "year": 0, "coded_": " ", "pix": " ", "comment": " ", "Shape__Length": 96.217161154996305 }, "geometry": { "type": "LineString", "coordinates": [ [ -79.951140303104694, 40.4395480991599 ], [ -79.950902042071405, 40.439739453450002 ] ] } },
{ "type": "Feature", "properties": { "objectid": 232, "length": 0.0, "streets_": 0, "streets_id": 0, "code": 0, "type": 1, "id_no": 36, "oid": 235, "id": 36, "dpwn1": 0, "dpwn2": " ", "location": "Isis Way", "style": 1, "angle": "n", "segs": 1, "st_": "y", "street_nam": "Isis Way", "from_stree": "Yarrow Way", "to_street": "Bouquet St", "int_": "n", "hood": 20, "hood2": " ", "l_feet": 0, "width": 4, "steps": 62, "treads": 0, "year": 0, "coded_": " ", "pix": " ", "comment": "check ROW", "Shape__Length": 106.314639162292 }, "geometry": { "type": "LineString", "coordinates": [ [ -79.951593889080598, 40.439734903579797 ], [ -79.951813012275394, 40.439495871989202 ] ] } },
{ "type": "Feature", "properties": { "objectid": 233, "length": 0.0, "streets_": 0, "streets_id": 0, "code": 0, "type": 1, "id_no": 54, "oid": 52, "id": 54, "dpwn1": 203, "dpwn2": " ", "location": "Francis St", "style": 1, "angle": "n", "segs": 1, "st_": "y", "street_nam": "Francis St", "from_stree": "Centennial Way", "to_street": "Webster Ave", "int_": "n", "hood": 51, "hood2": " ", "l_feet": 76, "width": 5, "steps": 46, "treads": 0, "year": 1950, "coded_": " ", "pix": " ", "comment": " ", "Shape__Length": 242.38203967530501 }, "geometry": { "type": "LineString", "coordinates": [ [ -79.969759024103496, 40.450749950377499 ], [ -79.969503455936106, 40.450324273479502 ], [ -79.969639724885198, 40.450183254150303 ], [ -79.969659336329102, 40.450167499468897 ] ] } },
{ "type": "Feature", "properties": { "objectid": 234, "length": 0.0, "streets_": 0, "streets_id": 0, "code": 999, "type": 1, "id_no": 31, "oid": 30, "id": 31, "dpwn1": 15, "dpwn2": "36", "location": "Jewel St", "style": 1, "angle": "y", "segs": 1, "st_": "y", "street_nam": "Jewel St", "from_stree": "Flavian St", "to_street": "Melwood Ave", "int_": "y", "hood": 65, "hood2": " ", "l_feet": 0, "width": 4, "steps": 163, "treads": 0, "year": 0, "coded_": " ", "pix": " ", "comment": "starts at Flavian St has branch at alley between Flavia", "Shape__Length": 687.54094589840599 }, "geometry": { "type": "MultiLineString", "coordinates": [ [ [ -79.9633021299679, 40.459117373668697 ], [ -79.963550810936198, 40.4590358130475 ], [ -79.963301878089197, 40.459109698690902 ], [ -79.963520415105606, 40.459028715318702 ], [ -79.963298828426602, 40.458710403747503 ], [ -79.963010963832204, 40.458823433573798 ] ], [ [ -79.963550810936198, 40.4590358130475 ], [ -79.9631387902092, 40.458429312861803 ] ] ] } },
{ "type": "Feature", "properties": { "objectid": 235, "length": 0.0, "streets_": 0, "streets_id": 0, "code": 999, "type": 1, "id_no": 73, "oid": 71, "id": 73, "dpwn1": 159, "dpwn2": " ", "location": "Vinial St", "style": 1, "angle": "n", "segs": 1, "st_": "n", "street_nam": " ", "from_stree": "Vinial St", "to_street": "Province St", "int_": "n", "hood": 84, "hood2": " ", "l_feet": 237, "width": 4, "steps": 177, "treads": 0, "year": 0, "coded_": "y", "pix": "y", "comment": "Kurner Way?--check ROW", "Shape__Length": 365.03803008537102 }, "geometry": { "type": "LineString", "coordinates": [ [ -79.992890165471906, 40.457472959976997 ], [ -79.992513898042404, 40.458034499737501 ], [ -79.992035862820501, 40.458101292912701 ] ] } },
{ "type": "Feature", "properties": { "objectid": 236, "length": 0.0, "streets_": 0, "streets_id": 0, "code": 0, "type": 1, "id_no": 72, "oid": 70, "id": 72, "dpwn1": 145, "dpwn2": " ", "location": "Basin St", "style": 1, "angle": "y", "segs": 1, "st_": "y", "street_nam": "Basin St", "from_stree": "Province St", "to_street": "Goettman St", "int_": "n", "hood": 84, "hood2": " ", "l_feet": 278, "width": 4, "steps": 93, "treads": 29, "year": 1950, "coded_": " ", "pix": " ", "comment": " ", "Shape__Length": 389.96777687372798 }, "geometry": { "type": "LineString", "coordinates": [ [ -79.989801441403898, 40.458195065982899 ], [ -79.9896579416273, 40.457833615732604 ], [ -79.990519309413401, 40.457616831627298 ] ] } },
{ "type": "Feature", "properties": { "objectid": 237, "length": 0.0, "streets_": 0, "streets_id": 0, "code": 0, "type": 1, "id_no": 71, "oid": 69, "id": 71, "dpwn1": 157, "dpwn2": " ", "location": "Basin St", "style": 1, "angle": "n", "segs": 1, "st_": "y", "street_nam": "Basin St", "from_stree": "Voskamp  St", "to_street": "Brabec St", "int_": "n", "hood": 74, "hood2": "84", "l_feet": 345, "width": 5, "steps": 188, "treads": 26, "year": 1950, "coded_": " ", "pix": " ", "comment": " ", "Shape__Length": 363.77689627873002 }, "geometry": { "type": "LineString", "coordinates": [ [ -79.990252860700807, 40.459605345364203 ], [ -79.989915319252006, 40.458640641303703 ] ] } },
{ "type": "Feature", "properties": { "objectid": 238, "length": 0.0, "streets_": 0, "streets_id": 0, "code": 0, "type": 1, "id_no": 70, "oid": 68, "id": 70, "dpwn1": 162, "dpwn2": " ", "location": "Rothlein Way", "style": 1, "angle": "n", "segs": 1, "st_": "y", "street_nam": "Rothlein Way", "from_stree": "Welser Way", "to_street": "Voskamp St", "int_": "n", "hood": 74, "hood2": " ", "l_feet": 96, "width": 5, "steps": 40, "treads": 0, "year": 1982, "coded_": "y", "pix": " ", "comment": " ", "Shape__Length": 109.189852709306 }, "geometry": { "type": "LineString", "coordinates": [ [ -79.9924568372859, 40.459587836627001 ], [ -79.992348180044701, 40.459299832067401 ] ] } },
{ "type": "Feature", "properties": { "objectid": 239, "length": 0.0, "streets_": 0, "streets_id": 0, "code": 0, "type": 1, "id_no": 60, "oid": 58, "id": 60, "dpwn1": 0, "dpwn2": " ", "location": "Tell St", "style": 1, "angle": "n", "segs": 1, "st_": "y", "street_nam": "Tell St", "from_stree": "Tell St", "to_street": "Voskamp St", "int_": "n", "hood": 74, "hood2": " ", "l_feet": 0, "width": 4, "steps": 26, "treads": 0, "year": 0, "coded_": " ", "pix": " ", "comment": "last 1/2 block", "Shape__Length": 99.720337077902997 }, "geometry": { "type": "LineString", "coordinates": [ [ -79.988467128389303, 40.460283232555 ], [ -79.988408623714903, 40.460013173762697 ] ] } },
{ "type": "Feature", "properties": { "objectid": 240, "length": 0.0, "streets_": 0, "streets_id": 0, "code": 0, "type": 1, "id_no": 59, "oid": 57, "id": 59, "dpwn1": 140, "dpwn2": "539", "location": "Tell St", "style": 1, "angle": "n", "segs": 1, "st_": "y", "street_nam": "Tell St", "from_stree": "Voskamp St", "to_street": "Buchanan St", "int_": "n", "hood": 74, "hood2": "84", "l_feet": 278, "width": 4, "steps": 162, "treads": 79, "year": 1949, "coded_": " ", "pix": " ", "comment": "Street Sign says Lowrie St (not Buchanan)", "Shape__Length": 295.16298416066701 }, "geometry": { "type": "LineString", "coordinates": [ [ -79.988373329117294, 40.459942459649596 ], [ -79.9881107180463, 40.459157464208197 ] ] } },
{ "type": "Feature", "properties": { "objectid": 241, "length": 0.0, "streets_": 0, "streets_id": 0, "code": 0, "type": 3, "id_no": 158, "oid": 156, "id": 158, "dpwn1": 544, "dpwn2": "143", "location": "Tell St", "style": 3, "angle": "n", "segs": 1, "st_": "n", "street_nam": " ", "from_stree": "Tell St", "to_street": " ", "int_": "n", "hood": 74, "hood2": " ", "l_feet": 323, "width": 4, "steps": 63, "treads": 0, "year": 1952, "coded_": " ", "pix": " ", "comment": "1 block in from Spring Garden on Tell St--turn left", "Shape__Length": 264.06943635270898 }, "geometry": { "type": "LineString", "coordinates": [ [ -79.988441646719295, 40.460323776559001 ], [ -79.987963434799795, 40.460449953825901 ], [ -79.987586835279103, 40.4606282289175 ] ] } },
{ "type": "Feature", "properties": { "objectid": 242, "length": 0.0, "streets_": 0, "streets_id": 0, "code": 999, "type": 1, "id_no": 353, "oid": 352, "id": 353, "dpwn1": 160, "dpwn2": " ", "location": "Troy Hill Rd at Goetmann St", "style": 1, "angle": "n", "segs": 1, "st_": "n", "street_nam": " ", "from_stree": "E  Ohio St", "to_street": "Troy Hill Rd", "int_": "n", "hood": 84, "hood2": " ", "l_feet": 283, "width": 4, "steps": 188, "treads": 206, "year": 1950, "coded_": " ", "pix": " ", "comment": " ", "Shape__Length": 259.47622028637198 }, "geometry": { "type": "LineString", "coordinates": [ [ -79.986176735992203, 40.459438307594901 ], [ -79.986081999524899, 40.459320311448501 ], [ -79.986033117827702, 40.4593401773881 ], [ -79.985752774178195, 40.458853671219103 ] ] } },
{ "type": "Feature", "properties": { "objectid": 243, "length": 0.0, "streets_": 0, "streets_id": 0, "code": 999, "type": 2, "id_no": 358, "oid": 357, "id": 358, "dpwn1": 144, "dpwn2": " ", "location": "Goetmann St and Troy Hill Rd", "style": 2, "angle": "n", "segs": 1, "st_": "n", "street_nam": " ", "from_stree": "Goetmann St", "to_street": "Truax Way", "int_": "n", "hood": 84, "hood2": " ", "l_feet": 88, "width": 3, "steps": 10, "treads": 12, "year": 1960, "coded_": " ", "pix": " ", "comment": " ", "Shape__Length": 109.407050111421 }, "geometry": { "type": "LineString", "coordinates": [ [ -79.986518498804301, 40.459784875255998 ], [ -79.986263221327903, 40.459556463296799 ] ] } },
{ "type": "Feature", "properties": { "objectid": 244, "length": 0.0, "streets_": 0, "streets_id": 0, "code": 0, "type": 1, "id_no": 352, "oid": 351, "id": 352, "dpwn1": 138, "dpwn2": " ", "location": "Herman St and Adair St", "style": 1, "angle": "n", "segs": 1, "st_": "n", "street_nam": " ", "from_stree": "Herman St", "to_street": " ", "int_": "n", "hood": 84, "hood2": " ", "l_feet": 168, "width": 3, "steps": 17, "treads": 5, "year": 1950, "coded_": " ", "pix": " ", "comment": "ends at house", "Shape__Length": 55.314890544854698 }, "geometry": { "type": "LineString", "coordinates": [ [ -79.987114919578701, 40.460340944296803 ], [ -79.987260102188699, 40.460237225906397 ] ] } },
{ "type": "Feature", "properties": { "objectid": 245, "length": 0.0, "streets_": 0, "streets_id": 0, "code": 0, "type": 1, "id_no": 62, "oid": 60, "id": 62, "dpwn1": 147, "dpwn2": " ", "location": "Harpster St", "style": 1, "angle": "n", "segs": 1, "st_": "y", "street_nam": "Harpster St", "from_stree": "Lager St", "to_street": "Claim St", "int_": "n", "hood": 84, "hood2": "74", "l_feet": 164, "width": 4, "steps": 45, "treads": 164, "year": 1949, "coded_": " ", "pix": "y", "comment": " ", "Shape__Length": 233.373778870877 }, "geometry": { "type": "LineString", "coordinates": [ [ -79.9850787599771, 40.463678777059997 ], [ -79.9844146282514, 40.464070022424202 ] ] } },
{ "type": "Feature", "properties": { "objectid": 246, "length": 0.0, "streets_": 0, "streets_id": 0, "code": 0, "type": 1, "id_no": 351, "oid": 350, "id": 351, "dpwn1": 146, "dpwn2": " ", "location": "Purse Way", "style": 1, "angle": "n", "segs": 1, "st_": "y", "street_nam": "Purse Way", "from_stree": "Harpster St", "to_street": "Hatteras St", "int_": "n", "hood": 84, "hood2": " ", "l_feet": 109, "width": 4, "steps": 48, "treads": 64, "year": 1949, "coded_": " ", "pix": " ", "comment": "path at Harpster St end", "Shape__Length": 123.47441634483999 }, "geometry": { "type": "LineString", "coordinates": [ [ -79.984345594124406, 40.463232555932599 ], [ -79.984675146519393, 40.463459536304399 ] ] } },
{ "type": "Feature", "properties": { "objectid": 247, "length": 0.0, "streets_": 0, "streets_id": 0, "code": 999, "type": 3, "id_no": 349, "oid": 348, "id": 349, "dpwn1": 161, "dpwn2": " ", "location": "Rialto St", "style": 3, "angle": "n", "segs": 1, "st_": "n", "street_nam": " ", "from_stree": "E  Ohio St", "to_street": "Ley St", "int_": "n", "hood": 84, "hood2": " ", "l_feet": 498, "width": 5, "steps": 167, "treads": 0, "year": 1950, "coded_": " ", "pix": "y", "comment": " ", "Shape__Length": 633.35778729148797 }, "geometry": { "type": "LineString", "coordinates": [ [ -79.981742654150395, 40.4659190666627 ], [ -79.979844715006294, 40.464959222862497 ] ] } },
{ "type": "Feature", "properties": { "objectid": 248, "length": 0.0, "streets_": 0, "streets_id": 0, "code": 999, "type": 13, "id_no": 350, "oid": 349, "id": 350, "dpwn1": 0, "dpwn2": " ", "location": "Rialto St at Lowrie St Bridge", "style": 13, "angle": "n", "segs": 1, "st_": "n", "street_nam": " ", "from_stree": "Rialto St", "to_street": "Lowrie St", "int_": "n", "hood": 84, "hood2": " ", "l_feet": 18, "width": 4, "steps": 20, "treads": 0, "year": 0, "coded_": " ", "pix": " ", "comment": " ", "Shape__Length": 34.984208528930601 }, "geometry": { "type": "LineString", "coordinates": [ [ -79.981309783101494, 40.465813900798999 ], [ -79.981193000505897, 40.465778314242897 ] ] } },
{ "type": "Feature", "properties": { "objectid": 249, "length": 0.0, "streets_": 0, "streets_id": 0, "code": 0, "type": 1, "id_no": 356, "oid": 355, "id": 356, "dpwn1": 0, "dpwn2": " ", "location": "Heckelman St and Eggers St", "style": 1, "angle": "y", "segs": 1, "st_": "y", "street_nam": "Heckleman St", "from_stree": "E  Ohio St", "to_street": "Eggers St", "int_": "n", "hood": 84, "hood2": " ", "l_feet": 0, "width": 0, "steps": 0, "treads": 0, "year": 0, "coded_": " ", "pix": " ", "comment": "abandoned--need repair-spectacular", "Shape__Length": 199.20641257044301 }, "geometry": { "type": "LineString", "coordinates": [ [ -79.9779724825014, 40.4682748358575 ], [ -79.977360118914902, 40.467991493729798 ] ] } },
{ "type": "Feature", "properties": { "objectid": 250, "length": 0.0, "streets_": 0, "streets_id": 0, "code": 0, "type": 4, "id_no": 357, "oid": 356, "id": 357, "dpwn1": 136, "dpwn2": " ", "location": "Lautner St and Croft St", "style": 4, "angle": "n", "segs": 1, "st_": "n", "street_nam": " ", "from_stree": "Croft St", "to_street": "Lautner St", "int_": "n", "hood": 84, "hood2": " ", "l_feet": 23, "width": 3, "steps": 10, "treads": 0, "year": 1950, "coded_": " ", "pix": " ", "comment": " ", "Shape__Length": 41.406616219127599 }, "geometry": { "type": "LineString", "coordinates": [ [ -79.977483668901797, 40.469476231929697 ], [ -79.977404264856602, 40.469572363126503 ] ] } },
{ "type": "Feature", "properties": { "objectid": 251, "length": 0.0, "streets_": 0, "streets_id": 0, "code": 999, "type": 4, "id_no": 69, "oid": 67, "id": 69, "dpwn1": 0, "dpwn2": " ", "location": "Mauch St", "style": 4, "angle": "n", "segs": 1, "st_": "n", "street_nam": " ", "from_stree": "Spring Garden Ave", "to_street": "Carrie St", "int_": "n", "hood": 74, "hood2": " ", "l_feet": 0, "width": 5, "steps": 41, "treads": 0, "year": 0, "coded_": " ", "pix": " ", "comment": " ", "Shape__Length": 215.71540950017399 }, "geometry": { "type": "LineString", "coordinates": [ [ -79.9863592753901, 40.471599830375503 ], [ -79.985706334152795, 40.471919166118397 ] ] } },
{ "type": "Feature", "properties": { "objectid": 252, "length": 0.0, "streets_": 0, "streets_id": 0, "code": 0, "type": 2, "id_no": 111, "oid": 109, "id": 111, "dpwn1": 0, "dpwn2": " ", "location": "Lappe Lane", "style": 2, "angle": "n", "segs": 1, "st_": "y", "street_nam": "Lappe Lane", "from_stree": "Fayban St", "to_street": "Shirls St", "int_": "n", "hood": 75, "hood2": " ", "l_feet": 0, "width": 3, "steps": 56, "treads": 0, "year": 0, "coded_": " ", "pix": " ", "comment": " ", "Shape__Length": 124.858570064609 }, "geometry": { "type": "LineString", "coordinates": [ [ -79.996991372574499, 40.4710202934249 ], [ -79.996875571451994, 40.470689165399598 ] ] } },
{ "type": "Feature", "properties": { "objectid": 253, "length": 0.0, "streets_": 0, "streets_id": 0, "code": 0, "type": 1, "id_no": 115, "oid": 113, "id": 115, "dpwn1": 47, "dpwn2": " ", "location": "Luella St  and Heim St", "style": 1, "angle": "n", "segs": 1, "st_": "n", "street_nam": " ", "from_stree": "Heim St", "to_street": "Bessie Ave", "int_": "n", "hood": 75, "hood2": " ", "l_feet": 218, "width": 4, "steps": 63, "treads": 0, "year": 1950, "coded_": " ", "pix": " ", "comment": "Winter Way or Heim??", "Shape__Length": 127.65817639186101 }, "geometry": { "type": "LineString", "coordinates": [ [ -79.999164561112593, 40.468641632064703 ], [ -79.999587670843894, 40.468506082979303 ] ] } },
{ "type": "Feature", "properties": { "objectid": 254, "length": 0.0, "streets_": 0, "streets_id": 0, "code": 0, "type": 1, "id_no": 79, "oid": 77, "id": 79, "dpwn1": 15, "dpwn2": "576", "location": "Steine St", "style": 1, "angle": "y", "segs": 1, "st_": "y", "street_nam": "Steine St", "from_stree": "Homer St", "to_street": "Rhine St", "int_": "n", "hood": 75, "hood2": " ", "l_feet": 181, "width": 5, "steps": 105, "treads": 0, "year": 1955, "coded_": " ", "pix": " ", "comment": "wooden steps now as part of detour", "Shape__Length": 214.39939065227 }, "geometry": { "type": "LineString", "coordinates": [ [ -79.992267379288407, 40.465484584622999 ], [ -79.991512664170997, 40.465365869635797 ] ] } },
{ "type": "Feature", "properties": { "objectid": 255, "length": 0.0, "streets_": 0, "streets_id": 0, "code": 999, "type": 1, "id_no": 294, "oid": 293, "id": 294, "dpwn1": 139, "dpwn2": "540", "location": "Waco Way", "style": 1, "angle": "n", "segs": 2, "st_": "y", "street_nam": "Waco Way", "from_stree": "East St", "to_street": "Valette St", "int_": "n", "hood": 75, "hood2": " ", "l_feet": 259, "width": 4, "steps": 134, "treads": 68, "year": 1948, "coded_": " ", "pix": " ", "comment": " ", "Shape__Length": 213.68316301074799 }, "geometry": { "type": "LineString", "coordinates": [ [ -79.998900052530303, 40.461235175046902 ], [ -79.998132368465804, 40.461250107930098 ] ] } },
{ "type": "Feature", "properties": { "objectid": 256, "length": 0.0, "streets_": 0, "streets_id": 0, "code": 0, "type": 7, "id_no": 309, "oid": 308, "id": 309, "dpwn1": 152, "dpwn2": " ", "location": "Hunnel St", "style": 7, "angle": "n", "segs": 1, "st_": "n", "street_nam": " ", "from_stree": "Leister St", "to_street": "Hunnel St", "int_": "n", "hood": 75, "hood2": " ", "l_feet": 216, "width": 3, "steps": 50, "treads": 166, "year": 1990, "coded_": " ", "pix": " ", "comment": " ", "Shape__Length": 197.77728917095999 }, "geometry": { "type": "LineString", "coordinates": [ [ -79.9935443614864, 40.4640536354433 ], [ -79.993291608461405, 40.4635462222898 ] ] } },
{ "type": "Feature", "properties": { "objectid": 257, "length": 0.0, "streets_": 0, "streets_id": 0, "code": 0, "type": 2, "id_no": 308, "oid": 307, "id": 308, "dpwn1": 155, "dpwn2": " ", "location": "Hunnel St", "style": 2, "angle": "n", "segs": 1, "st_": "y", "street_nam": "Hunnel St", "from_stree": "Yetta Ave", "to_street": "Leister St", "int_": "n", "hood": 75, "hood2": " ", "l_feet": 151, "width": 3, "steps": 66, "treads": 85, "year": 1990, "coded_": " ", "pix": " ", "comment": " ", "Shape__Length": 147.463007705857 }, "geometry": { "type": "LineString", "coordinates": [ [ -79.993282687301004, 40.463464614541401 ], [ -79.993112800621006, 40.463081191878103 ] ] } },
{ "type": "Feature", "properties": { "objectid": 258, "length": 0.0, "streets_": 0, "streets_id": 0, "code": 0, "type": 1, "id_no": 293, "oid": 292, "id": 293, "dpwn1": 154, "dpwn2": "0", "location": "Lappe Lane", "style": 1, "angle": "n", "segs": 3, "st_": "y", "street_nam": "Lappe Lane", "from_stree": "Goehring St", "to_street": "Yetta St", "int_": "n", "hood": 75, "hood2": " ", "l_feet": 462, "width": 5, "steps": 222, "treads": 317, "year": 1948, "coded_": " ", "pix": " ", "comment": " ", "Shape__Length": 534.759490438184 }, "geometry": { "type": "LineString", "coordinates": [ [ -79.994291866784806, 40.4623115378755 ], [ -79.993790783532106, 40.460894403581001 ] ] } },
{ "type": "Feature", "properties": { "objectid": 259, "length": 0.0, "streets_": 0, "streets_id": 0, "code": 0, "type": 12, "id_no": 68, "oid": 66, "id": 68, "dpwn1": 141, "dpwn2": " ", "location": "Diana St", "style": 12, "angle": "n", "segs": 1, "st_": "y", "street_nam": "Diana St", "from_stree": "Homer St", "to_street": "Diana St", "int_": "n", "hood": 75, "hood2": "74", "l_feet": 133, "width": 3, "steps": 108, "treads": 114, "year": 1946, "coded_": " ", "pix": "y", "comment": " ", "Shape__Length": 109.13481490487899 }, "geometry": { "type": "LineString", "coordinates": [ [ -79.989280397744494, 40.462288710503699 ], [ -79.988917535890906, 40.462402420244302 ] ] } },
{ "type": "Feature", "properties": { "objectid": 260, "length": 0.0, "streets_": 0, "streets_id": 0, "code": 0, "type": 1, "id_no": 66, "oid": 64, "id": 66, "dpwn1": 0, "dpwn2": " ", "location": "Arcola Way", "style": 1, "angle": "n", "segs": 1, "st_": "y", "street_nam": "Arcola Way", "from_stree": "Seidel St", "to_street": "Diana St", "int_": "n", "hood": 74, "hood2": "75", "l_feet": 297, "width": 4, "steps": 192, "treads": 63, "year": 0, "coded_": " ", "pix": " ", "comment": "top at Diana at intersection Of Itin", "Shape__Length": 220.25956287727701 }, "geometry": { "type": "LineString", "coordinates": [ [ -79.992125421588995, 40.461740162208699 ], [ -79.991914005609303, 40.461157516144901 ] ] } },
{ "type": "Feature", "properties": { "objectid": 261, "length": 0.0, "streets_": 0, "streets_id": 0, "code": 0, "type": 4, "id_no": 67, "oid": 65, "id": 67, "dpwn1": 163, "dpwn2": " ", "location": "Arcola Way", "style": 4, "angle": "n", "segs": 1, "st_": "n", "street_nam": " ", "from_stree": "High St", "to_street": "Seidel St", "int_": "n", "hood": 74, "hood2": " ", "l_feet": 83, "width": 4, "steps": 15, "treads": 0, "year": 1948, "coded_": " ", "pix": " ", "comment": " ", "Shape__Length": 69.619818199904401 }, "geometry": { "type": "LineString", "coordinates": [ [ -79.991812417044798, 40.4609570280954 ], [ -79.991877516830598, 40.461141551312799 ] ] } },
{ "type": "Feature", "properties": { "objectid": 262, "length": 0.0, "streets_": 0, "streets_id": 0, "code": 0, "type": 4, "id_no": 354, "oid": 353, "id": 354, "dpwn1": 0, "dpwn2": " ", "location": "High St at Itin St", "style": 4, "angle": "n", "segs": 1, "st_": "n", "street_nam": " ", "from_stree": "High St", "to_street": "Itin St", "int_": "n", "hood": 74, "hood2": " ", "l_feet": 0, "width": 4, "steps": 4, "treads": 0, "year": 0, "coded_": " ", "pix": " ", "comment": " ", "Shape__Length": 56.695491211916298 }, "geometry": { "type": "LineString", "coordinates": [ [ -79.994488531065898, 40.459827379651401 ], [ -79.9943735898445, 40.459955879345102 ] ] } },
{ "type": "Feature", "properties": { "objectid": 263, "length": 0.0, "streets_": 0, "streets_id": 0, "code": 999, "type": 1, "id_no": 63, "oid": 61, "id": 63, "dpwn1": 167, "dpwn2": " ", "location": "Lappe Lane", "style": 1, "angle": "n", "segs": 1, "st_": "y", "street_nam": "Lappe Lane", "from_stree": "Spring Garden Ave", "to_street": "High St", "int_": "n", "hood": 74, "hood2": " ", "l_feet": 131, "width": 5, "steps": 74, "treads": 44, "year": 1954, "coded_": " ", "pix": " ", "comment": " ", "Shape__Length": 132.109329086548 }, "geometry": { "type": "LineString", "coordinates": [ [ -79.993539584794405, 40.460165845655297 ], [ -79.993388481891401, 40.459822064203699 ] ] } },
{ "type": "Feature", "properties": { "objectid": 264, "length": 0.0, "streets_": 0, "streets_id": 0, "code": 999, "type": 1, "id_no": 61, "oid": 59, "id": 61, "dpwn1": 142, "dpwn2": " ", "location": "Savina St", "style": 1, "angle": "n", "segs": 1, "st_": "y", "street_nam": "Savina St", "from_stree": "Spring Garden Ave", "to_street": "High St", "int_": "n", "hood": 74, "hood2": " ", "l_feet": 119, "width": 4, "steps": 51, "treads": 31, "year": 1949, "coded_": " ", "pix": " ", "comment": " ", "Shape__Length": 134.32236962399799 }, "geometry": { "type": "LineString", "coordinates": [ [ -79.989862038559593, 40.460877251866101 ], [ -79.989745404666706, 40.460519462968698 ] ] } },
{ "type": "Feature", "properties": { "objectid": 265, "length": 0.0, "streets_": 0, "streets_id": 0, "code": 0, "type": 4, "id_no": 156, "oid": 154, "id": 156, "dpwn1": 164, "dpwn2": " ", "location": "Itin St and Concord St", "style": 4, "angle": "n", "segs": 1, "st_": "n", "street_nam": " ", "from_stree": "Concord St", "to_street": "Itin St", "int_": "n", "hood": 26, "hood2": " ", "l_feet": 40, "width": 4, "steps": 11, "treads": 0, "year": 1982, "coded_": " ", "pix": " ", "comment": " ", "Shape__Length": 52.162890242661497 }, "geometry": { "type": "LineString", "coordinates": [ [ -79.995341645482895, 40.458183920669498 ], [ -79.995388104274895, 40.458202957662401 ], [ -79.995399239090801, 40.458252082177502 ], [ -79.995380531857705, 40.458303181817897 ] ] } },
{ "type": "Feature", "properties": { "objectid": 266, "length": 0.0, "streets_": 0, "streets_id": 0, "code": 999, "type": 4, "id_no": 157, "oid": 155, "id": 157, "dpwn1": 165, "dpwn2": " ", "location": "Vinial St at Salter Way", "style": 4, "angle": "n", "segs": 1, "st_": "n", "street_nam": " ", "from_stree": "Vinial St", "to_street": " ", "int_": "n", "hood": 74, "hood2": " ", "l_feet": 53, "width": 5, "steps": 9, "treads": 0, "year": 1982, "coded_": " ", "pix": " ", "comment": " ", "Shape__Length": 53.901738249200697 }, "geometry": { "type": "LineString", "coordinates": [ [ -79.994738468226799, 40.458263465059702 ], [ -79.994784759384103, 40.458284334078101 ], [ -79.994788444067794, 40.458337956928098 ], [ -79.994776891429495, 40.458390424492201 ] ] } },
{ "type": "Feature", "properties": { "objectid": 267, "length": 0.0, "streets_": 0, "streets_id": 0, "code": 999, "type": 1, "id_no": 298, "oid": 297, "id": 298, "dpwn1": 0, "dpwn2": "134", "location": "Hemlock St", "style": 1, "angle": "n", "segs": 1, "st_": "y", "street_nam": "Hemlock St", "from_stree": "James St", "to_street": "Compromise St", "int_": "n", "hood": 26, "hood2": "19", "l_feet": 338, "width": 5, "steps": 143, "treads": 0, "year": 1949, "coded_": "y", "pix": " ", "comment": " ", "Shape__Length": 388.75758777944299 }, "geometry": { "type": "LineString", "coordinates": [ [ -80.002063019680193, 40.458186512446801 ], [ -80.000710193062602, 40.4584528956836 ] ] } },
{ "type": "Feature", "properties": { "objectid": 268, "length": 0.0, "streets_": 0, "streets_id": 0, "code": 0, "type": 1, "id_no": 302, "oid": 301, "id": 302, "dpwn1": 148, "dpwn2": " ", "location": "Rising Main Way", "style": 1, "angle": "n", "segs": 1, "st_": "y", "street_nam": "Rising Main Way", "from_stree": "Toboggan St", "to_street": "Warren St", "int_": "n", "hood": 33, "hood2": " ", "l_feet": 693, "width": 4, "steps": 331, "treads": 0, "year": 1945, "coded_": " ", "pix": "y", "comment": " ", "Shape__Length": 733.36113958507701 }, "geometry": { "type": "LineString", "coordinates": [ [ -80.003334124621006, 40.464149770706001 ], [ -80.000757314710697, 40.464572827306597 ] ] } },
{ "type": "Feature", "properties": { "objectid": 269, "length": 0.0, "streets_": 0, "streets_id": 0, "code": 0, "type": 3, "id_no": 304, "oid": 303, "id": 304, "dpwn1": 150, "dpwn2": " ", "location": "Toboggan St", "style": 3, "angle": "n", "segs": 1, "st_": "n", "street_nam": " ", "from_stree": "Rising Main Way", "to_street": "Toboggan St", "int_": "n", "hood": 33, "hood2": " ", "l_feet": 208, "width": 3, "steps": 78, "treads": 0, "year": 1946, "coded_": " ", "pix": " ", "comment": " ", "Shape__Length": 208.826727487613 }, "geometry": { "type": "LineString", "coordinates": [ [ -80.001803317310404, 40.464525786241403 ], [ -80.001053044642205, 40.464540398627697 ] ] } },
{ "type": "Feature", "properties": { "objectid": 270, "length": 0.0, "streets_": 0, "streets_id": 0, "code": 0, "type": 7, "id_no": 303, "oid": 302, "id": 303, "dpwn1": 124, "dpwn2": " ", "location": "Rising Main Way", "style": 7, "angle": "n", "segs": 1, "st_": "n", "street_nam": " ", "from_stree": "Warren St", "to_street": "Lanark St", "int_": "n", "hood": 33, "hood2": " ", "l_feet": 138, "width": 3, "steps": 31, "treads": 107, "year": 1990, "coded_": " ", "pix": " ", "comment": " ", "Shape__Length": 351.82429963786899 }, "geometry": { "type": "LineString", "coordinates": [ [ -80.004912560910995, 40.463897335082699 ], [ -80.003681212971799, 40.464116819821903 ] ] } },
{ "type": "Feature", "properties": { "objectid": 271, "length": 0.0, "streets_": 0, "streets_id": 0, "code": 0, "type": 1, "id_no": 305, "oid": 304, "id": 305, "dpwn1": 0, "dpwn2": " ", "location": "Biggs Ave", "style": 1, "angle": "n", "segs": 1, "st_": "y", "street_nam": "Biggs Ave", "from_stree": "Glenrose St", "to_street": "Red Way", "int_": "n", "hood": 33, "hood2": " ", "l_feet": 174, "width": 3, "steps": 53, "treads": 0, "year": 0, "coded_": " ", "pix": " ", "comment": " ", "Shape__Length": 182.875590968431 }, "geometry": { "type": "LineString", "coordinates": [ [ -80.005800608322701, 40.465541338381001 ], [ -80.005661975813098, 40.465050641370397 ] ] } },
{ "type": "Feature", "properties": { "objectid": 272, "length": 0.0, "streets_": 0, "streets_id": 0, "code": 0, "type": 9, "id_no": 306, "oid": 305, "id": 306, "dpwn1": 0, "dpwn2": " ", "location": "Marsonia St", "style": 9, "angle": "n", "segs": 2, "st_": "n", "street_nam": " ", "from_stree": "Mountford Ave", "to_street": "Biggs St", "int_": "n", "hood": 33, "hood2": " ", "l_feet": 0, "width": 5, "steps": 41, "treads": 0, "year": 0, "coded_": " ", "pix": " ", "comment": " ", "Shape__Length": 534.99602529176502 }, "geometry": { "type": "LineString", "coordinates": [ [ -80.005564915205994, 40.464119174761997 ], [ -80.007437370082201, 40.463785506298201 ] ] } },
{ "type": "Feature", "properties": { "objectid": 273, "length": 0.0, "streets_": 0, "streets_id": 0, "code": 0, "type": 9, "id_no": 307, "oid": 306, "id": 307, "dpwn1": 0, "dpwn2": " ", "location": "Osgood St", "style": 9, "angle": "n", "segs": 3, "st_": "n", "street_nam": " ", "from_stree": "Marsonia St", "to_street": "Lafayette Ave", "int_": "n", "hood": 33, "hood2": " ", "l_feet": 0, "width": 5, "steps": 27, "treads": 0, "year": 0, "coded_": " ", "pix": " ", "comment": " ", "Shape__Length": 613.51320034192599 }, "geometry": { "type": "LineString", "coordinates": [ [ -80.007024674939402, 40.465597457078204 ], [ -80.006486191573998, 40.463964364549597 ] ] } },
{ "type": "Feature", "properties": { "objectid": 274, "length": 0.0, "streets_": 0, "streets_id": 0, "code": 999, "type": 1, "id_no": 113, "oid": 111, "id": 113, "dpwn1": 102, "dpwn2": " ", "location": "Milroy St", "style": 1, "angle": "n", "segs": 1, "st_": "y", "street_nam": "Milroy St", "from_stree": "Bothwell St", "to_street": "Viola  St", "int_": "n", "hood": 61, "hood2": "62", "l_feet": 238, "width": 4, "steps": 92, "treads": 0, "year": 1982, "coded_": " ", "pix": " ", "comment": " ", "Shape__Length": 225.58939598901301 }, "geometry": { "type": "LineString", "coordinates": [ [ -80.011505227027101, 40.476269960453401 ], [ -80.010703997399204, 40.476365321764398 ] ] } },
{ "type": "Feature", "properties": { "objectid": 275, "length": 0.0, "streets_": 0, "streets_id": 0, "code": 999, "type": 2, "id_no": 114, "oid": 112, "id": 114, "dpwn1": 115, "dpwn2": " ", "location": "Milroy St at Perrysville Ave", "style": 2, "angle": "n", "segs": 1, "st_": "n", "street_nam": " ", "from_stree": "Milroy St", "to_street": "Perrysville Ave", "int_": "n", "hood": 61, "hood2": "62", "l_feet": 0, "width": 3, "steps": 25, "treads": 11, "year": 1936, "coded_": " ", "pix": " ", "comment": " ", "Shape__Length": 36.523080948012698 }, "geometry": { "type": "LineString", "coordinates": [ [ -80.012176977886099, 40.476193431506601 ], [ -80.012291247465498, 40.476242793448598 ] ] } },
{ "type": "Feature", "properties": { "objectid": 276, "length": 0.0, "streets_": 0, "streets_id": 0, "code": 0, "type": 1, "id_no": 109, "oid": 107, "id": 109, "dpwn1": 98, "dpwn2": " ", "location": "Gribble St", "style": 1, "angle": "n", "segs": 1, "st_": "y", "street_nam": "Gribble St", "from_stree": "Dewey Ave", "to_street": "Waldorf St", "int_": "n", "hood": 61, "hood2": " ", "l_feet": 274, "width": 4, "steps": 160, "treads": 0, "year": 1946, "coded_": " ", "pix": " ", "comment": " ", "Shape__Length": 307.37473494234598 }, "geometry": { "type": "LineString", "coordinates": [ [ -80.012449654373498, 40.490360264017802 ], [ -80.011356023286098, 40.4904816049281 ] ] } },
{ "type": "Feature", "properties": { "objectid": 277, "length": 0.0, "streets_": 0, "streets_id": 0, "code": 999, "type": 3, "id_no": 116, "oid": 114, "id": 116, "dpwn1": 111, "dpwn2": " ", "location": "Eula St", "style": 3, "angle": "n", "segs": 1, "st_": "n", "street_nam": " ", "from_stree": "Baytree", "to_street": "East St", "int_": "n", "hood": 61, "hood2": " ", "l_feet": 108, "width": 3, "steps": 26, "treads": 0, "year": 1950, "coded_": " ", "pix": " ", "comment": "1/2 block", "Shape__Length": 125.698765422516 }, "geometry": { "type": "LineString", "coordinates": [ [ -80.013565090498005, 40.488341856955103 ], [ -80.013609352158895, 40.487998476055999 ] ] } },
{ "type": "Feature", "properties": { "objectid": 278, "length": 0.0, "streets_": 0, "streets_id": 0, "code": 0, "type": 1, "id_no": 93, "oid": 91, "id": 93, "dpwn1": 91, "dpwn2": " ", "location": "Grizella St", "style": 1, "angle": "n", "segs": 1, "st_": "y", "street_nam": "Grizella St", "from_stree": "Bonvue St", "to_street": "Waldorf St", "int_": "n", "hood": 61, "hood2": " ", "l_feet": 139, "width": 5, "steps": 39, "treads": 0, "year": 1960, "coded_": " ", "pix": " ", "comment": " ", "Shape__Length": 242.023674997543 }, "geometry": { "type": "LineString", "coordinates": [ [ -80.016587373762306, 40.4908124161377 ], [ -80.016723000024001, 40.4901561870481 ] ] } },
{ "type": "Feature", "properties": { "objectid": 279, "length": 0.0, "streets_": 0, "streets_id": 0, "code": 0, "type": 1, "id_no": 117, "oid": 115, "id": 117, "dpwn1": 90, "dpwn2": " ", "location": "Waldorf St at Franklin Rd", "style": 1, "angle": "n", "segs": 1, "st_": "n", "street_nam": " ", "from_stree": "Waldorf St", "to_street": "Radium St", "int_": "n", "hood": 61, "hood2": " ", "l_feet": 229, "width": 3, "steps": 89, "treads": 0, "year": 1950, "coded_": " ", "pix": " ", "comment": "about 100' from intersection: Waldorg/Franklin", "Shape__Length": 224.94819748835101 }, "geometry": { "type": "LineString", "coordinates": [ [ -80.018558112006303, 40.491692835514201 ], [ -80.018668956838397, 40.4910811855842 ] ] } },
{ "type": "Feature", "properties": { "objectid": 280, "length": 0.0, "streets_": 0, "streets_id": 0, "code": 0, "type": 1, "id_no": 92, "oid": 90, "id": 92, "dpwn1": 87, "dpwn2": " ", "location": "Montana St", "style": 1, "angle": "n", "segs": 1, "st_": "y", "street_nam": "Montana St", "from_stree": "Grizella St", "to_street": "Swanson St", "int_": "n", "hood": 61, "hood2": " ", "l_feet": 100, "width": 5, "steps": 47, "treads": 0, "year": 1964, "coded_": " ", "pix": " ", "comment": " ", "Shape__Length": 112.919677156657 }, "geometry": { "type": "LineString", "coordinates": [ [ -80.017518634412895, 40.493718029141398 ], [ -80.017112809626298, 40.493708786115498 ] ] } },
{ "type": "Feature", "properties": { "objectid": 281, "length": 0.0, "streets_": 0, "streets_id": 0, "code": 999, "type": 2, "id_no": 91, "oid": 89, "id": 91, "dpwn1": 0, "dpwn2": " ", "location": "Bluebell St", "style": 2, "angle": "n", "segs": 1, "st_": "y", "street_nam": "Bluebell St", "from_stree": "Perrysville Ave", "to_street": "Amos Way", "int_": "n", "hood": 61, "hood2": " ", "l_feet": 145, "width": 3, "steps": 61, "treads": 84, "year": 1940, "coded_": " ", "pix": " ", "comment": " ", "Shape__Length": 144.200206435822 }, "geometry": { "type": "LineString", "coordinates": [ [ -80.021013537367295, 40.494475016136001 ], [ -80.020495137882307, 40.494467995427499 ] ] } },
{ "type": "Feature", "properties": { "objectid": 282, "length": 0.0, "streets_": 0, "streets_id": 0, "code": 999, "type": 1, "id_no": 311, "oid": 310, "id": 311, "dpwn1": 107, "dpwn2": " ", "location": "Hawkins St", "style": 1, "angle": "n", "segs": 1, "st_": "y", "street_nam": "Hawkins St", "from_stree": "Perrysville Ave", "to_street": "Veteran St", "int_": "n", "hood": 62, "hood2": " ", "l_feet": 150, "width": 4, "steps": 72, "treads": 78, "year": 1950, "coded_": " ", "pix": " ", "comment": " ", "Shape__Length": 230.342296433618 }, "geometry": { "type": "LineString", "coordinates": [ [ -80.010272364152996, 40.472581483750297 ], [ -80.009445806691105, 40.472618032594703 ] ] } },
{ "type": "Feature", "properties": { "objectid": 283, "length": 0.0, "streets_": 0, "streets_id": 0, "code": 999, "type": 2, "id_no": 312, "oid": 311, "id": 312, "dpwn1": 114, "dpwn2": " ", "location": "Hawkins St", "style": 2, "angle": "n", "segs": 1, "st_": "y", "street_nam": "Hawkins St", "from_stree": "Ellis St", "to_street": "Perrysville Ave", "int_": "n", "hood": 62, "hood2": " ", "l_feet": 195, "width": 3, "steps": 49, "treads": 146, "year": 1980, "coded_": " ", "pix": " ", "comment": "steps are from database which reports concrete", "Shape__Length": 187.19755122135399 }, "geometry": { "type": "LineString", "coordinates": [ [ -80.011126471614403, 40.472567364006302 ], [ -80.010453829885904, 40.472580517355901 ] ] } },
{ "type": "Feature", "properties": { "objectid": 284, "length": 0.0, "streets_": 0, "streets_id": 0, "code": 0, "type": 2, "id_no": 313, "oid": 312, "id": 313, "dpwn1": 106, "dpwn2": " ", "location": "Hawkins St", "style": 2, "angle": "n", "segs": 1, "st_": "y", "street_nam": "Hawkins St", "from_stree": "Shelton St", "to_street": "Ellis St", "int_": "n", "hood": 62, "hood2": " ", "l_feet": 178, "width": 3, "steps": 55, "treads": 123, "year": 1950, "coded_": " ", "pix": " ", "comment": "did not see on my survey", "Shape__Length": 165.250805076056 }, "geometry": { "type": "LineString", "coordinates": [ [ -80.011846275531695, 40.472535408326699 ], [ -80.011252702015994, 40.4725521175179 ] ] } },
{ "type": "Feature", "properties": { "objectid": 285, "length": 0.0, "streets_": 0, "streets_id": 0, "code": 999, "type": 7, "id_no": 314, "oid": 313, "id": 314, "dpwn1": 0, "dpwn2": " ", "location": "Hawkins St", "style": 7, "angle": "n", "segs": 1, "st_": "n", "street_nam": " ", "from_stree": "Marshall Ave", "to_street": "Matson St", "int_": "n", "hood": 62, "hood2": " ", "l_feet": 158, "width": 3, "steps": 80, "treads": 178, "year": 1980, "coded_": " ", "pix": " ", "comment": " ", "Shape__Length": 265.76836206511501 }, "geometry": { "type": "LineString", "coordinates": [ [ -80.016548764034894, 40.472394863712502 ], [ -80.015594607386802, 40.4724301470618 ] ] } },
{ "type": "Feature", "properties": { "objectid": 286, "length": 0.0, "streets_": 0, "streets_id": 0, "code": 0, "type": 1, "id_no": 310, "oid": 309, "id": 310, "dpwn1": 0, "dpwn2": "109", "location": "Norwood Ave", "style": 1, "angle": "n", "segs": 1, "st_": "y", "street_nam": "Norwood Ave", "from_stree": "Kennedy Ave", "to_street": "Marshall Ave", "int_": "n", "hood": 62, "hood2": " ", "l_feet": 131, "width": 4, "steps": 38, "treads": 0, "year": 0, "coded_": " ", "pix": " ", "comment": " ", "Shape__Length": 114.733983006619 }, "geometry": { "type": "LineString", "coordinates": [ [ -80.013503234929999, 40.474809085084502 ], [ -80.013492665588799, 40.4744942459727 ] ] } },
{ "type": "Feature", "properties": { "objectid": 287, "length": 0.0, "streets_": 0, "streets_id": 0, "code": 999, "type": 1, "id_no": 155, "oid": 153, "id": 155, "dpwn1": 71, "dpwn2": " ", "location": "California Ave", "style": 1, "angle": "y", "segs": 1, "st_": "n", "street_nam": "California Ave", "from_stree": "Eckert St", "to_street": "Knapp St", "int_": "n", "hood": 50, "hood2": " ", "l_feet": 349, "width": 4, "steps": 119, "treads": 0, "year": 1923, "coded_": " ", "pix": "y", "comment": "California Ave (McAffee Bridge) built in 1927", "Shape__Length": 294.98550752007799 }, "geometry": { "type": "LineString", "coordinates": [ [ -80.036003369168498, 40.471123056603801 ], [ -80.036194307104907, 40.471119280959002 ], [ -80.036341261892801, 40.471355148300297 ], [ -80.036198073891995, 40.471742670481902 ] ] } },
{ "type": "Feature", "properties": { "objectid": 288, "length": 0.0, "streets_": 0, "streets_id": 0, "code": 0, "type": 2, "id_no": 153, "oid": 151, "id": 153, "dpwn1": 68, "dpwn2": " ", "location": "Oakhill St", "style": 2, "angle": "n", "segs": 1, "st_": "y", "street_nam": "Oakhill  St", "from_stree": "Oxfield St", "to_street": "Oakhill St", "int_": "n", "hood": 50, "hood2": " ", "l_feet": 138, "width": 3, "steps": 65, "treads": 34, "year": 1940, "coded_": " ", "pix": "y", "comment": " ", "Shape__Length": 154.58894552476701 }, "geometry": { "type": "LineString", "coordinates": [ [ -80.033922062765896, 40.4722386720561 ], [ -80.034477528048498, 40.472227697486296 ] ] } },
{ "type": "Feature", "properties": { "objectid": 289, "length": 0.0, "streets_": 0, "streets_id": 0, "code": 0, "type": 1, "id_no": 154, "oid": 152, "id": 154, "dpwn1": 110, "dpwn2": " ", "location": "Malden St", "style": 1, "angle": "n", "segs": 1, "st_": "y", "street_nam": "Malden St", "from_stree": "Lecky Ave", "to_street": "Malden St", "int_": "n", "hood": 50, "hood2": " ", "l_feet": 236, "width": 5, "steps": 117, "treads": 92, "year": 1960, "coded_": " ", "pix": " ", "comment": "might be named Malden Way", "Shape__Length": 184.145564979466 }, "geometry": { "type": "LineString", "coordinates": [ [ -80.033810145802605, 40.474575554203398 ], [ -80.034471131124505, 40.474602291156799 ] ] } },
{ "type": "Feature", "properties": { "objectid": 290, "length": 0.0, "streets_": 0, "streets_id": 0, "code": 0, "type": 4, "id_no": 151, "oid": 149, "id": 151, "dpwn1": 69, "dpwn2": "0", "location": "Schimmer St", "style": 4, "angle": "n", "segs": 2, "st_": "n", "street_nam": " ", "from_stree": "Wadlow St", "to_street": "Shadeland Ave", "int_": "n", "hood": 50, "hood2": " ", "l_feet": 211, "width": 4, "steps": 108, "treads": 0, "year": 1948, "coded_": " ", "pix": "y", "comment": " ", "Shape__Length": 404.19633193203299 }, "geometry": { "type": "LineString", "coordinates": [ [ -80.031335045691606, 40.473297902569797 ], [ -80.030781364736697, 40.473361887322802 ], [ -80.029918813548704, 40.473538082047803 ] ] } },
{ "type": "Feature", "properties": { "objectid": 291, "length": 0.0, "streets_": 0, "streets_id": 0, "code": 999, "type": 1, "id_no": 152, "oid": 150, "id": 152, "dpwn1": 85, "dpwn2": " ", "location": "Wing Way", "style": 1, "angle": "n", "segs": 2, "st_": "y", "street_nam": "Wing Way", "from_stree": "Brighton Rd", "to_street": "Frederick St", "int_": "y", "hood": 50, "hood2": " ", "l_feet": 250, "width": 5, "steps": 125, "treads": 118, "year": 1944, "coded_": " ", "pix": " ", "comment": " ", "Shape__Length": 280.730428221046 }, "geometry": { "type": "LineString", "coordinates": [ [ -80.031436396043603, 40.475130920143698 ], [ -80.030451000410096, 40.475296951211 ] ] } },
{ "type": "Feature", "properties": { "objectid": 292, "length": 0.0, "streets_": 0, "streets_id": 0, "code": 0, "type": 1, "id_no": 376, "oid": 375, "id": 376, "dpwn1": 206, "dpwn2": " ", "location": "Off Hollace St", "style": 1, "angle": "n", "segs": 1, "st_": "n", "street_nam": " ", "from_stree": "Hollace St", "to_street": "Orbin St", "int_": "n", "hood": 51, "hood2": " ", "l_feet": 33, "width": 4, "steps": 33, "treads": 0, "year": 1940, "coded_": " ", "pix": " ", "comment": " ", "Shape__Length": 145.625095210209 }, "geometry": { "type": "LineString", "coordinates": [ [ -79.967937893798805, 40.450763388458803 ], [ -79.967461254629796, 40.450928337995997 ] ] } },
{ "type": "Feature", "properties": { "objectid": 293, "length": 0.0, "streets_": 0, "streets_id": 0, "code": 0, "type": 1, "id_no": 375, "oid": 374, "id": 375, "dpwn1": 205, "dpwn2": " ", "location": "Caramel Way", "style": 1, "angle": "n", "segs": 1, "st_": "y", "street_nam": "Caramel Way", "from_stree": "Caramel Way", "to_street": "Webster Ave", "int_": "n", "hood": 51, "hood2": " ", "l_feet": 72, "width": 5, "steps": 35, "treads": 0, "year": 1949, "coded_": " ", "pix": " ", "comment": "greatly overgrown", "Shape__Length": 122.61152258761 }, "geometry": { "type": "LineString", "coordinates": [ [ -79.974654657167207, 40.448665500116903 ], [ -79.974477630326703, 40.448357299408499 ] ] } },
{ "type": "Feature", "properties": { "objectid": 294, "length": 0.0, "streets_": 0, "streets_id": 0, "code": 999, "type": 1, "id_no": 360, "oid": 359, "id": 360, "dpwn1": 58, "dpwn2": " ", "location": "Richardson Ave and McClure Ave", "style": 1, "angle": "y", "segs": 1, "st_": "n", "street_nam": " ", "from_stree": "Richardson Ave", "to_street": "Bainton St", "int_": "n", "hood": 50, "hood2": "13", "l_feet": 180, "width": 4, "steps": 123, "treads": 59, "year": 1949, "coded_": " ", "pix": " ", "comment": "greatly overgrwon", "Shape__Length": 358.82268565174002 }, "geometry": { "type": "LineString", "coordinates": [ [ -80.037371193622704, 40.473478340007901 ], [ -80.036934464785304, 40.472913005065003 ], [ -80.036514492725999, 40.472841593039199 ] ] } },
{ "type": "Feature", "properties": { "objectid": 295, "length": 0.0, "streets_": 0, "streets_id": 0, "code": 999, "type": 1, "id_no": 361, "oid": 360, "id": 361, "dpwn1": 66, "dpwn2": " ", "location": "Gass Ave", "style": 1, "angle": "n", "segs": 1, "st_": "y", "street_nam": "Gass Ave", "from_stree": "Woods Run Ave", "to_street": "Reuben St", "int_": "n", "hood": 13, "hood2": "50", "l_feet": 295, "width": 4, "steps": 69, "treads": 115, "year": 1947, "coded_": " ", "pix": " ", "comment": " ", "Shape__Length": 103.07607110646001 }, "geometry": { "type": "LineString", "coordinates": [ [ -80.034369193366501, 40.476072745860499 ], [ -80.034248403744201, 40.475805261763398 ] ] } },
{ "type": "Feature", "properties": { "objectid": 296, "length": 0.0, "streets_": 0, "streets_id": 0, "code": 0, "type": 3, "id_no": 368, "oid": 367, "id": 368, "dpwn1": 45, "dpwn2": " ", "location": "Gass Ave", "style": 3, "angle": "n", "segs": 1, "st_": "n", "street_nam": " ", "from_stree": "Reuben St", "to_street": "Beckham St", "int_": "n", "hood": 13, "hood2": " ", "l_feet": 161, "width": 4, "steps": 44, "treads": 0, "year": 0, "coded_": " ", "pix": " ", "comment": " ", "Shape__Length": 162.174421132276 }, "geometry": { "type": "LineString", "coordinates": [ [ -80.034591099502805, 40.476616459848003 ], [ -80.034448740818306, 40.476184772122799 ] ] } },
{ "type": "Feature", "properties": { "objectid": 297, "length": 0.0, "streets_": 0, "streets_id": 0, "code": 0, "type": 1, "id_no": 362, "oid": 361, "id": 362, "dpwn1": 63, "dpwn2": " ", "location": "Sorento St", "style": 1, "angle": "n", "segs": 1, "st_": "y", "street_nam": "Sorento St", "from_stree": "Minott St", "to_street": "Sorento St", "int_": "n", "hood": 50, "hood2": " ", "l_feet": 236, "width": 4, "steps": 55, "treads": 29, "year": 1947, "coded_": " ", "pix": " ", "comment": " ", "Shape__Length": 111.32791347962799 }, "geometry": { "type": "LineString", "coordinates": [ [ -80.030141457075203, 40.475824164583898 ], [ -80.029830317371406, 40.475631985590397 ] ] } },
{ "type": "Feature", "properties": { "objectid": 298, "length": 0.0, "streets_": 0, "streets_id": 0, "code": 0, "type": 1, "id_no": 363, "oid": 362, "id": 363, "dpwn1": 62, "dpwn2": " ", "location": "Westborn St", "style": 1, "angle": "n", "segs": 1, "st_": "y", "street_nam": "Westborn St", "from_stree": "Palen Way", "to_street": "Grand Ave", "int_": "n", "hood": 50, "hood2": " ", "l_feet": 66, "width": 5, "steps": 28, "treads": 0, "year": 1948, "coded_": " ", "pix": " ", "comment": " ", "Shape__Length": 69.500782780590498 }, "geometry": { "type": "LineString", "coordinates": [ [ -80.028487231696204, 40.47518715503 ], [ -80.028634017016202, 40.475032780644398 ] ] } },
{ "type": "Feature", "properties": { "objectid": 299, "length": 0.0, "streets_": 0, "streets_id": 0, "code": 0, "type": 1, "id_no": 364, "oid": 363, "id": 364, "dpwn1": 0, "dpwn2": " ", "location": "Westborn St", "style": 1, "angle": "n", "segs": 1, "st_": "y", "street_nam": "Westborn St", "from_stree": "Central Ave", "to_street": "Mitchell St", "int_": "n", "hood": 50, "hood2": " ", "l_feet": 108, "width": 5, "steps": 15, "treads": 0, "year": 0, "coded_": " ", "pix": " ", "comment": " ", "Shape__Length": 105.979594197304 }, "geometry": { "type": "LineString", "coordinates": [ [ -80.028122425955601, 40.475538806385302 ], [ -80.027898144882499, 40.475773956700799 ] ] } },
{ "type": "Feature", "properties": { "objectid": 300, "length": 0.0, "streets_": 0, "streets_id": 0, "code": 0, "type": 4, "id_no": 365, "oid": 364, "id": 365, "dpwn1": 60, "dpwn2": " ", "location": "Inglis St and Smithton Ave", "style": 4, "angle": "n", "segs": 1, "st_": "n", "street_nam": " ", "from_stree": "Smithton Ave", "to_street": " ", "int_": "n", "hood": 50, "hood2": " ", "l_feet": 83, "width": 4, "steps": 28, "treads": 0, "year": 1950, "coded_": " ", "pix": " ", "comment": " ", "Shape__Length": 147.17661428129301 }, "geometry": { "type": "LineString", "coordinates": [ [ -80.028180546423599, 40.474478256273997 ], [ -80.028184276261598, 40.474074269338701 ] ] } },
{ "type": "Feature", "properties": { "objectid": 301, "length": 0.0, "streets_": 0, "streets_id": 0, "code": 0, "type": 1, "id_no": 366, "oid": 365, "id": 366, "dpwn1": 0, "dpwn2": " ", "location": "Westborn St", "style": 1, "angle": "n", "segs": 1, "st_": "y", "street_nam": "Westborn St", "from_stree": "Mitchell St", "to_street": "Rothpeltz St", "int_": "n", "hood": 50, "hood2": " ", "l_feet": 101, "width": 5, "steps": 39, "treads": 0, "year": 0, "coded_": " ", "pix": " ", "comment": " ", "Shape__Length": 101.86307497521 }, "geometry": { "type": "LineString", "coordinates": [ [ -80.027857251064106, 40.4758260433507 ], [ -80.027637783001595, 40.476049861595698 ] ] } },
{ "type": "Feature", "properties": { "objectid": 302, "length": 0.0, "streets_": 0, "streets_id": 0, "code": 0, "type": 4, "id_no": 367, "oid": 366, "id": 367, "dpwn1": 49, "dpwn2": " ", "location": "Hall St and Wardwell St", "style": 4, "angle": "n", "segs": 1, "st_": "n", "street_nam": " ", "from_stree": "Hall St", "to_street": " ", "int_": "n", "hood": 50, "hood2": " ", "l_feet": 296, "width": 4, "steps": 71, "treads": 130, "year": 1948, "coded_": " ", "pix": "y", "comment": " ", "Shape__Length": 288.54974571732998 }, "geometry": { "type": "LineString", "coordinates": [ [ -80.027788455358206, 40.476902489311897 ], [ -80.026951492589106, 40.476434653973797 ] ] } },
{ "type": "Feature", "properties": { "objectid": 303, "length": 0.0, "streets_": 0, "streets_id": 0, "code": 0, "type": 2, "id_no": 143, "oid": 141, "id": 143, "dpwn1": 79, "dpwn2": " ", "location": "Eckert St", "style": 2, "angle": "n", "segs": 1, "st_": "y", "street_nam": "Eckert St", "from_stree": "Mullins St", "to_street": "Hartman St", "int_": "n", "hood": 50, "hood2": " ", "l_feet": 572, "width": 3, "steps": 32, "treads": 25, "year": 1940, "coded_": " ", "pix": " ", "comment": " ", "Shape__Length": 124.468291925446 }, "geometry": { "type": "LineString", "coordinates": [ [ -80.032229502647596, 40.47129188073 ], [ -80.031790738587901, 40.471358611722998 ] ] } },
{ "type": "Feature", "properties": { "objectid": 304, "length": 0.0, "streets_": 0, "streets_id": 0, "code": 0, "type": 1, "id_no": 144, "oid": 142, "id": 144, "dpwn1": 70, "dpwn2": " ", "location": "Dickson St", "style": 1, "angle": "n", "segs": 1, "st_": "y", "street_nam": "Dickson St", "from_stree": "Pitler St", "to_street": "Plough St", "int_": "n", "hood": 50, "hood2": " ", "l_feet": 406, "width": 4, "steps": 43, "treads": 89, "year": 1948, "coded_": " ", "pix": " ", "comment": " ", "Shape__Length": 271.91457463107002 }, "geometry": { "type": "LineString", "coordinates": [ [ -80.034445288390202, 40.468913688696901 ], [ -80.033509758042896, 40.469129610806803 ] ] } },
{ "type": "Feature", "properties": { "objectid": 305, "length": 0.0, "streets_": 0, "streets_id": 0, "code": 999, "type": 3, "id_no": 145, "oid": 143, "id": 145, "dpwn1": 0, "dpwn2": " ", "location": "Dickson St", "style": 3, "angle": "n", "segs": 2, "st_": "n", "street_nam": " ", "from_stree": "Claifornia Ave", "to_street": "Pitler St", "int_": "n", "hood": 50, "hood2": " ", "l_feet": 216, "width": 3, "steps": 23, "treads": 0, "year": 0, "coded_": " ", "pix": " ", "comment": " ", "Shape__Length": 258.178880648014 }, "geometry": { "type": "LineString", "coordinates": [ [ -80.035443782446094, 40.468762649069603 ], [ -80.034541550228695, 40.468928327862002 ] ] } },
{ "type": "Feature", "properties": { "objectid": 306, "length": 0.0, "streets_": 0, "streets_id": 0, "code": 0, "type": 3, "id_no": 147, "oid": 145, "id": 147, "dpwn1": 0, "dpwn2": " ", "location": "Woodland Ave at Pitler St", "style": 3, "angle": "n", "segs": 1, "st_": "n", "street_nam": " ", "from_stree": "Pitler St", "to_street": " ", "int_": "n", "hood": 50, "hood2": " ", "l_feet": 0, "width": 5, "steps": 32, "treads": 0, "year": 0, "coded_": " ", "pix": " ", "comment": "1/2 block sidewalk steps on Woodland Ave", "Shape__Length": 48.075225581187901 }, "geometry": { "type": "LineString", "coordinates": [ [ -80.034215877889807, 40.4683790665839 ], [ -80.034048066232501, 40.468410517834798 ] ] } },
{ "type": "Feature", "properties": { "objectid": 307, "length": 0.0, "streets_": 0, "streets_id": 0, "code": 0, "type": 2, "id_no": 146, "oid": 144, "id": 146, "dpwn1": 81, "dpwn2": " ", "location": "Woodland Ave to Tumbo Way", "style": 2, "angle": "y", "segs": 1, "st_": "n", "street_nam": " ", "from_stree": "Woodland Ave", "to_street": "Tumbo Way", "int_": "n", "hood": 50, "hood2": " ", "l_feet": 331, "width": 3, "steps": 80, "treads": 187, "year": 1940, "coded_": " ", "pix": " ", "comment": "wooden steps-angle at top-path (alley) straight", "Shape__Length": 341.81817905691099 }, "geometry": { "type": "LineString", "coordinates": [ [ -80.033407702115994, 40.467912148442501 ], [ -80.033355823704994, 40.4677273478611 ], [ -80.0343077112625, 40.467545945603099 ] ] } },
{ "type": "Feature", "properties": { "objectid": 308, "length": 0.0, "streets_": 0, "streets_id": 0, "code": 999, "type": 3, "id_no": 148, "oid": 146, "id": 148, "dpwn1": 0, "dpwn2": " ", "location": "Woodland Ave at California Ave", "style": 3, "angle": "n", "segs": 1, "st_": "n", "street_nam": " ", "from_stree": "California Ave", "to_street": " ", "int_": "n", "hood": 50, "hood2": " ", "l_feet": 0, "width": 0, "steps": 3, "treads": 0, "year": 0, "coded_": " ", "pix": " ", "comment": " ", "Shape__Length": 51.455362421952501 }, "geometry": { "type": "LineString", "coordinates": [ [ -80.0342904117892, 40.467035267768203 ], [ -80.034255300774007, 40.466896592541403 ] ] } },
{ "type": "Feature", "properties": { "objectid": 309, "length": 0.0, "streets_": 0, "streets_id": 0, "code": 999, "type": 1, "id_no": 149, "oid": 147, "id": 149, "dpwn1": 0, "dpwn2": " ", "location": "Ireland St", "style": 1, "angle": "n", "segs": 1, "st_": "n", "street_nam": " ", "from_stree": "Ireland St", "to_street": " ", "int_": "n", "hood": 50, "hood2": " ", "l_feet": 0, "width": 0, "steps": 35, "treads": 0, "year": 0, "coded_": " ", "pix": " ", "comment": "1/2 block from California St-right angle-toward Tumbo", "Shape__Length": 96.788806166638807 }, "geometry": { "type": "LineString", "coordinates": [ [ -80.033488113466902, 40.466703373771203 ], [ -80.033570395679405, 40.466961518348 ] ] } },
{ "type": "Feature", "properties": { "objectid": 310, "length": 0.0, "streets_": 0, "streets_id": 0, "code": 999, "type": 3, "id_no": 150, "oid": 148, "id": 150, "dpwn1": 0, "dpwn2": " ", "location": "Ireland St", "style": 3, "angle": "n", "segs": 1, "st_": "n", "street_nam": " ", "from_stree": "Ireland St", "to_street": " ", "int_": "n", "hood": 50, "hood2": " ", "l_feet": 0, "width": 0, "steps": 10, "treads": 0, "year": 0, "coded_": " ", "pix": " ", "comment": "at bottom of steps--1/4 block of sidewalk steps", "Shape__Length": 80.091596815945195 }, "geometry": { "type": "LineString", "coordinates": [ [ -80.033260354148894, 40.466764038922399 ], [ -80.033479164661202, 40.4667105713445 ], [ -80.033424521461001, 40.466725692306703 ] ] } },
{ "type": "Feature", "properties": { "objectid": 311, "length": 0.0, "streets_": 0, "streets_id": 0, "code": 0, "type": 4, "id_no": 141, "oid": 139, "id": 141, "dpwn1": 61, "dpwn2": " ", "location": "Stayton Rd", "style": 4, "angle": "n", "segs": 1, "st_": "n", "street_nam": " ", "from_stree": "Ingram St", "to_street": "Hodgkiss St", "int_": "n", "hood": 50, "hood2": " ", "l_feet": 77, "width": 4, "steps": 35, "treads": 0, "year": 1940, "coded_": " ", "pix": " ", "comment": " ", "Shape__Length": 180.83724391745201 }, "geometry": { "type": "LineString", "coordinates": [ [ -80.026549169794393, 40.467455096691403 ], [ -80.026411140253202, 40.466970024392502 ] ] } },
{ "type": "Feature", "properties": { "objectid": 312, "length": 0.0, "streets_": 0, "streets_id": 0, "code": 999, "type": 1, "id_no": 142, "oid": 140, "id": 142, "dpwn1": 0, "dpwn2": " ", "location": "Ridgecrest Dr and Brighton Ave", "style": 1, "angle": "y", "segs": 1, "st_": "n", "street_nam": " ", "from_stree": "Ridgecrest Rd", "to_street": "Brighton Ave", "int_": "n", "hood": 50, "hood2": " ", "l_feet": 0, "width": 0, "steps": 9, "treads": 0, "year": 0, "coded_": " ", "pix": " ", "comment": "path-steps-path", "Shape__Length": 180.57663703627301 }, "geometry": { "type": "LineString", "coordinates": [ [ -80.024989338430998, 40.464942325536001 ], [ -80.024820223562998, 40.464887583293098 ], [ -80.024462954912806, 40.465115280269302 ] ] } },
{ "type": "Feature", "properties": { "objectid": 313, "length": 0.0, "streets_": 0, "streets_id": 0, "code": 0, "type": 1, "id_no": 139, "oid": 137, "id": 139, "dpwn1": 57, "dpwn2": "0", "location": "Halsey Place", "style": 1, "angle": "n", "segs": 2, "st_": "y", "street_nam": "Halsey Pl", "from_stree": "Colorado St", "to_street": "Mennheim St", "int_": "y", "hood": 50, "hood2": " ", "l_feet": 0, "width": 5, "steps": 43, "treads": 0, "year": 0, "coded_": " ", "pix": "y", "comment": "steps up from Colorado-path-steps down to Mannhei", "Shape__Length": 281.22896026360303 }, "geometry": { "type": "LineString", "coordinates": [ [ -80.031376563356702, 40.464061533861901 ], [ -80.030394325228997, 40.464243511643097 ] ] } },
{ "type": "Feature", "properties": { "objectid": 314, "length": 0.0, "streets_": 0, "streets_id": 0, "code": 0, "type": 1, "id_no": 138, "oid": 136, "id": 138, "dpwn1": 0, "dpwn2": " ", "location": "Artmore St", "style": 1, "angle": "n", "segs": 1, "st_": "y", "street_nam": "Artmore St", "from_stree": "Artmore St", "to_street": "Halsey Place", "int_": "y", "hood": 50, "hood2": " ", "l_feet": 0, "width": 5, "steps": 33, "treads": 0, "year": 0, "coded_": " ", "pix": "y", "comment": "intersects with path between 2 Halsey Pl steps", "Shape__Length": 70.914845672046894 }, "geometry": { "type": "LineString", "coordinates": [ [ -80.030795586679403, 40.463968471518001 ], [ -80.030855674489402, 40.464157644341697 ] ] } },
{ "type": "Feature", "properties": { "objectid": 315, "length": 0.0, "streets_": 0, "streets_id": 0, "code": 0, "type": 1, "id_no": 140, "oid": 138, "id": 140, "dpwn1": 0, "dpwn2": " ", "location": "Halsey Place (path)", "style": 1, "angle": "n", "segs": 1, "st_": "n", "street_nam": " ", "from_stree": "Halsey Pl ace (path)", "to_street": "McCook St", "int_": "y", "hood": 50, "hood2": " ", "l_feet": 0, "width": 5, "steps": 9, "treads": 0, "year": 0, "coded_": " ", "pix": "y", "comment": "steps then long path", "Shape__Length": 487.31718282867598 }, "geometry": { "type": "LineString", "coordinates": [ [ -80.0311410554757, 40.4641114669096 ], [ -80.031259039151607, 40.464632943069198 ], [ -80.030673572699797, 40.465306497642501 ] ] } },
{ "type": "Feature", "properties": { "objectid": 316, "length": 0.0, "streets_": 0, "streets_id": 0, "code": 0, "type": 3, "id_no": 377, "oid": 376, "id": 377, "dpwn1": 0, "dpwn2": " ", "location": "Sorrell St", "style": 3, "angle": "n", "segs": 1, "st_": "n", "street_nam": "Sorrell St", "from_stree": "Overcliff St", "to_street": " ", "int_": "n", "hood": 50, "hood2": " ", "l_feet": 0, "width": 5, "steps": 11, "treads": 0, "year": 0, "coded_": " ", "pix": " ", "comment": " ", "Shape__Length": 114.766380156907 }, "geometry": { "type": "LineString", "coordinates": [ [ -80.028831633441996, 40.465298997404702 ], [ -80.028754426175695, 40.464989533526897 ] ] } },
{ "type": "Feature", "properties": { "objectid": 317, "length": 0.0, "streets_": 0, "streets_id": 0, "code": 0, "type": 1, "id_no": 359, "oid": 358, "id": 359, "dpwn1": 64, "dpwn2": " ", "location": "Rankin Ave", "style": 1, "angle": "n", "segs": 1, "st_": "y", "street_nam": "Rankin Ave", "from_stree": "Fleming Ave", "to_street": "Kalorama Way", "int_": "n", "hood": 13, "hood2": " ", "l_feet": 128, "width": 5, "steps": 71, "treads": 0, "year": 1929, "coded_": " ", "pix": "y", "comment": " ", "Shape__Length": 132.73591928222001 }, "geometry": { "type": "LineString", "coordinates": [ [ -80.038638388122706, 40.476488645300002 ], [ -80.038168231757098, 40.4765507272582 ] ] } },
{ "type": "Feature", "properties": { "objectid": 318, "length": 0.0, "streets_": 0, "streets_id": 0, "code": 0, "type": 1, "id_no": 369, "oid": 368, "id": 369, "dpwn1": 50, "dpwn2": " ", "location": "Wapello St", "style": 1, "angle": "y", "segs": 1, "st_": "y", "street_nam": "Wapello St", "from_stree": "Aquatic Way", "to_street": "Termon Ave", "int_": "n", "hood": 13, "hood2": " ", "l_feet": 91, "width": 4, "steps": 50, "treads": 35, "year": 1943, "coded_": " ", "pix": " ", "comment": " ", "Shape__Length": 125.094505936074 }, "geometry": { "type": "LineString", "coordinates": [ [ -80.032736699858006, 40.483510208532799 ], [ -80.032748116047799, 40.483166937746297 ] ] } },
{ "type": "Feature", "properties": { "objectid": 319, "length": 0.0, "streets_": 0, "streets_id": 0, "code": 0, "type": 1, "id_no": 371, "oid": 370, "id": 371, "dpwn1": 51, "dpwn2": " ", "location": "Wapello St", "style": 1, "angle": "n", "segs": 1, "st_": "y", "street_nam": "Wapello St", "from_stree": "Termon Ave", "to_street": "Cornell St", "int_": "n", "hood": 13, "hood2": " ", "l_feet": 0, "width": 4, "steps": 58, "treads": 0, "year": 1949, "coded_": " ", "pix": " ", "comment": " ", "Shape__Length": 83.532940719377706 }, "geometry": { "type": "LineString", "coordinates": [ [ -80.032692926152507, 40.4842587356748 ], [ -80.032708211985195, 40.484029737012598 ] ] } },
{ "type": "Feature", "properties": { "objectid": 320, "length": 0.0, "streets_": 0, "streets_id": 0, "code": 0, "type": 5, "id_no": 370, "oid": 369, "id": 370, "dpwn1": 53, "dpwn2": "51", "location": "Wapello St", "style": 5, "angle": "n", "segs": 1, "st_": "n", "street_nam": " ", "from_stree": "Termon Ave", "to_street": " ", "int_": "n", "hood": 13, "hood2": " ", "l_feet": 0, "width": 4, "steps": 31, "treads": 0, "year": 0, "coded_": " ", "pix": " ", "comment": " ", "Shape__Length": 128.49355251632699 }, "geometry": { "type": "LineString", "coordinates": [ [ -80.032785724726097, 40.483597201061301 ], [ -80.032763094125201, 40.483949489252197 ] ] } },
{ "type": "Feature", "properties": { "objectid": 321, "length": 0.0, "streets_": 0, "streets_id": 0, "code": 0, "type": 1, "id_no": 372, "oid": 371, "id": 372, "dpwn1": 52, "dpwn2": " ", "location": "Wapello St", "style": 1, "angle": "y", "segs": 1, "st_": "y", "street_nam": "Wapello St", "from_stree": "Benton Ave", "to_street": "West Pointe Ave", "int_": "n", "hood": 13, "hood2": " ", "l_feet": 56, "width": 4, "steps": 53, "treads": 69, "year": 1945, "coded_": " ", "pix": "y", "comment": " ", "Shape__Length": 54.550949386677203 }, "geometry": { "type": "LineString", "coordinates": [ [ -80.033448466731102, 40.485818308526603 ], [ -80.033317958865496, 40.485706537140103 ] ] } },
{ "type": "Feature", "properties": { "objectid": 322, "length": 0.0, "streets_": 0, "streets_id": 0, "code": 0, "type": 1, "id_no": 132, "oid": 130, "id": 132, "dpwn1": 578, "dpwn2": " ", "location": "B St", "style": 1, "angle": "n", "segs": 1, "st_": "y", "street_nam": "B St", "from_stree": "Lamont St", "to_street": "Morrison St", "int_": "n", "hood": 15, "hood2": " ", "l_feet": 103, "width": 4, "steps": 70, "treads": 33, "year": 1948, "coded_": " ", "pix": " ", "comment": " ", "Shape__Length": 112.30221022164 }, "geometry": { "type": "LineString", "coordinates": [ [ -80.020649832411493, 40.460510182060197 ], [ -80.020568695248798, 40.460208207837503 ] ] } },
{ "type": "Feature", "properties": { "objectid": 323, "length": 0.0, "streets_": 0, "streets_id": 0, "code": 0, "type": 3, "id_no": 133, "oid": 131, "id": 133, "dpwn1": 0, "dpwn2": " ", "location": "Morrison St", "style": 3, "angle": "n", "segs": 1, "st_": "n", "street_nam": " ", "from_stree": "St Marks Place", "to_street": "B St", "int_": "n", "hood": 15, "hood2": " ", "l_feet": 0, "width": 4, "steps": 13, "treads": 0, "year": 0, "coded_": " ", "pix": " ", "comment": " ", "Shape__Length": 266.38831426398099 }, "geometry": { "type": "LineString", "coordinates": [ [ -80.021781684588603, 40.4604012090686 ], [ -80.020850606525599, 40.460571288245703 ] ] } },
{ "type": "Feature", "properties": { "objectid": 324, "length": 0.0, "streets_": 0, "streets_id": 0, "code": 0, "type": 4, "id_no": 373, "oid": 372, "id": 373, "dpwn1": 73, "dpwn2": " ", "location": "Sunday St", "style": 4, "angle": "n", "segs": 1, "st_": "n", "street_nam": " ", "from_stree": "Sedgewick St", "to_street": "Oriana St", "int_": "n", "hood": 15, "hood2": " ", "l_feet": 226, "width": 4, "steps": 74, "treads": 152, "year": 1946, "coded_": " ", "pix": " ", "comment": " ", "Shape__Length": 587.14941907464197 }, "geometry": { "type": "LineString", "coordinates": [ [ -80.024184730655904, 40.460527423501297 ], [ -80.023183463898107, 40.460720585874498 ], [ -80.023451631779196, 40.461517599391698 ] ] } },
{ "type": "Feature", "properties": { "objectid": 325, "length": 0.0, "streets_": 0, "streets_id": 0, "code": 0, "type": 1, "id_no": 374, "oid": 373, "id": 374, "dpwn1": 75, "dpwn2": " ", "location": "St Ives St", "style": 1, "angle": "n", "segs": 1, "st_": "y", "street_nam": "St Ives St", "from_stree": "Morrison St", "to_street": "Sunday St", "int_": "n", "hood": 15, "hood2": " ", "l_feet": 164, "width": 4, "steps": 91, "treads": 73, "year": 1946, "coded_": " ", "pix": " ", "comment": " ", "Shape__Length": 213.069218920174 }, "geometry": { "type": "LineString", "coordinates": [ [ -80.023050631766793, 40.4601485867002 ], [ -80.023240941707598, 40.460715107001697 ] ] } },
{ "type": "Feature", "properties": { "objectid": 326, "length": 0.0, "streets_": 0, "streets_id": 0, "code": 0, "type": 1, "id_no": 134, "oid": 132, "id": 134, "dpwn1": 72, "dpwn2": " ", "location": "Hyena St", "style": 1, "angle": "n", "segs": 1, "st_": "y", "street_nam": "Hyena St", "from_stree": "Marvista St", "to_street": "Success St", "int_": "n", "hood": 15, "hood2": " ", "l_feet": 245, "width": 4, "steps": 166, "treads": 67, "year": 1945, "coded_": " ", "pix": "y", "comment": "pix if cleared of brush", "Shape__Length": 322.91977474972799 }, "geometry": { "type": "LineString", "coordinates": [ [ -80.026663784067907, 40.462484343892498 ], [ -80.026393380047296, 40.461622330789297 ] ] } },
{ "type": "Feature", "properties": { "objectid": 327, "length": 0.0, "streets_": 0, "streets_id": 0, "code": 999, "type": 3, "id_no": 137, "oid": 135, "id": 137, "dpwn1": 0, "dpwn2": " ", "location": "Marvista St", "style": 3, "angle": "n", "segs": 1, "st_": "n", "street_nam": " ", "from_stree": " ", "to_street": " ", "int_": "n", "hood": 15, "hood2": " ", "l_feet": 215, "width": 3, "steps": 66, "treads": 32, "year": 0, "coded_": " ", "pix": " ", "comment": "1/2 block up from California--for 1 block", "Shape__Length": 148.67986507933699 }, "geometry": { "type": "LineString", "coordinates": [ [ -80.028454851625696, 40.461299830600801 ], [ -80.027932576159998, 40.461386016123797 ] ] } },
{ "type": "Feature", "properties": { "objectid": 328, "length": 0.0, "streets_": 0, "streets_id": 0, "code": 0, "type": 1, "id_no": 135, "oid": 133, "id": 135, "dpwn1": 74, "dpwn2": " ", "location": "Marvista St", "style": 1, "angle": "n", "segs": 1, "st_": "y", "street_nam": "Marvista St", "from_stree": "Marvista St", "to_street": "Winifred St", "int_": "y", "hood": 15, "hood2": " ", "l_feet": 451, "width": 5, "steps": 209, "treads": 67, "year": 1951, "coded_": " ", "pix": "y", "comment": "ends 1 block before Winifred St", "Shape__Length": 236.72975151307301 }, "geometry": { "type": "LineString", "coordinates": [ [ -80.025307725003003, 40.461838856604601 ], [ -80.026138846374494, 40.461700026100203 ] ] } },
{ "type": "Feature", "properties": { "objectid": 329, "length": 0.0, "streets_": 0, "streets_id": 0, "code": 0, "type": 5, "id_no": 136, "oid": 134, "id": 136, "dpwn1": 0, "dpwn2": " ", "location": "Marvista St", "style": 5, "angle": "n", "segs": 1, "st_": "n", "street_nam": "Marvista St", "from_stree": "Hyena St", "to_street": "end", "int_": "y", "hood": 15, "hood2": " ", "l_feet": 0, "width": 5, "steps": 53, "treads": 0, "year": 0, "coded_": " ", "pix": "y", "comment": " ", "Shape__Length": 64.274244404639603 }, "geometry": { "type": "LineString", "coordinates": [ [ -80.026350825452695, 40.461623168809901 ], [ -80.0261249646382, 40.461660141577703 ] ] } },
{ "type": "Feature", "properties": { "objectid": 330, "length": 0.0, "streets_": 0, "streets_id": 0, "code": 0, "type": 1, "id_no": 325, "oid": 324, "id": 325, "dpwn1": 104, "dpwn2": " ", "location": "O'Hern St", "style": 1, "angle": "n", "segs": 1, "st_": "y", "street_nam": "O'Hern St", "from_stree": "Columbia Place", "to_street": "Buena Vista St", "int_": "n", "hood": 19, "hood2": "15", "l_feet": 81, "width": 5, "steps": 62, "treads": 0, "year": 1936, "coded_": " ", "pix": " ", "comment": " ", "Shape__Length": 134.06910078825501 }, "geometry": { "type": "LineString", "coordinates": [ [ -80.015838279070493, 40.4592493855897 ], [ -80.015373105024295, 40.459345236769899 ] ] } },
{ "type": "Feature", "properties": { "objectid": 331, "length": 0.0, "streets_": 0, "streets_id": 0, "code": 999, "type": 4, "id_no": 324, "oid": 323, "id": 324, "dpwn1": 105, "dpwn2": " ", "location": "O'Hern St", "style": 4, "angle": "n", "segs": 1, "st_": "n", "street_nam": " ", "from_stree": "Buena Vista St", "to_street": "Perrysville Ave", "int_": "n", "hood": 19, "hood2": "62", "l_feet": 450, "width": 4, "steps": 140, "treads": 0, "year": 1948, "coded_": " ", "pix": " ", "comment": " ", "Shape__Length": 686.26953937929102 }, "geometry": { "type": "LineString", "coordinates": [ [ -80.015353634047202, 40.459740108747503 ], [ -80.012960284072307, 40.460194783997203 ] ] } },
{ "type": "Feature", "properties": { "objectid": 332, "length": 0.0, "streets_": 0, "streets_id": 0, "code": 0, "type": 1, "id_no": 322, "oid": 321, "id": 322, "dpwn1": 82, "dpwn2": " ", "location": "Rolla St", "style": 1, "angle": "n", "segs": 1, "st_": "y", "street_nam": "Rolla St", "from_stree": "Irwin Ave", "to_street": "Yale St", "int_": "n", "hood": 62, "hood2": " ", "l_feet": 439, "width": 3, "steps": 232, "treads": 207, "year": 1949, "coded_": " ", "pix": " ", "comment": "numbers don't seem right check--not this many steps", "Shape__Length": 218.411125148417 }, "geometry": { "type": "LineString", "coordinates": [ [ -80.0167199502812, 40.4605656289568 ], [ -80.015958345758804, 40.460710661611699 ] ] } },
{ "type": "Feature", "properties": { "objectid": 333, "length": 0.0, "streets_": 0, "streets_id": 0, "code": 0, "type": 1, "id_no": 323, "oid": 322, "id": 323, "dpwn1": 55, "dpwn2": " ", "location": "Overlook St", "style": 1, "angle": "n", "segs": 1, "st_": "y", "street_nam": "Overlook St", "from_stree": "Rolla St", "to_street": "Geranium St", "int_": "n", "hood": 62, "hood2": " ", "l_feet": 107, "width": 5, "steps": 72, "treads": 29, "year": 1945, "coded_": " ", "pix": " ", "comment": " ", "Shape__Length": 98.945002716890301 }, "geometry": { "type": "LineString", "coordinates": [ [ -80.015404787253303, 40.461133496191998 ], [ -80.015226563162599, 40.460898471566502 ] ] } },
{ "type": "Feature", "properties": { "objectid": 334, "length": 0.0, "streets_": 0, "streets_id": 0, "code": 999, "type": 1, "id_no": 326, "oid": 325, "id": 326, "dpwn1": 103, "dpwn2": " ", "location": "E Jefferson St at Arch St", "style": 1, "angle": "y", "segs": 1, "st_": "n", "street_nam": " ", "from_stree": "Arch St", "to_street": "Perrysville Ave", "int_": "n", "hood": 19, "hood2": "62", "l_feet": 257, "width": 4, "steps": 131, "treads": 60, "year": 1948, "coded_": " ", "pix": " ", "comment": " ", "Shape__Length": 221.45903442866799 }, "geometry": { "type": "LineString", "coordinates": [ [ -80.010195393499401, 40.459858579058903 ], [ -80.010019393717002, 40.459265727722197 ] ] } },
{ "type": "Feature", "properties": { "objectid": 335, "length": 0.0, "streets_": 0, "streets_id": 0, "code": 999, "type": 1, "id_no": 327, "oid": 326, "id": 327, "dpwn1": 127, "dpwn2": " ", "location": "Kenton Way", "style": 1, "angle": "n", "segs": 2, "st_": "y", "street_nam": "Kenton Way", "from_stree": "Federal St", "to_street": "Clayton Ave", "int_": "n", "hood": 62, "hood2": " ", "l_feet": 110, "width": 4, "steps": 38, "treads": 0, "year": 1949, "coded_": " ", "pix": " ", "comment": "abandoned--Federal to Lithgow", "Shape__Length": 448.39255474282498 }, "geometry": { "type": "LineString", "coordinates": [ [ -80.010429522553906, 40.461762136902301 ], [ -80.008863701086995, 40.462052945839901 ] ] } },
{ "type": "Feature", "properties": { "objectid": 336, "length": 0.0, "streets_": 0, "streets_id": 0, "code": 0, "type": 13, "id_no": 328, "oid": 327, "id": 328, "dpwn1": 0, "dpwn2": " ", "location": "Langley Ave at Honduras St", "style": 13, "angle": "n", "segs": 1, "st_": "y", "street_nam": "Langley Ave", "from_stree": "Honduras St", "to_street": "Langley Ave", "int_": "n", "hood": 62, "hood2": " ", "l_feet": 0, "width": 5, "steps": 15, "treads": 0, "year": 0, "coded_": " ", "pix": " ", "comment": " ", "Shape__Length": 23.022554059590099 }, "geometry": { "type": "LineString", "coordinates": [ [ -80.012674728191698, 40.462683120610897 ], [ -80.012744563302107, 40.462649228581 ] ] } },
{ "type": "Feature", "properties": { "objectid": 337, "length": 0.0, "streets_": 0, "streets_id": 0, "code": 999, "type": 3, "id_no": 319, "oid": 318, "id": 319, "dpwn1": 191, "dpwn2": " ", "location": "Cutler St", "style": 3, "angle": "n", "segs": 1, "st_": "n", "street_nam": " ", "from_stree": "Wilson Ave", "to_street": "Perrysville Ave", "int_": "n", "hood": 62, "hood2": " ", "l_feet": 317, "width": 4, "steps": 106, "treads": 0, "year": 1948, "coded_": " ", "pix": "y", "comment": " ", "Shape__Length": 340.36680259994 }, "geometry": { "type": "LineString", "coordinates": [ [ -80.012910736377904, 40.465909322410603 ], [ -80.011725200860894, 40.466139662147398 ] ] } },
{ "type": "Feature", "properties": { "objectid": 338, "length": 0.0, "streets_": 0, "streets_id": 0, "code": 0, "type": 1, "id_no": 320, "oid": 319, "id": 320, "dpwn1": 77, "dpwn2": " ", "location": "Irwin Ave", "style": 1, "angle": "n", "segs": 1, "st_": "y", "street_nam": "Irwin Ave", "from_stree": "Melrose Ave", "to_street": "Chautauqua Court", "int_": "n", "hood": 62, "hood2": " ", "l_feet": 232, "width": 4, "steps": 177, "treads": 51, "year": 1946, "coded_": " ", "pix": "y", "comment": "numbers seem off-check in field", "Shape__Length": 286.51968846902298 }, "geometry": { "type": "LineString", "coordinates": [ [ -80.017853829981107, 40.463893474674101 ], [ -80.017615182184798, 40.4631283956438 ] ] } },
{ "type": "Feature", "properties": { "objectid": 339, "length": 0.0, "streets_": 0, "streets_id": 0, "code": 0, "type": 1, "id_no": 321, "oid": 320, "id": 321, "dpwn1": 0, "dpwn2": "78", "location": "Irwin Ave", "style": 1, "angle": "n", "segs": 2, "st_": "y", "street_nam": "Irwin Ave", "from_stree": "Strauss St", "to_street": "Chester Ave", "int_": "n", "hood": 62, "hood2": " ", "l_feet": 409, "width": 4, "steps": 229, "treads": 115, "year": 1946, "coded_": " ", "pix": " ", "comment": " ", "Shape__Length": 398.62547981697702 }, "geometry": { "type": "LineString", "coordinates": [ [ -80.018645473685197, 40.466328165327802 ], [ -80.018212918643997, 40.465285008598997 ] ] } },
{ "type": "Feature", "properties": { "objectid": 340, "length": 0.0, "streets_": 0, "streets_id": 0, "code": 0, "type": 1, "id_no": 329, "oid": 328, "id": 329, "dpwn1": 0, "dpwn2": " ", "location": "Kenn Ave", "style": 1, "angle": "y", "segs": 1, "st_": "y", "street_nam": "Kenn Ave", "from_stree": "Kenn Ave", "to_street": "Wilson Ave", "int_": "n", "hood": 62, "hood2": " ", "l_feet": 0, "width": 4, "steps": 20, "treads": 0, "year": 0, "coded_": " ", "pix": " ", "comment": " ", "Shape__Length": 31.832498055246699 }, "geometry": { "type": "LineString", "coordinates": [ [ -80.014291871200598, 40.468993840985704 ], [ -80.014346070263699, 40.468916887671298 ] ] } },
{ "type": "Feature", "properties": { "objectid": 341, "length": 0.0, "streets_": 0, "streets_id": 0, "code": 0, "type": 1, "id_no": 316, "oid": 315, "id": 316, "dpwn1": 116, "dpwn2": " ", "location": "Kenwood Ave", "style": 1, "angle": "n", "segs": 1, "st_": "y", "street_nam": "Kenwood Ave", "from_stree": "Maple Ave", "to_street": "Hazelton St", "int_": "n", "hood": 62, "hood2": " ", "l_feet": 149, "width": 5, "steps": 60, "treads": 149, "year": 1964, "coded_": " ", "pix": " ", "comment": " ", "Shape__Length": 173.457346102846 }, "geometry": { "type": "LineString", "coordinates": [ [ -80.007430645988407, 40.469702629697402 ], [ -80.006823883872997, 40.469812050947503 ] ] } },
{ "type": "Feature", "properties": { "objectid": 342, "length": 0.0, "streets_": 0, "streets_id": 0, "code": 999, "type": 11, "id_no": 317, "oid": 316, "id": 317, "dpwn1": 0, "dpwn2": " ", "location": "Kenwood Ave", "style": 11, "angle": "n", "segs": 1, "st_": "y", "street_nam": "Kenwood Ave", "from_stree": "Perrysville Ave", "to_street": "Maple Ave", "int_": "n", "hood": 62, "hood2": " ", "l_feet": 0, "width": 0, "steps": 0, "treads": 0, "year": 0, "coded_": " ", "pix": " ", "comment": " ", "Shape__Length": 216.15108225908 }, "geometry": { "type": "LineString", "coordinates": [ [ -80.008305863250598, 40.469555436517901 ], [ -80.007543050906307, 40.469667909795902 ] ] } },
{ "type": "Feature", "properties": { "objectid": 343, "length": 0.0, "streets_": 0, "streets_id": 0, "code": 0, "type": 4, "id_no": 315, "oid": 314, "id": 315, "dpwn1": 100, "dpwn2": " ", "location": "Daisey St", "style": 4, "angle": "n", "segs": 1, "st_": "n", "street_nam": " ", "from_stree": "Veteran St", "to_street": "Sherlock St", "int_": "n", "hood": 62, "hood2": " ", "l_feet": 99, "width": 5, "steps": 26, "treads": 0, "year": 1965, "coded_": " ", "pix": " ", "comment": " ", "Shape__Length": 213.54513078203101 }, "geometry": { "type": "LineString", "coordinates": [ [ -80.009319339514406, 40.473426002706503 ], [ -80.008552472309603, 40.473451182296998 ] ] } },
{ "type": "Feature", "properties": { "objectid": 344, "length": 0.0, "streets_": 0, "streets_id": 0, "code": 999, "type": 4, "id_no": 245, "oid": 244, "id": 245, "dpwn1": 434, "dpwn2": "0", "location": "Sterling St", "style": 4, "angle": "n", "segs": 3, "st_": "n", "street_nam": " ", "from_stree": "Spring St", "to_street": "Arlington Ave", "int_": "n", "hood": 4, "hood2": " ", "l_feet": 230, "width": 4, "steps": 66, "treads": 0, "year": 1948, "coded_": " ", "pix": " ", "comment": " ", "Shape__Length": 316.48979607265699 }, "geometry": { "type": "LineString", "coordinates": [ [ -79.974474091364996, 40.417205550174302 ], [ -79.974605165660094, 40.416342578884802 ] ] } },
{ "type": "Feature", "properties": { "objectid": 345, "length": 0.0, "streets_": 0, "streets_id": 0, "code": 0, "type": 4, "id_no": 246, "oid": 245, "id": 246, "dpwn1": 430, "dpwn2": " ", "location": "Eleanor St", "style": 4, "angle": "n", "segs": 1, "st_": "n", "street_nam": " ", "from_stree": "Spring St", "to_street": "Elsie St", "int_": "n", "hood": 4, "hood2": " ", "l_feet": 52, "width": 5, "steps": 17, "treads": 0, "year": 1980, "coded_": " ", "pix": " ", "comment": " ", "Shape__Length": 124.522885485675 }, "geometry": { "type": "LineString", "coordinates": [ [ -79.972993246562595, 40.416526887742599 ], [ -79.973050444976806, 40.4161878787286 ] ] } },
{ "type": "Feature", "properties": { "objectid": 346, "length": 0.0, "streets_": 0, "streets_id": 0, "code": 0, "type": 3, "id_no": 248, "oid": 247, "id": 248, "dpwn1": 0, "dpwn2": " ", "location": "Clover St", "style": 3, "angle": "n", "segs": 2, "st_": "n", "street_nam": " ", "from_stree": "Spring St", "to_street": "Charcot St", "int_": "n", "hood": 4, "hood2": " ", "l_feet": 0, "width": 0, "steps": 0, "treads": 0, "year": 0, "coded_": " ", "pix": " ", "comment": " ", "Shape__Length": 278.27684667344101 }, "geometry": { "type": "LineString", "coordinates": [ [ -79.971515816222393, 40.416781743024998 ], [ -79.971636701370201, 40.416023479385302 ] ] } },
{ "type": "Feature", "properties": { "objectid": 347, "length": 0.0, "streets_": 0, "streets_id": 0, "code": 0, "type": 3, "id_no": 247, "oid": 246, "id": 247, "dpwn1": 0, "dpwn2": " ", "location": "Eleanor St", "style": 3, "angle": "n", "segs": 1, "st_": "n", "street_nam": " ", "from_stree": "Elsie St", "to_street": "Charcot St", "int_": "n", "hood": 4, "hood2": " ", "l_feet": 74, "width": 5, "steps": 74, "treads": 0, "year": 0, "coded_": " ", "pix": " ", "comment": " ", "Shape__Length": 120.56959975225401 }, "geometry": { "type": "LineString", "coordinates": [ [ -79.973062240114302, 40.4169610088097 ], [ -79.973115227759195, 40.416632531593201 ] ] } },
{ "type": "Feature", "properties": { "objectid": 348, "length": 0.0, "streets_": 0, "streets_id": 0, "code": 999, "type": 4, "id_no": 103, "oid": 101, "id": 103, "dpwn1": 0, "dpwn2": " ", "location": "Bryn Mar Rd at Centre Ave", "style": 4, "angle": "n", "segs": 1, "st_": "n", "street_nam": " ", "from_stree": "Centre Ave", "to_street": "Bryn Mar Rd", "int_": "n", "hood": 85, "hood2": " ", "l_feet": 0, "width": 0, "steps": 6, "treads": 0, "year": 0, "coded_": " ", "pix": " ", "comment": " ", "Shape__Length": 33.083374602427 }, "geometry": { "type": "LineString", "coordinates": [ [ -79.957558168349806, 40.449227458571201 ], [ -79.957603717211498, 40.449143576061303 ] ] } },
{ "type": "Feature", "properties": { "objectid": 349, "length": 0.0, "streets_": 0, "streets_id": 0, "code": 0, "type": 1, "id_no": 344, "oid": 343, "id": 344, "dpwn1": 174, "dpwn2": " ", "location": "Cedarville Way", "style": 1, "angle": "n", "segs": 1, "st_": "y", "street_nam": "Cedarville Way", "from_stree": "Jupiter St", "to_street": "Lorigan Way", "int_": "n", "hood": 10, "hood2": " ", "l_feet": 33, "width": 5, "steps": 20, "treads": 0, "year": 1952, "coded_": " ", "pix": " ", "comment": "path at Lorigan Way", "Shape__Length": 184.00065082350301 }, "geometry": { "type": "LineString", "coordinates": [ [ -79.951380960401806, 40.458624111020796 ], [ -79.951733917911397, 40.458197006182601 ] ] } },
{ "type": "Feature", "properties": { "objectid": 350, "length": 0.0, "streets_": 0, "streets_id": 0, "code": 0, "type": 1, "id_no": 345, "oid": 344, "id": 345, "dpwn1": 173, "dpwn2": " ", "location": "Ella St", "style": 1, "angle": "n", "segs": 2, "st_": "y", "street_nam": "Ella St", "from_stree": "Lorigan Way", "to_street": "Minerva St", "int_": "y", "hood": 10, "hood2": " ", "l_feet": 227, "width": 4, "steps": 97, "treads": 0, "year": 1949, "coded_": " ", "pix": "y", "comment": " ", "Shape__Length": 181.96266893146699 }, "geometry": { "type": "LineString", "coordinates": [ [ -79.953785739903097, 40.460732082842 ], [ -79.954134783947495, 40.460309701498304 ] ] } },
{ "type": "Feature", "properties": { "objectid": 351, "length": 0.0, "streets_": 0, "streets_id": 0, "code": 0, "type": 1, "id_no": 346, "oid": 345, "id": 346, "dpwn1": 0, "dpwn2": " ", "location": "Wertz Way", "style": 1, "angle": "n", "segs": 1, "st_": "y", "street_nam": "Wertz Way", "from_stree": "Ella St", "to_street": "Wetz Way", "int_": "y", "hood": 10, "hood2": " ", "l_feet": 0, "width": 4, "steps": 14, "treads": 0, "year": 1949, "coded_": " ", "pix": "y", "comment": " ", "Shape__Length": 120.46569085381201 }, "geometry": { "type": "LineString", "coordinates": [ [ -79.953637995828799, 40.460282219749303 ], [ -79.953994865125395, 40.460469421556297 ] ] } },
{ "type": "Feature", "properties": { "objectid": 352, "length": 0.0, "streets_": 0, "streets_id": 0, "code": 999, "type": 13, "id_no": 347, "oid": 346, "id": 347, "dpwn1": 9, "dpwn2": " ", "location": "Government Way", "style": 13, "angle": "n", "segs": 1, "st_": "y", "street_nam": "Government Way", "from_stree": "40th St", "to_street": "Government Way", "int_": "n", "hood": 18, "hood2": " ", "l_feet": 0, "width": 4, "steps": 9, "treads": 0, "year": 1948, "coded_": " ", "pix": " ", "comment": " ", "Shape__Length": 31.019073785752202 }, "geometry": { "type": "LineString", "coordinates": [ [ -79.959308951987197, 40.466511493997601 ], [ -79.959379365194906, 40.466445479739299 ] ] } },
{ "type": "Feature", "properties": { "objectid": 353, "length": 0.0, "streets_": 0, "streets_id": 0, "code": 0, "type": 1, "id_no": 355, "oid": 354, "id": 355, "dpwn1": 523, "dpwn2": "237", "location": "Forbes Ave near Magee St", "style": 1, "angle": "n", "segs": 1, "st_": "n", "street_nam": " ", "from_stree": "Forbes Ave", "to_street": " ", "int_": "n", "hood": 11, "hood2": " ", "l_feet": 0, "width": 3, "steps": 18, "treads": 0, "year": 0, "coded_": " ", "pix": " ", "comment": "in parking lot", "Shape__Length": 68.610493617830798 }, "geometry": { "type": "LineString", "coordinates": [ [ -79.989149709439204, 40.437080111734701 ], [ -79.989143460484996, 40.436891836555297 ] ] } },
{ "type": "Feature", "properties": { "objectid": 354, "length": 0.0, "streets_": 0, "streets_id": 0, "code": 0, "type": 2, "id_no": 378, "oid": 377, "id": 378, "dpwn1": 56, "dpwn2": " ", "location": "A St", "style": 2, "angle": "n", "segs": 1, "st_": "y", "street_nam": "A St", "from_stree": "Lamont Way", "to_street": "Morrison St", "int_": "n", "hood": 15, "hood2": " ", "l_feet": 59, "width": 4, "steps": 19, "treads": 40, "year": 1950, "coded_": " ", "pix": " ", "comment": " ", "Shape__Length": 110.313225341121 }, "geometry": { "type": "LineString", "coordinates": [ [ -80.019512344623195, 40.460722545846998 ], [ -80.019415598589305, 40.4604288926081 ] ] } },
{ "type": "Feature", "properties": { "objectid": 355, "length": 0.0, "streets_": 0, "streets_id": 0, "code": 999, "type": 1, "id_no": 379, "oid": 378, "id": 379, "dpwn1": 84, "dpwn2": " ", "location": "Courtright St", "style": 1, "angle": "n", "segs": 1, "st_": "n", "street_nam": " ", "from_stree": "Courtright St", "to_street": "Wing Way", "int_": "y", "hood": 50, "hood2": " ", "l_feet": 86, "width": 4, "steps": 4, "treads": 0, "year": 1950, "coded_": " ", "pix": " ", "comment": " ", "Shape__Length": 142.09064560610699 }, "geometry": { "type": "LineString", "coordinates": [ [ -80.031095985464205, 40.475587595286903 ], [ -80.030997095115396, 40.475204939879298 ] ] } },
{ "type": "Feature", "properties": { "objectid": 356, "length": 0.0, "streets_": 0, "streets_id": 0, "code": 0, "type": 3, "id_no": 380, "oid": 379, "id": 380, "dpwn1": 0, "dpwn2": " ", "location": "Beckman St", "style": 3, "angle": "n", "segs": 1, "st_": "n", "street_nam": " ", "from_stree": "Gass Ave", "to_street": "Leonora St", "int_": "n", "hood": 13, "hood2": " ", "l_feet": 12, "width": 4, "steps": 4, "treads": 0, "year": 0, "coded_": " ", "pix": " ", "comment": " ", "Shape__Length": 41.274721791994402 }, "geometry": { "type": "LineString", "coordinates": [ [ -80.034755192522596, 40.476604349972597 ], [ -80.034610940340002, 40.476630846732199 ] ] } },
{ "type": "Feature", "properties": { "objectid": 357, "length": 0.0, "streets_": 0, "streets_id": 0, "code": 0, "type": 1, "id_no": 401, "oid": 400, "id": 401, "dpwn1": 46, "dpwn2": " ", "location": "Langraf St", "style": 1, "angle": "n", "segs": 1, "st_": "y", "street_nam": "Langraf St", "from_stree": "Mina St", "to_street": "Shine Way", "int_": "n", "hood": 75, "hood2": " ", "l_feet": 112, "width": 5, "steps": 28, "treads": 0, "year": 1983, "coded_": " ", "pix": " ", "comment": " ", "Shape__Length": 108.940515136016 }, "geometry": { "type": "LineString", "coordinates": [ [ -79.998724060665097, 40.4693006058137 ], [ -79.9985736909818, 40.469024496301699 ] ] } },
{ "type": "Feature", "properties": { "objectid": 358, "length": 0.0, "streets_": 0, "streets_id": 0, "code": 0, "type": 3, "id_no": 400, "oid": 399, "id": 400, "dpwn1": 132, "dpwn2": " ", "location": "Bly St", "style": 3, "angle": "n", "segs": 1, "st_": "n", "street_nam": "Bly St", "from_stree": "Royal St", "to_street": "end", "int_": "n", "hood": 75, "hood2": " ", "l_feet": 130, "width": 5, "steps": 48, "treads": 0, "year": 1949, "coded_": " ", "pix": "y", "comment": " ", "Shape__Length": 181.95037712477901 }, "geometry": { "type": "LineString", "coordinates": [ [ -79.998304677399801, 40.4674577157041 ], [ -79.9981629665903, 40.467336870192703 ], [ -79.998148421712699, 40.4673353082486 ], [ -79.997739506184303, 40.4672417957999 ] ] } },
{ "type": "Feature", "properties": { "objectid": 359, "length": 0.0, "streets_": 0, "streets_id": 0, "code": 999, "type": 3, "id_no": 398, "oid": 397, "id": 398, "dpwn1": 117, "dpwn2": " ", "location": "Suffolk St", "style": 3, "angle": "n", "segs": 1, "st_": "n", "street_nam": "Suffolk St", "from_stree": "East St", "to_street": "Peekskill St", "int_": "n", "hood": 62, "hood2": " ", "l_feet": 977, "width": 4, "steps": 97, "treads": 0, "year": 1950, "coded_": " ", "pix": " ", "comment": " ", "Shape__Length": 799.61171490739503 }, "geometry": { "type": "LineString", "coordinates": [ [ -80.001529410559499, 40.4688423406037 ], [ -80.001851791073705, 40.468718938948697 ], [ -80.002059076864398, 40.4685562188738 ], [ -80.002191070540505, 40.468360961891499 ], [ -80.002245664419505, 40.4682128168023 ], [ -80.002332850050607, 40.468014388089102 ], [ -80.002471677399399, 40.467875669842698 ], [ -80.003576209843999, 40.467472550383597 ] ] } },
{ "type": "Feature", "properties": { "objectid": 360, "length": 0.0, "streets_": 0, "streets_id": 0, "code": 0, "type": 1, "id_no": 399, "oid": 398, "id": 399, "dpwn1": 0, "dpwn2": " ", "location": "Wurzel Ave and Bark St", "style": 1, "angle": "n", "segs": 1, "st_": "y", "street_nam": "Bark St", "from_stree": "Wurzel Ave", "to_street": " ", "int_": "n", "hood": 62, "hood2": " ", "l_feet": 0, "width": 0, "steps": 76, "treads": 0, "year": 0, "coded_": " ", "pix": " ", "comment": "abandoned", "Shape__Length": 154.15632641924199 }, "geometry": { "type": "LineString", "coordinates": [ [ -80.004114811016294, 40.468230751443002 ], [ -80.003564865454194, 40.468282246615303 ] ] } },
{ "type": "Feature", "properties": { "objectid": 361, "length": 0.0, "streets_": 0, "streets_id": 0, "code": 0, "type": 3, "id_no": 391, "oid": 390, "id": 391, "dpwn1": 0, "dpwn2": " ", "location": "Tretow St at Watson Blvd", "style": 3, "angle": "n", "segs": 1, "st_": "n", "street_nam": " ", "from_stree": "Tretow St", "to_street": "Watson Blvd", "int_": "n", "hood": 61, "hood2": " ", "l_feet": 0, "width": 4, "steps": 3, "treads": 0, "year": 0, "coded_": " ", "pix": " ", "comment": " ", "Shape__Length": 55.871654287471799 }, "geometry": { "type": "LineString", "coordinates": [ [ -80.009351180950205, 40.478632419989701 ], [ -80.0093682466714, 40.478479608148099 ] ] } },
{ "type": "Feature", "properties": { "objectid": 362, "length": 0.0, "streets_": 0, "streets_id": 0, "code": 0, "type": 1, "id_no": 390, "oid": 389, "id": 390, "dpwn1": 96, "dpwn2": " ", "location": "Sigma Way", "style": 1, "angle": "n", "segs": 1, "st_": "y", "street_nam": "Sigma Way", "from_stree": "Watson Blvd", "to_street": "Delaware St", "int_": "n", "hood": 61, "hood2": " ", "l_feet": 141, "width": 4, "steps": 74, "treads": 36, "year": 1949, "coded_": " ", "pix": "y", "comment": " ", "Shape__Length": 167.61496286245401 }, "geometry": { "type": "LineString", "coordinates": [ [ -80.011039584967506, 40.480683286945997 ], [ -80.010439216406695, 40.4806441991987 ] ] } },
{ "type": "Feature", "properties": { "objectid": 363, "length": 0.0, "streets_": 0, "streets_id": 0, "code": 0, "type": 2, "id_no": 397, "oid": 396, "id": 397, "dpwn1": 94, "dpwn2": " ", "location": "Groyne St", "style": 2, "angle": "n", "segs": 1, "st_": "y", "street_nam": "Groyne St", "from_stree": "Groyne St", "to_street": "end", "int_": "n", "hood": 61, "hood2": " ", "l_feet": 48, "width": 3, "steps": 34, "treads": 0, "year": 1940, "coded_": " ", "pix": " ", "comment": " ", "Shape__Length": 26.710598483157799 }, "geometry": { "type": "LineString", "coordinates": [ [ -80.011974793361503, 40.485518675460803 ], [ -80.011977252696298, 40.485591971339403 ] ] } },
{ "type": "Feature", "properties": { "objectid": 364, "length": 0.0, "streets_": 0, "streets_id": 0, "code": 0, "type": 2, "id_no": 392, "oid": 391, "id": 392, "dpwn1": 92, "dpwn2": " ", "location": "Santiago St", "style": 2, "angle": "n", "segs": 1, "st_": "y", "street_nam": "Santiago St", "from_stree": "Franklin", "to_street": "Santiago St", "int_": "n", "hood": 61, "hood2": " ", "l_feet": 19, "width": 3, "steps": 11, "treads": 8, "year": 1940, "coded_": " ", "pix": " ", "comment": " ", "Shape__Length": 47.871435357956202 }, "geometry": { "type": "LineString", "coordinates": [ [ -80.020722700899896, 40.492886367045401 ], [ -80.020550637031405, 40.492889745343803 ] ] } },
{ "type": "Feature", "properties": { "objectid": 365, "length": 0.0, "streets_": 0, "streets_id": 0, "code": 0, "type": 2, "id_no": 393, "oid": 392, "id": 393, "dpwn1": 88, "dpwn2": " ", "location": "Woodsdale Way", "style": 2, "angle": "n", "segs": 1, "st_": "y", "street_nam": "Woodsdale Way", "from_stree": "Bascom St", "to_street": "Perryview Ave", "int_": "n", "hood": 61, "hood2": " ", "l_feet": 77, "width": 3, "steps": 41, "treads": 36, "year": 1950, "coded_": " ", "pix": " ", "comment": " ", "Shape__Length": 183.81526087233101 }, "geometry": { "type": "LineString", "coordinates": [ [ -80.024070857575794, 40.4945951436709 ], [ -80.024400464953203, 40.494157800554099 ] ] } },
{ "type": "Feature", "properties": { "objectid": 366, "length": 0.0, "streets_": 0, "streets_id": 0, "code": 0, "type": 6, "id_no": 394, "oid": 393, "id": 394, "dpwn1": 0, "dpwn2": "89", "location": "Roosevelt Ave", "style": 6, "angle": "n", "segs": 1, "st_": "n", "street_nam": " ", "from_stree": "Roosevelt Ave", "to_street": "Bascom St", "int_": "n", "hood": 61, "hood2": " ", "l_feet": 0, "width": 3, "steps": 23, "treads": 0, "year": 0, "coded_": " ", "pix": " ", "comment": " ", "Shape__Length": 90.556063007445104 }, "geometry": { "type": "LineString", "coordinates": [ [ -80.025993127094694, 40.494715947447702 ], [ -80.026306539386496, 40.4946485714296 ] ] } },
{ "type": "Feature", "properties": { "objectid": 367, "length": 0.0, "streets_": 0, "streets_id": 0, "code": 0, "type": 1, "id_no": 395, "oid": 394, "id": 395, "dpwn1": 86, "dpwn2": " ", "location": "Montview St", "style": 1, "angle": "n", "segs": 1, "st_": "n", "street_nam": " ", "from_stree": "Montview St", "to_street": "Wabana St", "int_": "n", "hood": 61, "hood2": " ", "l_feet": 120, "width": 4, "steps": 73, "treads": 41, "year": 1950, "coded_": " ", "pix": " ", "comment": " ", "Shape__Length": 132.496630171508 }, "geometry": { "type": "LineString", "coordinates": [ [ -80.024719741922198, 40.491997212855303 ], [ -80.024413810545596, 40.491718423087399 ] ] } },
{ "type": "Feature", "properties": { "objectid": 368, "length": 0.0, "streets_": 0, "streets_id": 0, "code": 0, "type": 1, "id_no": 396, "oid": 395, "id": 396, "dpwn1": 83, "dpwn2": " ", "location": "Doak Way", "style": 1, "angle": "n", "segs": 2, "st_": "y", "street_nam": "Doak Way", "from_stree": "Oakdale St", "to_street": "Dornestic St", "int_": "n", "hood": 61, "hood2": " ", "l_feet": 268, "width": 4, "steps": 168, "treads": 61, "year": 1949, "coded_": " ", "pix": "y", "comment": " ", "Shape__Length": 374.84198494123098 }, "geometry": { "type": "LineString", "coordinates": [ [ -80.026322039732094, 40.491009025571699 ], [ -80.027531020544203, 40.490554359809302 ] ] } },
{ "type": "Feature", "properties": { "objectid": 369, "length": 0.0, "streets_": 0, "streets_id": 0, "code": 999, "type": 1, "id_no": 389, "oid": 388, "id": 389, "dpwn1": 95, "dpwn2": " ", "location": "Perrysville Ave at Milroy St", "style": 1, "angle": "n", "segs": 1, "st_": "n", "street_nam": " ", "from_stree": "Perrysville Ave", "to_street": "Oak Park Rd", "int_": "n", "hood": 61, "hood2": " ", "l_feet": 108, "width": 4, "steps": 39, "treads": 0, "year": 1960, "coded_": " ", "pix": " ", "comment": " ", "Shape__Length": 113.729135602121 }, "geometry": { "type": "LineString", "coordinates": [ [ -80.012854976644704, 40.476193744021401 ], [ -80.012452413519597, 40.476248109220897 ] ] } },
{ "type": "Feature", "properties": { "objectid": 370, "length": 0.0, "streets_": 0, "streets_id": 0, "code": 0, "type": 4, "id_no": 387, "oid": 386, "id": 387, "dpwn1": 113, "dpwn2": "0", "location": "Mayfield St", "style": 4, "angle": "n", "segs": 3, "st_": "n", "street_nam": "Mayfield St", "from_stree": "Norwood Ave", "to_street": "Mohn Way", "int_": "n", "hood": 62, "hood2": " ", "l_feet": 353, "width": 4, "steps": 42, "treads": 0, "year": 1953, "coded_": " ", "pix": " ", "comment": " ", "Shape__Length": 383.34530870342297 }, "geometry": { "type": "LineString", "coordinates": [ [ -80.014911838667601, 40.4734145029377 ], [ -80.013535736868704, 40.473468434248304 ] ] } },
{ "type": "Feature", "properties": { "objectid": 371, "length": 0.0, "streets_": 0, "streets_id": 0, "code": 0, "type": 2, "id_no": 388, "oid": 387, "id": 388, "dpwn1": 112, "dpwn2": " ", "location": "Delger St", "style": 2, "angle": "n", "segs": 1, "st_": "y", "street_nam": "Delger St", "from_stree": "Hawkins St", "to_street": "Delger St", "int_": "n", "hood": 62, "hood2": " ", "l_feet": 31, "width": 3, "steps": 25, "treads": 6, "year": 1980, "coded_": " ", "pix": " ", "comment": " ", "Shape__Length": 29.478411791089499 }, "geometry": { "type": "LineString", "coordinates": [ [ -80.014389004476797, 40.472574829025199 ], [ -80.0143862879316, 40.472493937924803 ] ] } },
{ "type": "Feature", "properties": { "objectid": 372, "length": 0.0, "streets_": 0, "streets_id": 0, "code": 0, "type": 2, "id_no": 383, "oid": 382, "id": 383, "dpwn1": 121, "dpwn2": " ", "location": "Lenox St", "style": 2, "angle": "n", "segs": 1, "st_": "y", "street_nam": "Lenox St", "from_stree": "Wilson Ave", "to_street": "Lenox St", "int_": "n", "hood": 62, "hood2": " ", "l_feet": 16, "width": 3, "steps": 15, "treads": 0, "year": 1980, "coded_": " ", "pix": " ", "comment": " ", "Shape__Length": 82.014023467558403 }, "geometry": { "type": "LineString", "coordinates": [ [ -80.013348812320501, 40.466706615192599 ], [ -80.013630429763595, 40.466640128936803 ] ] } },
{ "type": "Feature", "properties": { "objectid": 373, "length": 0.0, "streets_": 0, "streets_id": 0, "code": 999, "type": 2, "id_no": 384, "oid": 383, "id": 384, "dpwn1": 119, "dpwn2": " ", "location": "McKees Lane", "style": 2, "angle": "n", "segs": 1, "st_": "y", "street_nam": "McKees Lane", "from_stree": "Burgess St", "to_street": "Perrysville Ave", "int_": "n", "hood": 62, "hood2": " ", "l_feet": 159, "width": 3, "steps": 37, "treads": 122, "year": 1980, "coded_": " ", "pix": "y", "comment": " ", "Shape__Length": 168.42243326941701 }, "geometry": { "type": "LineString", "coordinates": [ [ -80.011387484246001, 40.466941464586498 ], [ -80.011318858784193, 40.466482128235398 ] ] } },
{ "type": "Feature", "properties": { "objectid": 374, "length": 0.0, "streets_": 0, "streets_id": 0, "code": 0, "type": 3, "id_no": 318, "oid": 317, "id": 318, "dpwn1": 118, "dpwn2": " ", "location": "Maple Ave", "style": 3, "angle": "n", "segs": 2, "st_": "n", "street_nam": " ", "from_stree": "E McIntyre Ave", "to_street": "end", "int_": "n", "hood": 62, "hood2": " ", "l_feet": 21, "width": 5, "steps": 17, "treads": 21, "year": 1980, "coded_": " ", "pix": " ", "comment": " ", "Shape__Length": 820.44578663278003 }, "geometry": { "type": "LineString", "coordinates": [ [ -80.007982897103503, 40.468843951672902 ], [ -80.008646001431202, 40.467984163272902 ], [ -80.008668059894305, 40.467848238684603 ], [ -80.0083124285743, 40.466764462756302 ] ] } },
{ "type": "Feature", "properties": { "objectid": 375, "length": 0.0, "streets_": 0, "streets_id": 0, "code": 999, "type": 4, "id_no": 385, "oid": 384, "id": 385, "dpwn1": 59, "dpwn2": "0", "location": "Burgess St", "style": 4, "angle": "n", "segs": 2, "st_": "n", "street_nam": "Burgess St", "from_stree": "Perrysville Ave", "to_street": "Osgood St", "int_": "n", "hood": 62, "hood2": " ", "l_feet": 416, "width": 4, "steps": 70, "treads": 0, "year": 1980, "coded_": " ", "pix": " ", "comment": " ", "Shape__Length": 542.20380448910498 }, "geometry": { "type": "LineString", "coordinates": [ [ -80.009784111079298, 40.467535116738198 ], [ -80.0078984240578, 40.467910695855501 ] ] } },
{ "type": "Feature", "properties": { "objectid": 376, "length": 0.0, "streets_": 0, "streets_id": 0, "code": 0, "type": 2, "id_no": 386, "oid": 385, "id": 386, "dpwn1": 0, "dpwn2": " ", "location": "Off Osgood St", "style": 2, "angle": "n", "segs": 1, "st_": "n", "street_nam": " ", "from_stree": "Osgood St", "to_street": " ", "int_": "n", "hood": 62, "hood2": " ", "l_feet": 0, "width": 3, "steps": 63, "treads": 0, "year": 0, "coded_": " ", "pix": " ", "comment": " ", "Shape__Length": 111.898463967476 }, "geometry": { "type": "LineString", "coordinates": [ [ -80.007420061700103, 40.466869962554803 ], [ -80.007032516253503, 40.466952051077598 ] ] } },
{ "type": "Feature", "properties": { "objectid": 377, "length": 0.0, "streets_": 0, "streets_id": 0, "code": 999, "type": 1, "id_no": 382, "oid": 381, "id": 382, "dpwn1": 80, "dpwn2": " ", "location": "Farris St", "style": 1, "angle": "n", "segs": 1, "st_": "y", "street_nam": "Farris St", "from_stree": "Farris St", "to_street": "Brighton Rd", "int_": "n", "hood": 62, "hood2": " ", "l_feet": 155, "width": 4, "steps": 42, "treads": 41, "year": 1949, "coded_": " ", "pix": " ", "comment": " ", "Shape__Length": 170.98552876170299 }, "geometry": { "type": "LineString", "coordinates": [ [ -80.020716267900497, 40.463518016364802 ], [ -80.020561966893993, 40.463063700733002 ] ] } },
{ "type": "Feature", "properties": { "objectid": 378, "length": 0.0, "streets_": 0, "streets_id": 0, "code": 0, "type": 1, "id_no": 112, "oid": 110, "id": 112, "dpwn1": 135, "dpwn2": "543", "location": "Girdley Way", "style": 1, "angle": "y", "segs": 1, "st_": "y", "street_nam": "Girdley Way", "from_stree": "Royal St", "to_street": "Brahm St", "int_": "y", "hood": 75, "hood2": " ", "l_feet": 408, "width": 4, "steps": 258, "treads": 0, "year": 1949, "coded_": " ", "pix": " ", "comment": "near church on 279", "Shape__Length": 307.55790795785202 }, "geometry": { "type": "LineString", "coordinates": [ [ -79.999290053797907, 40.466392104120203 ], [ -79.999126909769203, 40.466488452952902 ], [ -79.998485281082495, 40.466204469719301 ], [ -79.998365905084498, 40.466283025324898 ] ] } },
{ "type": "Feature", "properties": { "objectid": 379, "length": 0.0, "streets_": 0, "streets_id": 0, "code": 0, "type": 1, "id_no": 412, "oid": 411, "id": 412, "dpwn1": 133, "dpwn2": " ", "location": "off Girdley Way", "style": 1, "angle": "n", "segs": 1, "st_": "n", "street_nam": " ", "from_stree": "Girdley Way", "to_street": "Staab St", "int_": "y", "hood": 75, "hood2": " ", "l_feet": 149, "width": 0, "steps": 35, "treads": 0, "year": 1949, "coded_": " ", "pix": " ", "comment": " ", "Shape__Length": 114.801925032894 }, "geometry": { "type": "LineString", "coordinates": [ [ -79.998924586765995, 40.466407684875698 ], [ -79.998723036783304, 40.466682659108301 ] ] } },
{ "type": "Feature", "properties": { "objectid": 380, "length": 0.0, "streets_": 0, "streets_id": 0, "code": 0, "type": 2, "id_no": 402, "oid": 401, "id": 402, "dpwn1": 123, "dpwn2": " ", "location": "off Warren St", "style": 2, "angle": "n", "segs": 1, "st_": "y", "street_nam": " ", "from_stree": "Warren St", "to_street": " ", "int_": "n", "hood": 33, "hood2": " ", "l_feet": 58, "width": 3, "steps": 22, "treads": 36, "year": 1990, "coded_": " ", "pix": " ", "comment": "between Carrie and Ural", "Shape__Length": 49.519733029650503 }, "geometry": { "type": "LineString", "coordinates": [ [ -80.002582719263799, 40.461636510602197 ], [ -80.002404812456803, 40.461639977324303 ] ] } },
{ "type": "Feature", "properties": { "objectid": 381, "length": 0.0, "streets_": 0, "streets_id": 0, "code": 0, "type": 3, "id_no": 403, "oid": 402, "id": 403, "dpwn1": 0, "dpwn2": " ", "location": "Lanark St", "style": 3, "angle": "n", "segs": 2, "st_": "n", "street_nam": "Lanark St", "from_stree": "Catona St", "to_street": "Hargate Way", "int_": "n", "hood": 33, "hood2": " ", "l_feet": 0, "width": 5, "steps": 19, "treads": 0, "year": 0, "coded_": " ", "pix": " ", "comment": "continues 1/2 block past Fineview", "Shape__Length": 429.49151748339 }, "geometry": { "type": "LineString", "coordinates": [ [ -80.004631469142396, 40.461771342934902 ], [ -80.004253520858697, 40.4606282844627 ] ] } },
{ "type": "Feature", "properties": { "objectid": 382, "length": 0.0, "streets_": 0, "streets_id": 0, "code": 0, "type": 6, "id_no": 404, "oid": 403, "id": 404, "dpwn1": 120, "dpwn2": " ", "location": "Morris Ave and Cemetery Ave", "style": 6, "angle": "n", "segs": 1, "st_": "n", "street_nam": "Cemetery Ave", "from_stree": "Morris Ave", "to_street": "Meadville St", "int_": "n", "hood": 33, "hood2": " ", "l_feet": 12, "width": 3, "steps": 7, "treads": 5, "year": 1980, "coded_": " ", "pix": " ", "comment": " ", "Shape__Length": 37.652097072953403 }, "geometry": { "type": "LineString", "coordinates": [ [ -80.005330447162095, 40.462619745152899 ], [ -80.005197583249895, 40.4626393342255 ] ] } },
{ "type": "Feature", "properties": { "objectid": 383, "length": 0.0, "streets_": 0, "streets_id": 0, "code": 0, "type": 7, "id_no": 405, "oid": 404, "id": 405, "dpwn1": 128, "dpwn2": " ", "location": "McNaughter St", "style": 7, "angle": "n", "segs": 1, "st_": "n", "street_nam": "McNaughter St", "from_stree": "Olive St", "to_street": "Mountford Ave", "int_": "n", "hood": 33, "hood2": " ", "l_feet": 115, "width": 3, "steps": 23, "treads": 92, "year": 1950, "coded_": " ", "pix": " ", "comment": " ", "Shape__Length": 125.35986328808499 }, "geometry": { "type": "LineString", "coordinates": [ [ -80.008307196496503, 40.464491153594601 ], [ -80.007865474345195, 40.464558898300297 ] ] } },
{ "type": "Feature", "properties": { "objectid": 384, "length": 0.0, "streets_": 0, "streets_id": 0, "code": 0, "type": 2, "id_no": 408, "oid": 407, "id": 408, "dpwn1": 129, "dpwn2": " ", "location": "end of Olive St", "style": 2, "angle": "y", "segs": 1, "st_": "n", "street_nam": " ", "from_stree": "Letsche St", "to_street": "Olive St", "int_": "n", "hood": 33, "hood2": " ", "l_feet": 160, "width": 3, "steps": 165, "treads": 0, "year": 1950, "coded_": " ", "pix": " ", "comment": "in very bad shape", "Shape__Length": 121.61354829856199 }, "geometry": { "type": "LineString", "coordinates": [ [ -80.008070292496697, 40.463365112778199 ], [ -80.008489986919301, 40.463271929081799 ] ] } },
{ "type": "Feature", "properties": { "objectid": 385, "length": 0.0, "streets_": 0, "streets_id": 0, "code": 0, "type": 6, "id_no": 406, "oid": 405, "id": 406, "dpwn1": 0, "dpwn2": " ", "location": "McNaughter St", "style": 6, "angle": "n", "segs": 1, "st_": "n", "street_nam": "McNaughter St", "from_stree": "Olive St", "to_street": " ", "int_": "n", "hood": 33, "hood2": " ", "l_feet": 0, "width": 3, "steps": 12, "treads": 0, "year": 0, "coded_": " ", "pix": " ", "comment": "1/2 block of steps", "Shape__Length": 57.1007316689319 }, "geometry": { "type": "LineString", "coordinates": [ [ -80.008379942289096, 40.464573724454603 ], [ -80.008178530618693, 40.464603774098499 ] ] } },
{ "type": "Feature", "properties": { "objectid": 386, "length": 0.0, "streets_": 0, "streets_id": 0, "code": 0, "type": 1, "id_no": 411, "oid": 410, "id": 411, "dpwn1": 156, "dpwn2": " ", "location": "off Rostock St", "style": 1, "angle": "n", "segs": 1, "st_": "n", "street_nam": " ", "from_stree": "Rostock St", "to_street": "Solar St", "int_": "n", "hood": 75, "hood2": " ", "l_feet": 139, "width": 4, "steps": 92, "treads": 78, "year": 1946, "coded_": " ", "pix": "y", "comment": " ", "Shape__Length": 137.439563533669 }, "geometry": { "type": "LineString", "coordinates": [ [ -79.997216714733995, 40.462879743779801 ], [ -79.9971375462884, 40.462507351506602 ] ] } },
{ "type": "Feature", "properties": { "objectid": 387, "length": 0.0, "streets_": 0, "streets_id": 0, "code": 0, "type": 2, "id_no": 409, "oid": 408, "id": 409, "dpwn1": 89, "dpwn2": " ", "location": "Roosevelt Ave", "style": 2, "angle": "n", "segs": 1, "st_": "n", "street_nam": " ", "from_stree": "Glenside St", "to_street": "Roosevelt Ave", "int_": "n", "hood": 61, "hood2": " ", "l_feet": 722, "width": 3, "steps": 76, "treads": 146, "year": 1950, "coded_": " ", "pix": " ", "comment": "in bad shape", "Shape__Length": 265.93339464187102 }, "geometry": { "type": "LineString", "coordinates": [ [ -80.026354563879906, 40.4946060088484 ], [ -80.027266033963699, 40.4943853992539 ] ] } },
{ "type": "Feature", "properties": { "objectid": 388, "length": 0.0, "streets_": 0, "streets_id": 0, "code": 0, "type": 2, "id_no": 410, "oid": 409, "id": 410, "dpwn1": 44, "dpwn2": " ", "location": "Transvaal Ave and Flora St", "style": 2, "angle": "n", "segs": 1, "st_": "y", "street_nam": "Flora St", "from_stree": "Transvaal Ave", "to_street": "Winter Alley", "int_": "n", "hood": 13, "hood2": " ", "l_feet": 70, "width": 3, "steps": 48, "treads": 0, "year": 1980, "coded_": " ", "pix": " ", "comment": " ", "Shape__Length": 52.091723884981697 }, "geometry": { "type": "LineString", "coordinates": [ [ -80.032597265917502, 40.4906530606101 ], [ -80.032410753513702, 40.490640056768903 ] ] } },
{ "type": "Feature", "properties": { "objectid": 389, "length": 0.0, "streets_": 0, "streets_id": 0, "code": 0, "type": 1, "id_no": 381, "oid": 380, "id": 381, "dpwn1": 0, "dpwn2": " ", "location": "Lapish Rd and Speck St", "style": 1, "angle": "n", "segs": 1, "st_": "y", "street_nam": "Transvaal Ave", "from_stree": "Lapish Rd", "to_street": "Haller St", "int_": "n", "hood": 13, "hood2": " ", "l_feet": 0, "width": 4, "steps": 49, "treads": 0, "year": 0, "coded_": " ", "pix": "y", "comment": " ", "Shape__Length": 181.67892190115501 }, "geometry": { "type": "LineString", "coordinates": [ [ -80.032576618007795, 40.489900003608398 ], [ -80.032559736943, 40.4894014664374 ] ] } },
{ "type": "Feature", "properties": { "objectid": 390, "length": 0.0, "streets_": 0, "streets_id": 0, "code": 0, "type": 1, "id_no": 424, "oid": 423, "id": 424, "dpwn1": 320, "dpwn2": " ", "location": "Thornton St and Surban St", "style": 1, "angle": "y", "segs": 1, "st_": "y", "street_nam": "Thornton St", "from_stree": "Surban St", "to_street": "Sherwood Ave", "int_": "n", "hood": 69, "hood2": " ", "l_feet": 208, "width": 5, "steps": 41, "treads": 0, "year": 1960, "coded_": " ", "pix": " ", "comment": " ", "Shape__Length": 226.047138069987 }, "geometry": { "type": "LineString", "coordinates": [ [ -80.057223823002502, 40.455473530860097 ], [ -80.057892097081094, 40.4551207922012 ] ] } },
{ "type": "Feature", "properties": { "objectid": 391, "length": 0.0, "streets_": 0, "streets_id": 0, "code": 999, "type": 1, "id_no": 414, "oid": 413, "id": 414, "dpwn1": 314, "dpwn2": " ", "location": "Universal St", "style": 1, "angle": "n", "segs": 2, "st_": "y", "street_nam": "Universal St", "from_stree": "Chartiers Ave", "to_street": "Newcomer St", "int_": "n", "hood": 69, "hood2": " ", "l_feet": 110, "width": 5, "steps": 60, "treads": 0, "year": 1950, "coded_": " ", "pix": "y", "comment": " ", "Shape__Length": 187.719190019877 }, "geometry": { "type": "LineString", "coordinates": [ [ -80.060744042491507, 40.453663797132997 ], [ -80.060327516117596, 40.453258483539301 ] ] } },
{ "type": "Feature", "properties": { "objectid": 392, "length": 0.0, "streets_": 0, "streets_id": 0, "code": 999, "type": 1, "id_no": 415, "oid": 414, "id": 415, "dpwn1": 310, "dpwn2": " ", "location": "Adon St", "style": 1, "angle": "n", "segs": 1, "st_": "y", "street_nam": "Adon St", "from_stree": "Chartiers Ave", "to_street": "Huxley St", "int_": "y", "hood": 69, "hood2": " ", "l_feet": 244, "width": 5, "steps": 62, "treads": 0, "year": 1947, "coded_": " ", "pix": "y", "comment": " ", "Shape__Length": 226.837745455083 }, "geometry": { "type": "LineString", "coordinates": [ [ -80.061129992312303, 40.453581837154303 ], [ -80.061712073244095, 40.4531459496786 ] ] } },
{ "type": "Feature", "properties": { "objectid": 393, "length": 0.0, "streets_": 0, "streets_id": 0, "code": 999, "type": 1, "id_no": 416, "oid": 415, "id": 416, "dpwn1": 313, "dpwn2": " ", "location": "Huxley St", "style": 1, "angle": "n", "segs": 1, "st_": "y", "street_nam": "Huxley St", "from_stree": "Chartiers Ave", "to_street": "Adon St", "int_": "y", "hood": 69, "hood2": " ", "l_feet": 108, "width": 5, "steps": 56, "treads": 0, "year": 1949, "coded_": " ", "pix": "y", "comment": " ", "Shape__Length": 116.661541931123 }, "geometry": { "type": "LineString", "coordinates": [ [ -80.062004318877499, 40.453393842124399 ], [ -80.061739822464503, 40.453145394656403 ] ] } },
{ "type": "Feature", "properties": { "objectid": 394, "length": 0.0, "streets_": 0, "streets_id": 0, "code": 999, "type": 1, "id_no": 417, "oid": 416, "id": 417, "dpwn1": 308, "dpwn2": " ", "location": "Mutual St", "style": 1, "angle": "n", "segs": 1, "st_": "y", "street_nam": "Mutual St", "from_stree": "Chartiers Ave", "to_street": "Mutual St", "int_": "n", "hood": 69, "hood2": " ", "l_feet": 0, "width": 5, "steps": 37, "treads": 0, "year": 1950, "coded_": " ", "pix": " ", "comment": "street sign-Mutual--streetnts--Bowser", "Shape__Length": 60.3342110542916 }, "geometry": { "type": "LineString", "coordinates": [ [ -80.0628168899092, 40.453378394781502 ], [ -80.062654028318804, 40.453487715343897 ] ] } },
{ "type": "Feature", "properties": { "objectid": 395, "length": 0.0, "streets_": 0, "streets_id": 0, "code": 999, "type": 1, "id_no": 418, "oid": 417, "id": 418, "dpwn1": 318, "dpwn2": " ", "location": "Pritchard St", "style": 1, "angle": "n", "segs": 1, "st_": "y", "street_nam": "Pritchard St", "from_stree": "Chartiers Ave", "to_street": "Kelvin St", "int_": "n", "hood": 69, "hood2": " ", "l_feet": 159, "width": 5, "steps": 41, "treads": 0, "year": 1948, "coded_": " ", "pix": " ", "comment": " ", "Shape__Length": 161.63343351953301 }, "geometry": { "type": "LineString", "coordinates": [ [ -80.064232831327402, 40.4533712644199 ], [ -80.063795110097502, 40.453662891921098 ] ] } },
{ "type": "Feature", "properties": { "objectid": 396, "length": 0.0, "streets_": 0, "streets_id": 0, "code": 999, "type": 3, "id_no": 420, "oid": 419, "id": 420, "dpwn1": 0, "dpwn2": " ", "location": "Mutual St", "style": 3, "angle": "n", "segs": 1, "st_": "n", "street_nam": "Mutual St", "from_stree": "Mutual St", "to_street": "Kelvin St", "int_": "n", "hood": 69, "hood2": " ", "l_feet": 0, "width": 5, "steps": 36, "treads": 0, "year": 0, "coded_": " ", "pix": " ", "comment": "street sign-Mutual--streetsnts--Bowser", "Shape__Length": 257.405317739304 }, "geometry": { "type": "LineString", "coordinates": [ [ -80.062800792128698, 40.4533425578608 ], [ -80.063508136885105, 40.4528872825679 ] ] } },
{ "type": "Feature", "properties": { "objectid": 397, "length": 0.0, "streets_": 0, "streets_id": 0, "code": 0, "type": 2, "id_no": 422, "oid": 421, "id": 422, "dpwn1": 315, "dpwn2": " ", "location": "Fadette St", "style": 2, "angle": "n", "segs": 1, "st_": "y", "street_nam": "Fadette St", "from_stree": "Petty Way", "to_street": "Pritchard St", "int_": "n", "hood": 69, "hood2": " ", "l_feet": 160, "width": 3, "steps": 51, "treads": 0, "year": 1980, "coded_": " ", "pix": " ", "comment": " ", "Shape__Length": 122.81362567159501 }, "geometry": { "type": "LineString", "coordinates": [ [ -80.065448032042099, 40.4519374500533 ], [ -80.065033394569795, 40.451822034143802 ] ] } },
{ "type": "Feature", "properties": { "objectid": 398, "length": 0.0, "streets_": 0, "streets_id": 0, "code": 0, "type": 1, "id_no": 421, "oid": 420, "id": 421, "dpwn1": 317, "dpwn2": " ", "location": "Jeffers St", "style": 1, "angle": "n", "segs": 2, "st_": "y", "street_nam": "Jeffers St", "from_stree": "Faronia St", "to_street": "Middletown Rd", "int_": "n", "hood": 69, "hood2": " ", "l_feet": 217, "width": 5, "steps": 76, "treads": 0, "year": 1946, "coded_": " ", "pix": " ", "comment": " ", "Shape__Length": 228.80231226282001 }, "geometry": { "type": "LineString", "coordinates": [ [ -80.0662890394389, 40.451389143149498 ], [ -80.066574250758705, 40.450800086515002 ] ] } },
{ "type": "Feature", "properties": { "objectid": 399, "length": 0.0, "streets_": 0, "streets_id": 0, "code": 0, "type": 2, "id_no": 438, "oid": 437, "id": 438, "dpwn1": 319, "dpwn2": " ", "location": "Thayer St", "style": 2, "angle": "n", "segs": 1, "st_": "y", "street_nam": "Thayer St", "from_stree": "Tuxedo St", "to_street": "Thayer St", "int_": "n", "hood": 69, "hood2": " ", "l_feet": 67, "width": 3, "steps": 51, "treads": 0, "year": 1970, "coded_": " ", "pix": " ", "comment": "fair shape", "Shape__Length": 79.627520033946695 }, "geometry": { "type": "LineString", "coordinates": [ [ -80.067199454034196, 40.453237582346198 ], [ -80.066932923708194, 40.453158076159397 ] ] } },
{ "type": "Feature", "properties": { "objectid": 400, "length": 0.0, "streets_": 0, "streets_id": 0, "code": 999, "type": 1, "id_no": 419, "oid": 418, "id": 419, "dpwn1": 323, "dpwn2": " ", "location": "end of Oltman St", "style": 1, "angle": "y", "segs": 1, "st_": "y", "street_nam": "Isabella St", "from_stree": "Oltman St", "to_street": "Chartiers Ave", "int_": "n", "hood": 21, "hood2": " ", "l_feet": 279, "width": 5, "steps": 81, "treads": 0, "year": 1949, "coded_": " ", "pix": " ", "comment": " ", "Shape__Length": 383.61471407312399 }, "geometry": { "type": "LineString", "coordinates": [ [ -80.068227715626605, 40.456897308388498 ], [ -80.066994226546399, 40.4573675007017 ] ] } },
{ "type": "Feature", "properties": { "objectid": 401, "length": 0.0, "streets_": 0, "streets_id": 0, "code": 999, "type": 3, "id_no": 425, "oid": 424, "id": 425, "dpwn1": 311, "dpwn2": " ", "location": "Allendale St", "style": 3, "angle": "n", "segs": 1, "st_": "n", "street_nam": " ", "from_stree": "Chartiers Ave", "to_street": "Tyndall St", "int_": "n", "hood": 69, "hood2": " ", "l_feet": 422, "width": 5, "steps": 32, "treads": 0, "year": 1982, "coded_": " ", "pix": " ", "comment": " ", "Shape__Length": 333.19046266158 }, "geometry": { "type": "LineString", "coordinates": [ [ -80.059313336588403, 40.453862991911002 ], [ -80.059358915602303, 40.452949050088399 ] ] } },
{ "type": "Feature", "properties": { "objectid": 402, "length": 0.0, "streets_": 0, "streets_id": 0, "code": 0, "type": 2, "id_no": 435, "oid": 434, "id": 435, "dpwn1": 312, "dpwn2": " ", "location": "Tybee St", "style": 2, "angle": "n", "segs": 1, "st_": "y", "street_nam": "Tybee St", "from_stree": "Universal St", "to_street": "Tybee St", "int_": "n", "hood": 69, "hood2": " ", "l_feet": 22, "width": 3, "steps": 21, "treads": 0, "year": 1980, "coded_": " ", "pix": " ", "comment": " ", "Shape__Length": 60.3342110542916 }, "geometry": { "type": "LineString", "coordinates": [ [ -80.059996057120003, 40.452904499162599 ], [ -80.060158921609499, 40.452795182333503 ] ] } },
{ "type": "Feature", "properties": { "objectid": 403, "length": 0.0, "streets_": 0, "streets_id": 0, "code": 0, "type": 3, "id_no": 436, "oid": 435, "id": 436, "dpwn1": 355, "dpwn2": " ", "location": "Huxley St", "style": 3, "angle": "n", "segs": 1, "st_": "n", "street_nam": " ", "from_stree": "Emporia St", "to_street": "Tybee St", "int_": "n", "hood": 69, "hood2": " ", "l_feet": 262, "width": 5, "steps": 12, "treads": 0, "year": 1960, "coded_": " ", "pix": " ", "comment": "brick and asphalt", "Shape__Length": 220.94052034164699 }, "geometry": { "type": "LineString", "coordinates": [ [ -80.061341889651203, 40.452877592890601 ], [ -80.060853450195296, 40.452399476112603 ] ] } },
{ "type": "Feature", "properties": { "objectid": 404, "length": 0.0, "streets_": 0, "streets_id": 0, "code": 999, "type": 1, "id_no": 413, "oid": 412, "id": 413, "dpwn1": 309, "dpwn2": " ", "location": "Litchfield St", "style": 1, "angle": "n", "segs": 2, "st_": "y", "street_nam": "Litchfield St", "from_stree": "Chartiers Ave", "to_street": "Toledo St", "int_": "n", "hood": 23, "hood2": " ", "l_feet": 279, "width": 5, "steps": 113, "treads": 0, "year": 1947, "coded_": " ", "pix": "y", "comment": " ", "Shape__Length": 272.13513175992898 }, "geometry": { "type": "LineString", "coordinates": [ [ -80.054277667407902, 40.452551977538498 ], [ -80.054363315220201, 40.451807839719898 ] ] } },
{ "type": "Feature", "properties": { "objectid": 405, "length": 0.0, "streets_": 0, "streets_id": 0, "code": 0, "type": 1, "id_no": 423, "oid": 422, "id": 423, "dpwn1": 0, "dpwn2": " ", "location": "Straka St", "style": 1, "angle": "y", "segs": 3, "st_": "y", "street_nam": "Straka St", "from_stree": "Berry St", "to_street": "Sanborn St", "int_": "n", "hood": 23, "hood2": " ", "l_feet": 0, "width": 3, "steps": 104, "treads": 0, "year": 0, "coded_": " ", "pix": "y", "comment": "very unusual--no handrail--just isolated steps", "Shape__Length": 743.78941454956703 }, "geometry": { "type": "LineString", "coordinates": [ [ -80.055358394325907, 40.4520463531465 ], [ -80.055290361615207, 40.451715109471003 ], [ -80.0554043466677, 40.4508524064006 ], [ -80.055462041671205, 40.4506789289252 ], [ -80.0561578692447, 40.450287184374197 ] ] } },
{ "type": "Feature", "properties": { "objectid": 406, "length": 0.0, "streets_": 0, "streets_id": 0, "code": 0, "type": 2, "id_no": 439, "oid": 438, "id": 439, "dpwn1": 324, "dpwn2": " ", "location": "Jenkins St", "style": 2, "angle": "n", "segs": 1, "st_": "y", "street_nam": "Jenkins St", "from_stree": "Berry St", "to_street": "Jenkins St", "int_": "n", "hood": 69, "hood2": " ", "l_feet": 25, "width": 3, "steps": 16, "treads": 0, "year": 1950, "coded_": " ", "pix": " ", "comment": " ", "Shape__Length": 106.551864438126 }, "geometry": { "type": "LineString", "coordinates": [ [ -80.063901308187894, 40.448159662175001 ], [ -80.064172178837097, 40.448366362249999 ] ] } },
{ "type": "Feature", "properties": { "objectid": 407, "length": 0.0, "streets_": 0, "streets_id": 0, "code": 0, "type": 5, "id_no": 426, "oid": 425, "id": 426, "dpwn1": 329, "dpwn2": " ", "location": "Radcliffe St and Maple Way", "style": 5, "angle": "n", "segs": 1, "st_": "n", "street_nam": "Radcliffe St", "from_stree": "Maple Way", "to_street": "Stadium St", "int_": "n", "hood": 31, "hood2": " ", "l_feet": 18, "width": 5, "steps": 22, "treads": 0, "year": 1980, "coded_": " ", "pix": " ", "comment": " ", "Shape__Length": 74.597305520494004 }, "geometry": { "type": "LineString", "coordinates": [ [ -80.054522386758293, 40.4613395864219 ], [ -80.054418733329797, 40.461150742540099 ] ] } },
{ "type": "Feature", "properties": { "objectid": 408, "length": 0.0, "streets_": 0, "streets_id": 0, "code": 999, "type": 1, "id_no": 432, "oid": 431, "id": 432, "dpwn1": 328, "dpwn2": " ", "location": "Boulder Way", "style": 1, "angle": "n", "segs": 2, "st_": "y", "street_nam": "Boulder Way", "from_stree": "Stafford St", "to_street": "Glen Mawr", "int_": "n", "hood": 69, "hood2": " ", "l_feet": 219, "width": 5, "steps": 138, "treads": 0, "year": 1947, "coded_": " ", "pix": " ", "comment": " ", "Shape__Length": 229.29082391201101 }, "geometry": { "type": "LineString", "coordinates": [ [ -80.054353067645806, 40.4596353749223 ], [ -80.055035273866906, 40.459282376408702 ] ] } },
{ "type": "Feature", "properties": { "objectid": 409, "length": 0.0, "streets_": 0, "streets_id": 0, "code": 999, "type": 1, "id_no": 431, "oid": 430, "id": 431, "dpwn1": 325, "dpwn2": " ", "location": "Ashlyn St", "style": 1, "angle": "n", "segs": 2, "st_": "y", "street_nam": "Ashlyn St", "from_stree": "Stafford St", "to_street": "Brevet Way", "int_": "y", "hood": 69, "hood2": " ", "l_feet": 255, "width": 5, "steps": 102, "treads": 0, "year": 1952, "coded_": " ", "pix": " ", "comment": " ", "Shape__Length": 232.5534198313 }, "geometry": { "type": "LineString", "coordinates": [ [ -80.053887066207906, 40.458594656968899 ], [ -80.053190985094901, 40.458947925237403 ] ] } },
{ "type": "Feature", "properties": { "objectid": 410, "length": 0.0, "streets_": 0, "streets_id": 0, "code": 0, "type": 1, "id_no": 433, "oid": 432, "id": 433, "dpwn1": 0, "dpwn2": " ", "location": "Merwyn Ave", "style": 1, "angle": "n", "segs": 1, "st_": "y", "street_nam": "Merwyn Ave", "from_stree": "Ashlyn St", "to_street": "Merwyn Ave", "int_": "y", "hood": 69, "hood2": " ", "l_feet": 0, "width": 5, "steps": 4, "treads": 0, "year": 1952, "coded_": " ", "pix": " ", "comment": " ", "Shape__Length": 27.852898517772999 }, "geometry": { "type": "LineString", "coordinates": [ [ -80.053474413380698, 40.458708942489402 ], [ -80.053532088662294, 40.458771429893702 ] ] } },
{ "type": "Feature", "properties": { "objectid": 411, "length": 0.0, "streets_": 0, "streets_id": 0, "code": 0, "type": 3, "id_no": 430, "oid": 429, "id": 430, "dpwn1": 358, "dpwn2": " ", "location": "Glascow St", "style": 3, "angle": "n", "segs": 1, "st_": "n", "street_nam": " ", "from_stree": "Narcissus Ave", "to_street": "Hammond St", "int_": "n", "hood": 69, "hood2": " ", "l_feet": 598, "width": 5, "steps": 114, "treads": 0, "year": 1951, "coded_": " ", "pix": " ", "comment": " ", "Shape__Length": 364.29350471726798 }, "geometry": { "type": "LineString", "coordinates": [ [ -80.049214035930902, 40.457599231818399 ], [ -80.048302377104605, 40.456881583185996 ] ] } },
{ "type": "Feature", "properties": { "objectid": 412, "length": 0.0, "streets_": 0, "streets_id": 0, "code": 0, "type": 1, "id_no": 429, "oid": 428, "id": 429, "dpwn1": 327, "dpwn2": " ", "location": "Wyckoff St", "style": 1, "angle": "n", "segs": 2, "st_": "y", "street_nam": "Wyckoff St", "from_stree": "Merwyn Ave", "to_street": "Stafford St", "int_": "n", "hood": 69, "hood2": " ", "l_feet": 250, "width": 5, "steps": 83, "treads": 0, "year": 1949, "coded_": " ", "pix": " ", "comment": " ", "Shape__Length": 260.396815503977 }, "geometry": { "type": "LineString", "coordinates": [ [ -80.048185777999706, 40.454274795976602 ], [ -80.048664683976, 40.453660723385198 ] ] } },
{ "type": "Feature", "properties": { "objectid": 413, "length": 0.0, "streets_": 0, "streets_id": 0, "code": 999, "type": 3, "id_no": 428, "oid": 427, "id": 428, "dpwn1": 321, "dpwn2": " ", "location": "Glen Mawr Ave", "style": 3, "angle": "n", "segs": 1, "st_": "n", "street_nam": " ", "from_stree": "W Carson St", "to_street": " ", "int_": "n", "hood": 69, "hood2": " ", "l_feet": 269, "width": 5, "steps": 32, "treads": 0, "year": 1949, "coded_": " ", "pix": " ", "comment": " ", "Shape__Length": 339.13937905147299 }, "geometry": { "type": "LineString", "coordinates": [ [ -80.040973335908902, 40.454492224288302 ], [ -80.040859597706003, 40.454150692633597 ], [ -80.040838806871093, 40.454049476704697 ], [ -80.040885881159895, 40.453902729561499 ], [ -80.041096086683893, 40.453620190525797 ] ] } },
{ "type": "Feature", "properties": { "objectid": 414, "length": 0.0, "streets_": 0, "streets_id": 0, "code": 0, "type": 1, "id_no": 452, "oid": 451, "id": 452, "dpwn1": 345, "dpwn2": " ", "location": "Small Way", "style": 1, "angle": "y", "segs": 1, "st_": "y", "street_nam": "Small Way", "from_stree": "Crucible St", "to_street": "Dickens St", "int_": "n", "hood": 23, "hood2": " ", "l_feet": 259, "width": 5, "steps": 117, "treads": 0, "year": 1949, "coded_": " ", "pix": " ", "comment": " ", "Shape__Length": 247.229670597237 }, "geometry": { "type": "LineString", "coordinates": [ [ -80.046316830037497, 40.445563067926699 ], [ -80.045738655054507, 40.4460782778458 ] ] } },
{ "type": "Feature", "properties": { "objectid": 415, "length": 0.0, "streets_": 0, "streets_id": 0, "code": 0, "type": 2, "id_no": 451, "oid": 450, "id": 451, "dpwn1": 339, "dpwn2": " ", "location": "Lorentz Ave", "style": 2, "angle": "n", "segs": 2, "st_": "y", "street_nam": "Lorentz Ave", "from_stree": "Steuben St", "to_street": "Harker St", "int_": "n", "hood": 30, "hood2": " ", "l_feet": 245, "width": 3, "steps": 88, "treads": 0, "year": 1990, "coded_": " ", "pix": " ", "comment": " ", "Shape__Length": 259.56473716593399 }, "geometry": { "type": "LineString", "coordinates": [ [ -80.043225775274294, 40.442335369074897 ], [ -80.042491070080104, 40.442774191609303 ] ] } },
{ "type": "Feature", "properties": { "objectid": 416, "length": 0.0, "streets_": 0, "streets_id": 0, "code": 0, "type": 1, "id_no": 449, "oid": 448, "id": 449, "dpwn1": 330, "dpwn2": " ", "location": "Planet St", "style": 12, "angle": "n", "segs": 1, "st_": "y", "street_nam": "Planet St", "from_stree": "Elliott St", "to_street": "Attica St", "int_": "n", "hood": 30, "hood2": "87", "l_feet": 199, "width": 5, "steps": 133, "treads": 0, "year": 1947, "coded_": " ", "pix": "y", "comment": " ", "Shape__Length": 169.42256746372101 }, "geometry": { "type": "LineString", "coordinates": [ [ -80.035957666646993, 40.4425111901161 ], [ -80.035693595812901, 40.442092169290198 ] ] } },
{ "type": "Feature", "properties": { "objectid": 417, "length": 0.0, "streets_": 0, "streets_id": 0, "code": 999, "type": 1, "id_no": 448, "oid": 447, "id": 448, "dpwn1": 336, "dpwn2": " ", "location": "Balfour St", "style": 1, "angle": "y", "segs": 2, "st_": "y", "street_nam": "Balfour St", "from_stree": "Steuben St", "to_street": "Lander St", "int_": "n", "hood": 30, "hood2": "87", "l_feet": 323, "width": 5, "steps": 232, "treads": 0, "year": 1947, "coded_": " ", "pix": "y", "comment": " ", "Shape__Length": 313.458165934899 }, "geometry": { "type": "LineString", "coordinates": [ [ -80.033461208319494, 40.4433984284356 ], [ -80.033004250299399, 40.442611999622102 ] ] } },
{ "type": "Feature", "properties": { "objectid": 418, "length": 0.0, "streets_": 0, "streets_id": 0, "code": 999, "type": 4, "id_no": 450, "oid": 449, "id": 450, "dpwn1": 337, "dpwn2": " ", "location": "Sanctus St", "style": 4, "angle": "n", "segs": 1, "st_": "n", "street_nam": " ", "from_stree": "Violet Way", "to_street": "Steuben St", "int_": "n", "hood": 87, "hood2": " ", "l_feet": 30, "width": 5, "steps": 31, "treads": 0, "year": 1960, "coded_": " ", "pix": " ", "comment": " ", "Shape__Length": 102.494625205237 }, "geometry": { "type": "LineString", "coordinates": [ [ -80.0332760838387, 40.442352847553003 ], [ -80.033128560023002, 40.442095064392497 ] ] } },
{ "type": "Feature", "properties": { "objectid": 419, "length": 0.0, "streets_": 0, "streets_id": 0, "code": 0, "type": 1, "id_no": 447, "oid": 446, "id": 447, "dpwn1": 344, "dpwn2": " ", "location": "Clairhaven St", "style": 1, "angle": "n", "segs": 1, "st_": "y", "street_nam": "Clairhaven St", "from_stree": "Arnold St", "to_street": "Norwalk St", "int_": "n", "hood": 23, "hood2": " ", "l_feet": 292, "width": 4, "steps": 67, "treads": 0, "year": 1945, "coded_": " ", "pix": " ", "comment": " ", "Shape__Length": 186.15264361841099 }, "geometry": { "type": "LineString", "coordinates": [ [ -80.052360151485203, 40.439924642154402 ], [ -80.051850445649094, 40.4402554636292 ] ] } },
{ "type": "Feature", "properties": { "objectid": 420, "length": 0.0, "streets_": 0, "streets_id": 0, "code": 0, "type": 4, "id_no": 440, "oid": 439, "id": 440, "dpwn1": 340, "dpwn2": " ", "location": "Round Top St", "style": 4, "angle": "n", "segs": 1, "st_": "n", "street_nam": "Round Top St", "from_stree": "Arnold St", "to_street": "Norwalk  St", "int_": "n", "hood": 23, "hood2": " ", "l_feet": 260, "width": 5, "steps": 53, "treads": 0, "year": 1948, "coded_": " ", "pix": " ", "comment": " ", "Shape__Length": 204.11579361507299 }, "geometry": { "type": "LineString", "coordinates": [ [ -80.054694658217898, 40.441932084487497 ], [ -80.055363448317394, 40.441702231064802 ] ] } },
{ "type": "Feature", "properties": { "objectid": 421, "length": 0.0, "streets_": 0, "streets_id": 0, "code": 0, "type": 1, "id_no": 441, "oid": 440, "id": 441, "dpwn1": 0, "dpwn2": "341", "location": "Irvona Way", "style": 1, "angle": "n", "segs": 1, "st_": "y", "street_nam": "Irvona Way", "from_stree": "Clairtonica St", "to_street": " ", "int_": "n", "hood": 23, "hood2": " ", "l_feet": 0, "width": 4, "steps": 41, "treads": 0, "year": 0, "coded_": " ", "pix": " ", "comment": " ", "Shape__Length": 88.316019209767205 }, "geometry": { "type": "LineString", "coordinates": [ [ -80.058847354264799, 40.440878843111904 ], [ -80.058561509561201, 40.440984071527801 ] ] } },
{ "type": "Feature", "properties": { "objectid": 422, "length": 0.0, "streets_": 0, "streets_id": 0, "code": 0, "type": 2, "id_no": 442, "oid": 441, "id": 442, "dpwn1": 343, "dpwn2": " ", "location": "Ridenour Ave", "style": 2, "angle": "n", "segs": 1, "st_": "y", "street_nam": "Ridenour Ave", "from_stree": "Earlham St", "to_street": "end", "int_": "n", "hood": 23, "hood2": " ", "l_feet": 220, "width": 3, "steps": 107, "treads": 0, "year": 1980, "coded_": " ", "pix": " ", "comment": " ", "Shape__Length": 188.70487287199899 }, "geometry": { "type": "LineString", "coordinates": [ [ -80.059468828946706, 40.439163567571399 ], [ -80.059916310894195, 40.439552693825902 ] ] } },
{ "type": "Feature", "properties": { "objectid": 423, "length": 0.0, "streets_": 0, "streets_id": 0, "code": 999, "type": 2, "id_no": 446, "oid": 445, "id": 446, "dpwn1": 342, "dpwn2": " ", "location": "Stratmore Ave and Crafton Blvd", "style": 2, "angle": "n", "segs": 1, "st_": "n", "street_nam": " ", "from_stree": "Crafton Blvd", "to_street": "Clearview Ave", "int_": "n", "hood": 89, "hood2": " ", "l_feet": 17, "width": 5, "steps": 31, "treads": 0, "year": 1990, "coded_": " ", "pix": " ", "comment": " ", "Shape__Length": 56.519727611564001 }, "geometry": { "type": "LineString", "coordinates": [ [ -80.055845714363201, 40.437743159518597 ], [ -80.055825965029896, 40.437588748564103 ] ] } },
{ "type": "Feature", "properties": { "objectid": 424, "length": 0.0, "streets_": 0, "streets_id": 0, "code": 999, "type": 2, "id_no": 453, "oid": 452, "id": 453, "dpwn1": 342, "dpwn2": " ", "location": "Enderlin Way and Crafton Blvd", "style": 2, "angle": "n", "segs": 1, "st_": "n", "street_nam": " ", "from_stree": "Crafton Blvd", "to_street": "Clearview Ave", "int_": "n", "hood": 89, "hood2": " ", "l_feet": 17, "width": 4, "steps": 18, "treads": 0, "year": 1990, "coded_": " ", "pix": " ", "comment": " ", "Shape__Length": 31.6845082012868 }, "geometry": { "type": "LineString", "coordinates": [ [ -80.057117564645793, 40.4375269566222 ], [ -80.057094438176307, 40.437441796692497 ] ] } },
{ "type": "Feature", "properties": { "objectid": 425, "length": 0.0, "streets_": 0, "streets_id": 0, "code": 0, "type": 3, "id_no": 443, "oid": 442, "id": 443, "dpwn1": 0, "dpwn2": " ", "location": "Mueller St", "style": 3, "angle": "n", "segs": 2, "st_": "n", "street_nam": " ", "from_stree": "Crotzer St", "to_street": "Sedley Way", "int_": "n", "hood": 89, "hood2": " ", "l_feet": 0, "width": 4, "steps": 66, "treads": 0, "year": 0, "coded_": " ", "pix": " ", "comment": "brick/asphalt/concrete", "Shape__Length": 306.77989817333003 }, "geometry": { "type": "LineString", "coordinates": [ [ -80.057910007610403, 40.43634902838 ], [ -80.058025927928696, 40.4355115890326 ] ] } },
{ "type": "Feature", "properties": { "objectid": 426, "length": 0.0, "streets_": 0, "streets_id": 0, "code": 0, "type": 4, "id_no": 444, "oid": 443, "id": 444, "dpwn1": 350, "dpwn2": " ", "location": "Milnor St", "style": 4, "angle": "n", "segs": 2, "st_": "n", "street_nam": "Milnor St", "from_stree": "Clearview Ave", "to_street": "Barr Ave", "int_": "n", "hood": 89, "hood2": " ", "l_feet": 0, "width": 4, "steps": 75, "treads": 0, "year": 0, "coded_": " ", "pix": " ", "comment": " ", "Shape__Length": 230.41263185366 }, "geometry": { "type": "LineString", "coordinates": [ [ -80.055000892289797, 40.437583094893597 ], [ -80.054907064309205, 40.436954688934101 ] ] } },
{ "type": "Feature", "properties": { "objectid": 427, "length": 0.0, "streets_": 0, "streets_id": 0, "code": 0, "type": 1, "id_no": 445, "oid": 444, "id": 445, "dpwn1": 350, "dpwn2": " ", "location": "Milnor St", "style": 1, "angle": "n", "segs": 1, "st_": "y", "street_nam": "Milnor St", "from_stree": "Barr Ave", "to_street": "Attal Way", "int_": "n", "hood": 89, "hood2": " ", "l_feet": 0, "width": 4, "steps": 46, "treads": 0, "year": 0, "coded_": " ", "pix": "y", "comment": " ", "Shape__Length": 109.39440941117 }, "geometry": { "type": "LineString", "coordinates": [ [ -80.054889582513198, 40.436866577628699 ], [ -80.054836004849406, 40.436569093771702 ] ] } },
{ "type": "Feature", "properties": { "objectid": 428, "length": 0.0, "streets_": 0, "streets_id": 0, "code": 0, "type": 4, "id_no": 454, "oid": 453, "id": 454, "dpwn1": 350, "dpwn2": " ", "location": "Milnor St", "style": 4, "angle": "n", "segs": 2, "st_": "n", "street_nam": " ", "from_stree": "Attal Way", "to_street": "Rydall St", "int_": "n", "hood": 89, "hood2": " ", "l_feet": 0, "width": 4, "steps": 51, "treads": 0, "year": 1947, "coded_": " ", "pix": " ", "comment": " ", "Shape__Length": 378.31233257579902 }, "geometry": { "type": "LineString", "coordinates": [ [ -80.054864172797593, 40.436546416905898 ], [ -80.054703249304296, 40.435515255372501 ] ] } },
{ "type": "Feature", "properties": { "objectid": 429, "length": 0.0, "streets_": 0, "streets_id": 0, "code": 999, "type": 2, "id_no": 455, "oid": 454, "id": 455, "dpwn1": 342, "dpwn2": " ", "location": "Dale St", "style": 2, "angle": "n", "segs": 1, "st_": "y", "street_nam": "Dale St", "from_stree": "Noblestown Rd", "to_street": "Code Way", "int_": "n", "hood": 89, "hood2": " ", "l_feet": 105, "width": 3, "steps": 43, "treads": 0, "year": 1980, "coded_": " ", "pix": " ", "comment": " ", "Shape__Length": 85.3277153564798 }, "geometry": { "type": "LineString", "coordinates": [ [ -80.050799168934006, 40.434891403597803 ], [ -80.050512583444899, 40.434974512237702 ] ] } },
{ "type": "Feature", "properties": { "objectid": 430, "length": 0.0, "streets_": 0, "streets_id": 0, "code": 999, "type": 4, "id_no": 456, "oid": 455, "id": 456, "dpwn1": 346, "dpwn2": " ", "location": "Guyland St", "style": 4, "angle": "n", "segs": 1, "st_": "n", "street_nam": " ", "from_stree": "Noblestwon Rd", "to_street": "Guyland St", "int_": "n", "hood": 89, "hood2": " ", "l_feet": 216, "width": 5, "steps": 45, "treads": 0, "year": 1980, "coded_": " ", "pix": " ", "comment": " ", "Shape__Length": 455.4712062502 }, "geometry": { "type": "LineString", "coordinates": [ [ -80.050545723560901, 40.433385162963503 ], [ -80.050306944391195, 40.432148279752703 ] ] } },
{ "type": "Feature", "properties": { "objectid": 431, "length": 0.0, "streets_": 0, "streets_id": 0, "code": 0, "type": 2, "id_no": 457, "oid": 456, "id": 457, "dpwn1": 347, "dpwn2": " ", "location": "Noblestown Rd at Anderson Dr", "style": 2, "angle": "n", "segs": 1, "st_": "n", "street_nam": " ", "from_stree": "Baldwick Rd", "to_street": "Noblestown Rd", "int_": "n", "hood": 59, "hood2": " ", "l_feet": 210, "width": 3, "steps": 11, "treads": 0, "year": 1980, "coded_": " ", "pix": " ", "comment": " ", "Shape__Length": 153.02082662086499 }, "geometry": { "type": "LineString", "coordinates": [ [ -80.061435635809303, 40.426452311461198 ], [ -80.061450020431806, 40.426872210286902 ] ] } },
{ "type": "Feature", "properties": { "objectid": 432, "length": 0.0, "streets_": 0, "streets_id": 0, "code": 0, "type": 1, "id_no": 458, "oid": 457, "id": 458, "dpwn1": 357, "dpwn2": " ", "location": "Oakwood Dr", "style": 1, "angle": "n", "segs": 1, "st_": "y", "street_nam": "Oakwood Dr", "from_stree": "Glendon St", "to_street": "Oakwood Dr", "int_": "n", "hood": 59, "hood2": " ", "l_feet": 89, "width": 5, "steps": 28, "treads": 0, "year": 1948, "coded_": " ", "pix": " ", "comment": " ", "Shape__Length": 59.455932357498298 }, "geometry": { "type": "LineString", "coordinates": [ [ -80.065296643423196, 40.426386057817503 ], [ -80.065190499529706, 40.426244436703698 ] ] } },
{ "type": "Feature", "properties": { "objectid": 433, "length": 0.0, "streets_": 0, "streets_id": 0, "code": 0, "type": 1, "id_no": 459, "oid": 458, "id": 459, "dpwn1": 348, "dpwn2": " ", "location": "Oakwood Dr at bridge", "style": 1, "angle": "y", "segs": 1, "st_": "n", "street_nam": " ", "from_stree": "Oakwood Dr", "to_street": "Balver Ave", "int_": "n", "hood": 59, "hood2": " ", "l_feet": 165, "width": 5, "steps": 18, "treads": 0, "year": 1964, "coded_": " ", "pix": " ", "comment": " ", "Shape__Length": 344.79249628177001 }, "geometry": { "type": "LineString", "coordinates": [ [ -80.0663674585617, 40.429339076087601 ], [ -80.0670961454787, 40.4294903279077 ], [ -80.067464133072704, 40.429250738641898 ] ] } },
{ "type": "Feature", "properties": { "objectid": 434, "length": 0.0, "streets_": 0, "streets_id": 0, "code": 0, "type": 3, "id_no": 437, "oid": 436, "id": 437, "dpwn1": 322, "dpwn2": " ", "location": "Dubois St", "style": 3, "angle": "n", "segs": 1, "st_": "n", "street_nam": " ", "from_stree": "India St", "to_street": "Dickens St", "int_": "n", "hood": 23, "hood2": " ", "l_feet": 275, "width": 5, "steps": 12, "treads": 0, "year": 1940, "coded_": " ", "pix": " ", "comment": "asphalt/RR ties", "Shape__Length": 189.015832670995 }, "geometry": { "type": "LineString", "coordinates": [ [ -80.050901549581695, 40.450207811649904 ], [ -80.051178020061201, 40.449733898547201 ] ] } },
{ "type": "Feature", "properties": { "objectid": 435, "length": 0.0, "streets_": 0, "streets_id": 0, "code": 999, "type": 1, "id_no": 95, "oid": 93, "id": 95, "dpwn1": 0, "dpwn2": "45", "location": "Lincon Ave at Renfrew St", "style": 1, "angle": "n", "segs": 1, "st_": "n", "street_nam": " ", "from_stree": "Lincoln Ave", "to_street": "Washington Blvd", "int_": "n", "hood": 45, "hood2": " ", "l_feet": 0, "width": 0, "steps": 93, "treads": 0, "year": 0, "coded_": " ", "pix": " ", "comment": "think these connect with remnant of tripod way steps", "Shape__Length": 172.90565549579901 }, "geometry": { "type": "LineString", "coordinates": [ [ -79.906100216139293, 40.462266428584499 ], [ -79.905975812894297, 40.462060118916099 ], [ -79.905724815305803, 40.462216626466102 ] ] } },
{ "type": "Feature", "properties": { "objectid": 436, "length": 0.0, "streets_": 0, "streets_id": 0, "code": 0, "type": 4, "id_no": 481, "oid": 480, "id": 481, "dpwn1": 0, "dpwn2": " ", "location": "Magnet St and Brule St", "style": 4, "angle": "n", "segs": 1, "st_": "n", "street_nam": " ", "from_stree": "Magnet St", "to_street": "Brule St", "int_": "n", "hood": 62, "hood2": " ", "l_feet": 0, "width": 4, "steps": 32, "treads": 0, "year": 0, "coded_": " ", "pix": " ", "comment": " ", "Shape__Length": 117.88871249009 }, "geometry": { "type": "LineString", "coordinates": [ [ -80.006331685412107, 40.470950430665198 ], [ -80.006055297859405, 40.470936667577597 ], [ -80.005916143374705, 40.470901069156803 ] ] } },
{ "type": "Feature", "properties": { "objectid": 437, "length": 0.0, "streets_": 0, "streets_id": 0, "code": 999, "type": 3, "id_no": 480, "oid": 479, "id": 480, "dpwn1": 0, "dpwn2": " ", "location": "Milroy St (unnamed section)", "style": 3, "angle": "n", "segs": 1, "st_": "n", "street_nam": " ", "from_stree": "Bothwell St", "to_street": "Viola St", "int_": "n", "hood": 61, "hood2": " ", "l_feet": 0, "width": 5, "steps": 8, "treads": 0, "year": 0, "coded_": " ", "pix": " ", "comment": " ", "Shape__Length": 167.41975527157101 }, "geometry": { "type": "LineString", "coordinates": [ [ -80.011371444778007, 40.476473034248002 ], [ -80.010785799596405, 40.476578827421697 ] ] } },
{ "type": "Feature", "properties": { "objectid": 438, "length": 0.0, "streets_": 0, "streets_id": 0, "code": 999, "type": 3, "id_no": 479, "oid": 478, "id": 479, "dpwn1": 101, "dpwn2": " ", "location": "Milroy St", "style": 3, "angle": "n", "segs": 1, "st_": "n", "street_nam": " ", "from_stree": "323 Milroy St", "to_street": "301 Milroy St", "int_": "n", "hood": 61, "hood2": " ", "l_feet": 722, "width": 5, "steps": 26, "treads": 0, "year": 1980, "coded_": " ", "pix": " ", "comment": " ", "Shape__Length": 218.907701201891 }, "geometry": { "type": "LineString", "coordinates": [ [ -80.010485169280003, 40.476323113200202 ], [ -80.009710343718695, 40.476427912871998 ] ] } },
{ "type": "Feature", "properties": { "objectid": 439, "length": 0.0, "streets_": 0, "streets_id": 0, "code": 999, "type": 1, "id_no": 533, "oid": 532, "id": 533, "dpwn1": 387, "dpwn2": " ", "location": "Ottawa St", "style": 1, "angle": "n", "segs": 1, "st_": "y", "street_nam": "Ottawa St", "from_stree": "Pennelope St", "to_street": "Southern Ave", "int_": "n", "hood": 53, "hood2": " ", "l_feet": 126, "width": 5, "steps": 59, "treads": 0, "year": 1951, "coded_": " ", "pix": " ", "comment": " ", "Shape__Length": 135.309423907032 }, "geometry": { "type": "LineString", "coordinates": [ [ -80.011567977782903, 40.4239338566505 ], [ -80.011152977697705, 40.4237405543496 ] ] } },
{ "type": "Feature", "properties": { "objectid": 440, "length": 0.0, "streets_": 0, "streets_id": 0, "code": 0, "type": 2, "id_no": 527, "oid": 526, "id": 527, "dpwn1": 381, "dpwn2": " ", "location": "off Cushman St (no.37)", "style": 2, "angle": "n", "segs": 1, "st_": "y", "street_nam": " ", "from_stree": "Cushman St", "to_street": " ", "int_": "n", "hood": 53, "hood2": " ", "l_feet": 25, "width": 3, "steps": 21, "treads": 0, "year": 1980, "coded_": " ", "pix": " ", "comment": " ", "Shape__Length": 80.690361884189798 }, "geometry": { "type": "LineString", "coordinates": [ [ -80.004418272655698, 40.426480625578797 ], [ -80.004128532007996, 40.4264862789557 ] ] } },
{ "type": "Feature", "properties": { "objectid": 441, "length": 0.0, "streets_": 0, "streets_id": 0, "code": 0, "type": 1, "id_no": 526, "oid": 525, "id": 526, "dpwn1": 518, "dpwn2": " ", "location": "Eureka St", "style": 1, "angle": "y", "segs": 1, "st_": "y", "street_nam": "Eureka St", "from_stree": "Habermann Ave", "to_street": "Laclede St", "int_": "n", "hood": 53, "hood2": " ", "l_feet": 52, "width": 6, "steps": 29, "treads": 0, "year": 1980, "coded_": " ", "pix": " ", "comment": " ", "Shape__Length": 41.216102285090102 }, "geometry": { "type": "LineString", "coordinates": [ [ -80.002912540503701, 40.423925714867202 ], [ -80.002764814353995, 40.423918349150597 ] ] } },
{ "type": "Feature", "properties": { "objectid": 442, "length": 0.0, "streets_": 0, "streets_id": 0, "code": 0, "type": 4, "id_no": 535, "oid": 534, "id": 535, "dpwn1": 0, "dpwn2": " ", "location": "Eureka St", "style": 4, "angle": "n", "segs": 1, "st_": "n", "street_nam": " ", "from_stree": "Pasadena St", "to_street": "Allepo Way", "int_": "n", "hood": 53, "hood2": " ", "l_feet": 0, "width": 5, "steps": 8, "treads": 0, "year": 0, "coded_": " ", "pix": " ", "comment": " ", "Shape__Length": 88.890620112140098 }, "geometry": { "type": "LineString", "coordinates": [ [ -80.001727230655206, 40.423809489200302 ], [ -80.001407977238998, 40.423806507010298 ] ] } },
{ "type": "Feature", "properties": { "objectid": 443, "length": 0.0, "streets_": 0, "streets_id": 0, "code": 0, "type": 1, "id_no": 536, "oid": 535, "id": 536, "dpwn1": 0, "dpwn2": " ", "location": "Eureka St", "style": 1, "angle": "n", "segs": 1, "st_": "y", "street_nam": "Eureka St", "from_stree": "Allepo Way", "to_street": "Estella Ave", "int_": "n", "hood": 53, "hood2": " ", "l_feet": 0, "width": 4, "steps": 32, "treads": 0, "year": 0, "coded_": " ", "pix": " ", "comment": " ", "Shape__Length": 106.41192836789899 }, "geometry": { "type": "LineString", "coordinates": [ [ -80.001392543422597, 40.423825216149602 ], [ -80.001011346920194, 40.423803954872703 ] ] } },
{ "type": "Feature", "properties": { "objectid": 444, "length": 0.0, "streets_": 0, "streets_id": 0, "code": 0, "type": 4, "id_no": 534, "oid": 533, "id": 534, "dpwn1": 382, "dpwn2": " ", "location": "Harwood Way", "style": 1, "angle": "n", "segs": 1, "st_": "y", "street_nam": "Harwood Way", "from_stree": "Busway", "to_street": "Secane Ave", "int_": "n", "hood": 53, "hood2": " ", "l_feet": 204, "width": 5, "steps": 21, "treads": 0, "year": 1949, "coded_": " ", "pix": " ", "comment": " ", "Shape__Length": 121.27474350383299 }, "geometry": { "type": "LineString", "coordinates": [ [ -80.003793836010104, 40.422212745151199 ], [ -80.003782720714895, 40.421879953714097 ] ] } },
{ "type": "Feature", "properties": { "objectid": 445, "length": 0.0, "streets_": 0, "streets_id": 0, "code": 0, "type": 4, "id_no": 532, "oid": 531, "id": 532, "dpwn1": 522, "dpwn2": " ", "location": "Judicial St", "style": 4, "angle": "n", "segs": 1, "st_": "n", "street_nam": " ", "from_stree": "Kathleen St", "to_street": "Kambach St", "int_": "n", "hood": 53, "hood2": " ", "l_feet": 130, "width": 4, "steps": 22, "treads": 0, "year": 1990, "coded_": " ", "pix": " ", "comment": " ", "Shape__Length": 158.601023907491 }, "geometry": { "type": "LineString", "coordinates": [ [ -79.999856352909404, 40.426157507656299 ], [ -79.999848541555494, 40.425722188175399 ] ] } },
{ "type": "Feature", "properties": { "objectid": 446, "length": 0.0, "streets_": 0, "streets_id": 0, "code": 999, "type": 4, "id_no": 537, "oid": 536, "id": 537, "dpwn1": 0, "dpwn2": " ", "location": "Science St", "style": 4, "angle": "n", "segs": 1, "st_": "n", "street_nam": " ", "from_stree": "Beltzhoover Ave", "to_street": "end", "int_": "n", "hood": 3, "hood2": " ", "l_feet": 0, "width": 4, "steps": 45, "treads": 0, "year": 0, "coded_": " ", "pix": " ", "comment": "stone steps", "Shape__Length": 343.64306878073899 }, "geometry": { "type": "LineString", "coordinates": [ [ -79.9974198245216, 40.424959512713798 ], [ -79.996185528211697, 40.424965108480201 ] ] } },
{ "type": "Feature", "properties": { "objectid": 447, "length": 0.0, "streets_": 0, "streets_id": 0, "code": 0, "type": 4, "id_no": 562, "oid": 561, "id": 562, "dpwn1": 466, "dpwn2": "0", "location": "Arlington Ave at Williams St", "style": 4, "angle": "n", "segs": 1, "st_": "n", "street_nam": "Arlington Ave", "from_stree": "Williams St", "to_street": " ", "int_": "n", "hood": 3, "hood2": " ", "l_feet": 63, "width": 5, "steps": 64, "treads": 0, "year": 1990, "coded_": " ", "pix": " ", "comment": " ", "Shape__Length": 118.82946842890701 }, "geometry": { "type": "LineString", "coordinates": [ [ -79.996736599561999, 40.428105645753099 ], [ -79.996417679306106, 40.427888850656302 ] ] } },
{ "type": "Feature", "properties": { "objectid": 448, "length": 0.0, "streets_": 0, "streets_id": 0, "code": 999, "type": 1, "id_no": 557, "oid": 556, "id": 557, "dpwn1": 0, "dpwn2": " ", "location": "Brossville St at E Warrington Ave", "style": 3, "angle": "n", "segs": 1, "st_": "n", "street_nam": " ", "from_stree": "Brossville St", "to_street": "Arlington Ave", "int_": "n", "hood": 3, "hood2": " ", "l_feet": 12, "width": 5, "steps": 7, "treads": 0, "year": 0, "coded_": " ", "pix": " ", "comment": " ", "Shape__Length": 33.016944224151302 }, "geometry": { "type": "LineString", "coordinates": [ [ -79.991746516384396, 40.421831978845503 ], [ -79.991641829357306, 40.421874555010398 ] ] } },
{ "type": "Feature", "properties": { "objectid": 449, "length": 0.0, "streets_": 0, "streets_id": 0, "code": 0, "type": 3, "id_no": 558, "oid": 557, "id": 558, "dpwn1": 0, "dpwn2": " ", "location": "Loyal Way", "style": 3, "angle": "n", "segs": 1, "st_": "n", "street_nam": " ", "from_stree": "Arlington Ave", "to_street": " ", "int_": "n", "hood": 3, "hood2": " ", "l_feet": 0, "width": 5, "steps": 8, "treads": 0, "year": 0, "coded_": " ", "pix": " ", "comment": "asphalt", "Shape__Length": 64.599615232786206 }, "geometry": { "type": "LineString", "coordinates": [ [ -79.989785008005896, 40.419675538816001 ], [ -79.989553067964806, 40.419680035522703 ] ] } },
{ "type": "Feature", "properties": { "objectid": 450, "length": 0.0, "streets_": 0, "streets_id": 0, "code": 999, "type": 3, "id_no": 556, "oid": 555, "id": 556, "dpwn1": 425, "dpwn2": " ", "location": "Loyal Way", "style": 3, "angle": "n", "segs": 1, "st_": "n", "street_nam": " ", "from_stree": "Mt Oliver St", "to_street": "Arlington Ave", "int_": "n", "hood": 3, "hood2": " ", "l_feet": 128, "width": 4, "steps": 49, "treads": 0, "year": 1970, "coded_": " ", "pix": " ", "comment": " ", "Shape__Length": 367.29959259714002 }, "geometry": { "type": "LineString", "coordinates": [ [ -79.989557341535999, 40.419608999310199 ], [ -79.988238765526106, 40.419639622340398 ] ] } },
{ "type": "Feature", "properties": { "objectid": 451, "length": 0.0, "streets_": 0, "streets_id": 0, "code": 999, "type": 4, "id_no": 554, "oid": 553, "id": 554, "dpwn1": 427, "dpwn2": " ", "location": "Freeland St", "style": 4, "angle": "n", "segs": 2, "st_": "n", "street_nam": " ", "from_stree": "Mt Oliver St", "to_street": "Arlington Ave", "int_": "n", "hood": 3, "hood2": " ", "l_feet": 242, "width": 5, "steps": 62, "treads": 0, "year": 1990, "coded_": " ", "pix": " ", "comment": " ", "Shape__Length": 271.34349442518499 }, "geometry": { "type": "LineString", "coordinates": [ [ -79.989168182686498, 40.419271912455997 ], [ -79.9881943759367, 40.419300919978397 ] ] } },
{ "type": "Feature", "properties": { "objectid": 452, "length": 0.0, "streets_": 0, "streets_id": 0, "code": 999, "type": 3, "id_no": 555, "oid": 554, "id": 555, "dpwn1": 0, "dpwn2": " ", "location": "Freeland St", "style": 3, "angle": "n", "segs": 1, "st_": "n", "street_nam": " ", "from_stree": "Mt Oliver St", "to_street": "Breeze Way", "int_": "n", "hood": 3, "hood2": " ", "l_feet": 0, "width": 5, "steps": 7, "treads": 0, "year": 0, "coded_": " ", "pix": " ", "comment": "asphalt/wood", "Shape__Length": 86.748054741183296 }, "geometry": { "type": "LineString", "coordinates": [ [ -79.988522860883705, 40.419208397576099 ], [ -79.988211400578507, 40.419214432502002 ] ] } },
{ "type": "Feature", "properties": { "objectid": 453, "length": 0.0, "streets_": 0, "streets_id": 0, "code": 999, "type": 4, "id_no": 551, "oid": 550, "id": 551, "dpwn1": 426, "dpwn2": "0", "location": "Amanda St", "style": 4, "angle": "n", "segs": 1, "st_": "n", "street_nam": " ", "from_stree": "Mt Oliver St", "to_street": "Arlington Ave", "int_": "n", "hood": 3, "hood2": "73", "l_feet": 171, "width": 5, "steps": 35, "treads": 0, "year": 1960, "coded_": " ", "pix": " ", "comment": "asphalt/concrete/solid", "Shape__Length": 153.37116920407499 }, "geometry": { "type": "LineString", "coordinates": [ [ -79.988137573128895, 40.418987798566597 ], [ -79.988150137576895, 40.418566903165797 ] ] } },
{ "type": "Feature", "properties": { "objectid": 454, "length": 0.0, "streets_": 0, "streets_id": 0, "code": 999, "type": 1, "id_no": 552, "oid": 551, "id": 552, "dpwn1": 424, "dpwn2": " ", "location": "Cedarhurst St", "style": 1, "angle": "n", "segs": 1, "st_": "y", "street_nam": "Cedarhurst St", "from_stree": "Arlington Ave", "to_street": "Ibis Way", "int_": "n", "hood": 3, "hood2": " ", "l_feet": 45, "width": 6, "steps": 39, "treads": 26, "year": 1953, "coded_": " ", "pix": " ", "comment": " ", "Shape__Length": 134.78689807077501 }, "geometry": { "type": "LineString", "coordinates": [ [ -79.988824385822397, 40.418503156976897 ], [ -79.988340969395097, 40.418522660957898 ] ] } },
{ "type": "Feature", "properties": { "objectid": 455, "length": 0.0, "streets_": 0, "streets_id": 0, "code": 0, "type": 4, "id_no": 553, "oid": 552, "id": 553, "dpwn1": 423, "dpwn2": " ", "location": "Lillian St", "style": 4, "angle": "n", "segs": 1, "st_": "n", "street_nam": " ", "from_stree": "Arlington Ave", "to_street": "Knox Ave", "int_": "n", "hood": 3, "hood2": " ", "l_feet": 27, "width": 5, "steps": 17, "treads": 0, "year": 1989, "coded_": " ", "pix": " ", "comment": " ", "Shape__Length": 158.73048314358999 }, "geometry": { "type": "LineString", "coordinates": [ [ -79.989439353167398, 40.418851071988698 ], [ -79.988869450201705, 40.418862118502602 ] ] } },
{ "type": "Feature", "properties": { "objectid": 456, "length": 0.0, "streets_": 0, "streets_id": 0, "code": 999, "type": 1, "id_no": 559, "oid": 558, "id": 559, "dpwn1": 428, "dpwn2": "0", "location": "Marengo St", "style": 1, "angle": "n", "segs": 2, "st_": "y", "street_nam": "Marengo St", "from_stree": "Arlington Ave", "to_street": "Eccles St", "int_": "n", "hood": 73, "hood2": " ", "l_feet": 320, "width": 4, "steps": 46, "treads": 0, "year": 1948, "coded_": " ", "pix": " ", "comment": " ", "Shape__Length": 260.34886391678401 }, "geometry": { "type": "LineString", "coordinates": [ [ -79.977282838941093, 40.418594489432301 ], [ -79.977418643749502, 40.417887407730298 ] ] } },
{ "type": "Feature", "properties": { "objectid": 457, "length": 0.0, "streets_": 0, "streets_id": 0, "code": 999, "type": 4, "id_no": 560, "oid": 559, "id": 560, "dpwn1": 429, "dpwn2": " ", "location": "Spring St at Arlington Ave", "style": 4, "angle": "n", "segs": 1, "st_": "n", "street_nam": " ", "from_stree": "Spring St", "to_street": "Arlington Ave", "int_": "n", "hood": 73, "hood2": " ", "l_feet": 4, "width": 7, "steps": 4, "treads": 0, "year": 1990, "coded_": " ", "pix": " ", "comment": " ", "Shape__Length": 21.524414219875801 }, "geometry": { "type": "LineString", "coordinates": [ [ -79.978506593969598, 40.4179019015478 ], [ -79.978465161186094, 40.417852020001597 ] ] } },
{ "type": "Feature", "properties": { "objectid": 458, "length": 0.0, "streets_": 0, "streets_id": 0, "code": 999, "type": 1, "id_no": 564, "oid": 563, "id": 564, "dpwn1": 431, "dpwn2": " ", "location": "Weber Way", "style": 1, "angle": "n", "segs": 1, "st_": "y", "street_nam": "Weber Way", "from_stree": "Arlington Ave", "to_street": "Waite St", "int_": "n", "hood": 4, "hood2": " ", "l_feet": 209, "width": 5, "steps": 53, "treads": 67, "year": 1970, "coded_": " ", "pix": " ", "comment": " ", "Shape__Length": 228.867208253418 }, "geometry": { "type": "LineString", "coordinates": [ [ -79.979563988661695, 40.417192238768699 ], [ -79.979584738506404, 40.4178202807825 ] ] } },
{ "type": "Feature", "properties": { "objectid": 459, "length": 0.0, "streets_": 0, "streets_id": 0, "code": 0, "type": 4, "id_no": 563, "oid": 562, "id": 563, "dpwn1": 0, "dpwn2": " ", "location": "Waite St", "style": 4, "angle": "n", "segs": 1, "st_": "n", "street_nam": " ", "from_stree": "Weber Way", "to_street": "Rahe St", "int_": "n", "hood": 4, "hood2": " ", "l_feet": 0, "width": 0, "steps": 3, "treads": 0, "year": 0, "coded_": " ", "pix": " ", "comment": "asphalt and brick", "Shape__Length": 84.902351448778106 }, "geometry": { "type": "LineString", "coordinates": [ [ -79.979922328921305, 40.417200526295403 ], [ -79.979617503748401, 40.4172064101393 ] ] } },
{ "type": "Feature", "properties": { "objectid": 460, "length": 0.0, "streets_": 0, "streets_id": 0, "code": 999, "type": 3, "id_no": 565, "oid": 564, "id": 565, "dpwn1": 460, "dpwn2": " ", "location": "Fitler St", "style": 3, "angle": "n", "segs": 1, "st_": "n", "street_nam": " ", "from_stree": "Arlington Ave", "to_street": "Charcot St", "int_": "n", "hood": 4, "hood2": " ", "l_feet": 93, "width": 5, "steps": 14, "treads": 0, "year": 1990, "coded_": " ", "pix": " ", "comment": " ", "Shape__Length": 162.35895583249101 }, "geometry": { "type": "LineString", "coordinates": [ [ -79.970347022928607, 40.417592758557703 ], [ -79.970418671293302, 40.417150459185102 ] ] } },
{ "type": "Feature", "properties": { "objectid": 461, "length": 0.0, "streets_": 0, "streets_id": 0, "code": 999, "type": 1, "id_no": 566, "oid": 565, "id": 566, "dpwn1": 461, "dpwn2": " ", "location": "Will Way", "style": 1, "angle": "n", "segs": 1, "st_": "y", "street_nam": "Will Way", "from_stree": "Arlington Ave", "to_street": "Una Way", "int_": "n", "hood": 4, "hood2": " ", "l_feet": 119, "width": 4, "steps": 59, "treads": 0, "year": 1950, "coded_": " ", "pix": " ", "comment": " ", "Shape__Length": 142.011246770219 }, "geometry": { "type": "LineString", "coordinates": [ [ -79.969015118871198, 40.417015250641299 ], [ -79.968948256192604, 40.417401708290399 ] ] } },
{ "type": "Feature", "properties": { "objectid": 462, "length": 0.0, "streets_": 0, "streets_id": 0, "code": 999, "type": 1, "id_no": 567, "oid": 566, "id": 567, "dpwn1": 464, "dpwn2": " ", "location": "Rinne St", "style": 1, "angle": "n", "segs": 1, "st_": "y", "street_nam": "Rinne St", "from_stree": "Arlington Ave", "to_street": "Una Way", "int_": "n", "hood": 4, "hood2": " ", "l_feet": 122, "width": 4, "steps": 21, "treads": 80, "year": 1950, "coded_": " ", "pix": " ", "comment": " ", "Shape__Length": 134.16625313393399 }, "geometry": { "type": "LineString", "coordinates": [ [ -79.968582722360594, 40.416972875160702 ], [ -79.968528444556895, 40.417338818548899 ] ] } },
{ "type": "Feature", "properties": { "objectid": 463, "length": 0.0, "streets_": 0, "streets_id": 0, "code": 999, "type": 1, "id_no": 561, "oid": 560, "id": 561, "dpwn1": 0, "dpwn2": " ", "location": "Syrian St", "style": 1, "angle": "n", "segs": 1, "st_": "y", "street_nam": "Syrian St", "from_stree": "Arlington Ave", "to_street": "Azul St", "int_": "n", "hood": 4, "hood2": " ", "l_feet": 240, "width": 4, "steps": 103, "treads": 0, "year": 0, "coded_": " ", "pix": " ", "comment": " ", "Shape__Length": 263.36058228337703 }, "geometry": { "type": "LineString", "coordinates": [ [ -79.965669188432898, 40.417297401802699 ], [ -79.965552802607803, 40.416579968836999 ] ] } },
{ "type": "Feature", "properties": { "objectid": 464, "length": 0.0, "streets_": 0, "streets_id": 0, "code": 0, "type": 4, "id_no": 568, "oid": 567, "id": 568, "dpwn1": 497, "dpwn2": " ", "location": "Syrian St", "style": 4, "angle": "n", "segs": 1, "st_": "n", "street_nam": " ", "from_stree": "Azul St", "to_street": "Bis Way", "int_": "n", "hood": 4, "hood2": " ", "l_feet": 70, "width": 4, "steps": 14, "treads": 0, "year": 1949, "coded_": " ", "pix": " ", "comment": " ", "Shape__Length": 145.38941189991499 }, "geometry": { "type": "LineString", "coordinates": [ [ -79.965596528225106, 40.416498041152899 ], [ -79.965510665900496, 40.416104378847798 ] ] } },
{ "type": "Feature", "properties": { "objectid": 465, "length": 0.0, "streets_": 0, "streets_id": 0, "code": 999, "type": 1, "id_no": 476, "oid": 475, "id": 476, "dpwn1": 0, "dpwn2": "356", "location": "Endness St", "style": 1, "angle": "n", "segs": 2, "st_": "y", "street_nam": "Endness St", "from_stree": "Woodville Ave", "to_street": "Corinth St", "int_": "n", "hood": 87, "hood2": "67", "l_feet": 0, "width": 5, "steps": 42, "treads": 0, "year": 0, "coded_": " ", "pix": " ", "comment": " ", "Shape__Length": 216.50573865678001 }, "geometry": { "type": "LineString", "coordinates": [ [ -80.033429502131796, 40.434620245750899 ], [ -80.034059515013098, 40.434271747828198 ] ] } },
{ "type": "Feature", "properties": { "objectid": 466, "length": 0.0, "streets_": 0, "streets_id": 0, "code": 0, "type": 1, "id_no": 478, "oid": 477, "id": 478, "dpwn1": 0, "dpwn2": "356", "location": "Journal St to Corinth St", "style": 1, "angle": "n", "segs": 1, "st_": "n", "street_nam": " ", "from_stree": "Journal St", "to_street": "Corinth St", "int_": "n", "hood": 67, "hood2": "87", "l_feet": 0, "width": 5, "steps": 64, "treads": 0, "year": 0, "coded_": " ", "pix": " ", "comment": " ", "Shape__Length": 114.41140608232 }, "geometry": { "type": "LineString", "coordinates": [ [ -80.034859753835207, 40.432989399790102 ], [ -80.034593716561901, 40.433228788666803 ] ] } },
{ "type": "Feature", "properties": { "objectid": 467, "length": 0.0, "streets_": 0, "streets_id": 0, "code": 0, "type": 1, "id_no": 477, "oid": 476, "id": 477, "dpwn1": 0, "dpwn2": "356", "location": "Endness and Corinth St", "style": 1, "angle": "n", "segs": 1, "st_": "n", "street_nam": " ", "from_stree": "Corinth St", "to_street": "Journal St", "int_": "n", "hood": 87, "hood2": "67", "l_feet": 0, "width": 0, "steps": 0, "treads": 0, "year": 0, "coded_": " ", "pix": " ", "comment": " ", "Shape__Length": 352.23965660434101 }, "geometry": { "type": "LineString", "coordinates": [ [ -80.033995650045597, 40.4341401578694 ], [ -80.034677629429396, 40.433325709836303 ] ] } },
{ "type": "Feature", "properties": { "objectid": 468, "length": 0.0, "streets_": 0, "streets_id": 0, "code": 999, "type": 1, "id_no": 492, "oid": 491, "id": 492, "dpwn1": 0, "dpwn2": " ", "location": "Greentree Rd at Ridgemont Dr", "style": 3, "angle": "n", "segs": 1, "st_": "n", "street_nam": " ", "from_stree": "Greentree Rd", "to_street": "Ridgemont Dr", "int_": "n", "hood": 67, "hood2": " ", "l_feet": 0, "width": 5, "steps": 12, "treads": 0, "year": 0, "coded_": " ", "pix": " ", "comment": " ", "Shape__Length": 59.871845596277701 }, "geometry": { "type": "LineString", "coordinates": [ [ -80.039985433142206, 40.429117220723199 ], [ -80.039774692815499, 40.429084429754099 ] ] } },
{ "type": "Feature", "properties": { "objectid": 469, "length": 0.0, "streets_": 0, "streets_id": 0, "code": 0, "type": 4, "id_no": 499, "oid": 498, "id": 499, "dpwn1": 0, "dpwn2": " ", "location": "Fingal St", "style": 4, "angle": "n", "segs": 1, "st_": "n", "street_nam": " ", "from_stree": " ", "to_street": "Greenleaf St", "int_": "n", "hood": 25, "hood2": " ", "l_feet": 0, "width": 4, "steps": 26, "treads": 0, "year": 0, "coded_": " ", "pix": " ", "comment": "last section of Fingal", "Shape__Length": 251.50499390350399 }, "geometry": { "type": "LineString", "coordinates": [ [ -80.027791734490094, 40.4371460922005 ], [ -80.028011025261307, 40.436476353523297 ] ] } },
{ "type": "Feature", "properties": { "objectid": 470, "length": 0.0, "streets_": 0, "streets_id": 0, "code": 999, "type": 3, "id_no": 493, "oid": 492, "id": 493, "dpwn1": 0, "dpwn2": "371", "location": "Well St", "style": 3, "angle": "n", "segs": 1, "st_": "n", "street_nam": " ", "from_stree": "Shaler St", "to_street": "Clarence St", "int_": "n", "hood": 25, "hood2": " ", "l_feet": 0, "width": 5, "steps": 19, "treads": 0, "year": 1950, "coded_": " ", "pix": " ", "comment": "asphalt and brick", "Shape__Length": 147.94296601197399 }, "geometry": { "type": "LineString", "coordinates": [ [ -80.025781261927094, 40.4368283531918 ], [ -80.025299217584404, 40.436657312561898 ] ] } },
{ "type": "Feature", "properties": { "objectid": 471, "length": 0.0, "streets_": 0, "streets_id": 0, "code": 0, "type": 4, "id_no": 494, "oid": 493, "id": 494, "dpwn1": 0, "dpwn2": "371", "location": "Well St", "style": 4, "angle": "n", "segs": 2, "st_": "n", "street_nam": " ", "from_stree": "Clarence St", "to_street": "Edith St", "int_": "n", "hood": 25, "hood2": " ", "l_feet": 0, "width": 5, "steps": 19, "treads": 0, "year": 1950, "coded_": " ", "pix": " ", "comment": "asphalt and brick", "Shape__Length": 210.5751910669 }, "geometry": { "type": "LineString", "coordinates": [ [ -80.024560070473399, 40.436400504902601 ], [ -80.025249496732101, 40.4366384360033 ] ] } },
{ "type": "Feature", "properties": { "objectid": 472, "length": 0.0, "streets_": 0, "streets_id": 0, "code": 0, "type": 4, "id_no": 496, "oid": 495, "id": 496, "dpwn1": 0, "dpwn2": " ", "location": "Greenleaf St", "style": 4, "angle": "n", "segs": 2, "st_": "n", "street_nam": " ", "from_stree": "Clarence St", "to_street": "Orleana Way", "int_": "n", "hood": 25, "hood2": " ", "l_feet": 0, "width": 5, "steps": 15, "treads": 0, "year": 0, "coded_": " ", "pix": " ", "comment": "asphalt and brick", "Shape__Length": 202.93609576334501 }, "geometry": { "type": "LineString", "coordinates": [ [ -80.024526420498901, 40.437875828013098 ], [ -80.023827599347001, 40.437717066451597 ] ] } },
{ "type": "Feature", "properties": { "objectid": 473, "length": 0.0, "streets_": 0, "streets_id": 0, "code": 999, "type": 2, "id_no": 495, "oid": 494, "id": 495, "dpwn1": 379, "dpwn2": " ", "location": "Greenleaf St", "style": 2, "angle": "n", "segs": 1, "st_": "y", "street_nam": "Greenleaf St", "from_stree": "Shaler St", "to_street": "Seward St", "int_": "n", "hood": 25, "hood2": " ", "l_feet": 411, "width": 3, "steps": 74, "treads": 0, "year": 1980, "coded_": " ", "pix": " ", "comment": "wood/asphalt/RR ties", "Shape__Length": 255.16170588748099 }, "geometry": { "type": "LineString", "coordinates": [ [ -80.025853044617506, 40.438478154944598 ], [ -80.025082272414494, 40.438099012869102 ] ] } },
{ "type": "Feature", "properties": { "objectid": 474, "length": 0.0, "streets_": 0, "streets_id": 0, "code": 999, "type": 5, "id_no": 498, "oid": 497, "id": 498, "dpwn1": 377, "dpwn2": " ", "location": "Greenleaf St", "style": 5, "angle": "n", "segs": 1, "st_": "n", "street_nam": " ", "from_stree": "Seward St", "to_street": "Republic St", "int_": "n", "hood": 25, "hood2": " ", "l_feet": 216, "width": 4, "steps": 17, "treads": 0, "year": 1950, "coded_": " ", "pix": " ", "comment": "asphalt", "Shape__Length": 202.936095763293 }, "geometry": { "type": "LineString", "coordinates": [ [ -80.026524631697498, 40.438785311079002 ], [ -80.025917511231896, 40.438476885245301 ] ] } },
{ "type": "Feature", "properties": { "objectid": 475, "length": 0.0, "streets_": 0, "streets_id": 0, "code": 0, "type": 5, "id_no": 497, "oid": 496, "id": 497, "dpwn1": 378, "dpwn2": " ", "location": "Rutledge St", "style": 5, "angle": "n", "segs": 2, "st_": "n", "street_nam": " ", "from_stree": "Edith St", "to_street": "Augusta St", "int_": "n", "hood": 25, "hood2": " ", "l_feet": 234, "width": 4, "steps": 72, "treads": 0, "year": 1950, "coded_": " ", "pix": " ", "comment": "asphalt/ RR ties", "Shape__Length": 253.10136025707101 }, "geometry": { "type": "LineString", "coordinates": [ [ -80.023276171526305, 40.439539322483903 ], [ -80.022536805685505, 40.439134900719097 ] ] } },
{ "type": "Feature", "properties": { "objectid": 476, "length": 0.0, "streets_": 0, "streets_id": 0, "code": 0, "type": 2, "id_no": 501, "oid": 500, "id": 501, "dpwn1": 373, "dpwn2": " ", "location": "Virginia St", "style": 2, "angle": "n", "segs": 2, "st_": "y", "street_nam": "Virginia St", "from_stree": "Sweetbriar St", "to_street": "Plymouth St", "int_": "n", "hood": 25, "hood2": " ", "l_feet": 118, "width": 3, "steps": 96, "treads": 0, "year": 1950, "coded_": " ", "pix": "y", "comment": "between Plyer Way and Plymouth st-36-3'stone steps 50'", "Shape__Length": 237.63020863471101 }, "geometry": { "type": "LineString", "coordinates": [ [ -80.022750068105196, 40.433018748354598 ], [ -80.0219079221622, 40.432912085230797 ] ] } },
{ "type": "Feature", "properties": { "objectid": 477, "length": 0.0, "streets_": 0, "streets_id": 0, "code": 0, "type": 1, "id_no": 500, "oid": 499, "id": 500, "dpwn1": 370, "dpwn2": " ", "location": "Well St", "style": 1, "angle": "n", "segs": 1, "st_": "y", "street_nam": "Well St", "from_stree": "Plymouth St", "to_street": "Oneida St", "int_": "n", "hood": 25, "hood2": " ", "l_feet": 268, "width": 5, "steps": 81, "treads": 0, "year": 1988, "coded_": " ", "pix": " ", "comment": " ", "Shape__Length": 279.89004072856397 }, "geometry": { "type": "LineString", "coordinates": [ [ -80.021177653676801, 40.4356497131662 ], [ -80.0201891904306, 40.435508945360297 ] ] } },
{ "type": "Feature", "properties": { "objectid": 478, "length": 0.0, "streets_": 0, "streets_id": 0, "code": 0, "type": 1, "id_no": 463, "oid": 462, "id": 463, "dpwn1": 332, "dpwn2": " ", "location": "Elbon Way", "style": 1, "angle": "n", "segs": 3, "st_": "y", "street_nam": "Elbon Way", "from_stree": "Harker St", "to_street": "Herschel St", "int_": "n", "hood": 30, "hood2": " ", "l_feet": 387, "width": 5, "steps": 216, "treads": 0, "year": 1947, "coded_": " ", "pix": " ", "comment": " ", "Shape__Length": 457.18560060453802 }, "geometry": { "type": "LineString", "coordinates": [ [ -80.041660706952797, 40.441016556715098 ], [ -80.042933516955998, 40.440223322556797 ] ] } },
{ "type": "Feature", "properties": { "objectid": 479, "length": 0.0, "streets_": 0, "streets_id": 0, "code": 0, "type": 1, "id_no": 461, "oid": 460, "id": 461, "dpwn1": 333, "dpwn2": " ", "location": "Kerr St", "style": 1, "angle": "n", "segs": 1, "st_": "y", "street_nam": "Kerr St", "from_stree": "Walbridge St", "to_street": "McDade Way", "int_": "n", "hood": 30, "hood2": " ", "l_feet": 301, "width": 5, "steps": 199, "treads": 0, "year": 1985, "coded_": " ", "pix": " ", "comment": " ", "Shape__Length": 296.60474084098502 }, "geometry": { "type": "LineString", "coordinates": [ [ -80.035957320074601, 40.440454224931401 ], [ -80.0361514382422, 40.439653669010397 ] ] } },
{ "type": "Feature", "properties": { "objectid": 480, "length": 0.0, "streets_": 0, "streets_id": 0, "code": 0, "type": 4, "id_no": 462, "oid": 461, "id": 462, "dpwn1": 334, "dpwn2": " ", "location": "Walbridge St and Harker St", "style": 4, "angle": "n", "segs": 1, "st_": "n", "street_nam": " ", "from_stree": "Walbridge St", "to_street": " ", "int_": "n", "hood": 30, "hood2": " ", "l_feet": 10, "width": 5, "steps": 3, "treads": 0, "year": 1985, "coded_": " ", "pix": " ", "comment": " ", "Shape__Length": 51.688222545631 }, "geometry": { "type": "LineString", "coordinates": [ [ -80.037213551890204, 40.439424976347297 ], [ -80.0370307132265, 40.439400179332502 ] ] } },
{ "type": "Feature", "properties": { "objectid": 481, "length": 0.0, "streets_": 0, "streets_id": 0, "code": 0, "type": 4, "id_no": 460, "oid": 459, "id": 460, "dpwn1": 0, "dpwn2": " ", "location": "S Main and Walbridge St", "style": 4, "angle": "n", "segs": 1, "st_": "n", "street_nam": " ", "from_stree": "S Main St", "to_street": "Walbridge St", "int_": "n", "hood": 30, "hood2": " ", "l_feet": 0, "width": 6, "steps": 7, "treads": 0, "year": 0, "coded_": " ", "pix": " ", "comment": " ", "Shape__Length": 56.498711077805098 }, "geometry": { "type": "LineString", "coordinates": [ [ -80.036098960858396, 40.440494243813099 ], [ -80.0359085032336, 40.440547878357499 ] ] } },
{ "type": "Feature", "properties": { "objectid": 482, "length": 0.0, "streets_": 0, "streets_id": 0, "code": 0, "type": 1, "id_no": 464, "oid": 463, "id": 464, "dpwn1": 335, "dpwn2": " ", "location": "Steuben St at Chartiers Ave", "style": 1, "angle": "y", "segs": 1, "st_": "n", "street_nam": " ", "from_stree": "Steuben St", "to_street": "Crucible St", "int_": "y", "hood": 30, "hood2": " ", "l_feet": 153, "width": 5, "steps": 67, "treads": 0, "year": 1949, "coded_": " ", "pix": " ", "comment": " ", "Shape__Length": 127.268296213883 }, "geometry": { "type": "LineString", "coordinates": [ [ -80.039002866573199, 40.441369086640101 ], [ -80.038915573889199, 40.441322544776597 ], [ -80.039241486190207, 40.441223401016302 ] ] } },
{ "type": "Feature", "properties": { "objectid": 483, "length": 0.0, "streets_": 0, "streets_id": 0, "code": 999, "type": 1, "id_no": 467, "oid": 466, "id": 467, "dpwn1": 338, "dpwn2": " ", "location": "Steuben St at Linhart St", "style": 1, "angle": "n", "segs": 1, "st_": "n", "street_nam": " ", "from_stree": "Steuben St", "to_street": "Attica St", "int_": "n", "hood": 30, "hood2": " ", "l_feet": 128, "width": 4, "steps": 90, "treads": 0, "year": 1947, "coded_": " ", "pix": " ", "comment": " ", "Shape__Length": 136.38978563490201 }, "geometry": { "type": "LineString", "coordinates": [ [ -80.037213582058897, 40.441726995333298 ], [ -80.037270294905895, 40.441355121791503 ] ] } },
{ "type": "Feature", "properties": { "objectid": 484, "length": 0.0, "streets_": 0, "streets_id": 0, "code": 999, "type": 1, "id_no": 475, "oid": 474, "id": 475, "dpwn1": 351, "dpwn2": " ", "location": "Ryan St", "style": 1, "angle": "n", "segs": 2, "st_": "y", "street_nam": "Ryan St", "from_stree": "S Main St", "to_street": "Steuben St", "int_": "n", "hood": 30, "hood2": " ", "l_feet": 104, "width": 5, "steps": 48, "treads": 0, "year": 1941, "coded_": " ", "pix": " ", "comment": " ", "Shape__Length": 169.049073443938 }, "geometry": { "type": "LineString", "coordinates": [ [ -80.037092621327602, 40.4412262272958 ], [ -80.037111556847194, 40.440762413713401 ] ] } },
{ "type": "Feature", "properties": { "objectid": 485, "length": 0.0, "streets_": 0, "streets_id": 0, "code": 0, "type": 3, "id_no": 468, "oid": 467, "id": 468, "dpwn1": 0, "dpwn2": " ", "location": "Attica St", "style": 3, "angle": "n", "segs": 1, "st_": "n", "street_nam": " ", "from_stree": "Attica St", "to_street": "Furley St", "int_": "n", "hood": 30, "hood2": " ", "l_feet": 0, "width": 5, "steps": 3, "treads": 0, "year": 0, "coded_": " ", "pix": " ", "comment": "asphalt and RR ties", "Shape__Length": 99.410284873214394 }, "geometry": { "type": "LineString", "coordinates": [ [ -80.036976950247507, 40.441903813028603 ], [ -80.037248219719004, 40.441726309759801 ] ] } },
{ "type": "Feature", "properties": { "objectid": 486, "length": 0.0, "streets_": 0, "streets_id": 0, "code": 999, "type": 1, "id_no": 465, "oid": 464, "id": 465, "dpwn1": 0, "dpwn2": " ", "location": "Amherst St", "style": 1, "angle": "n", "segs": 1, "st_": "y", "street_nam": "Amherst St", "from_stree": "Chartiers Ave", "to_street": "Janewood Way", "int_": "n", "hood": 30, "hood2": " ", "l_feet": 0, "width": 6, "steps": 53, "treads": 0, "year": 0, "coded_": " ", "pix": " ", "comment": "school steps?", "Shape__Length": 88.653360662847504 }, "geometry": { "type": "LineString", "coordinates": [ [ -80.039448803441502, 40.442225618667699 ], [ -80.039229494732396, 40.4424020978391 ] ] } },
{ "type": "Feature", "properties": { "objectid": 487, "length": 0.0, "streets_": 0, "streets_id": 0, "code": 0, "type": 3, "id_no": 469, "oid": 468, "id": 469, "dpwn1": 353, "dpwn2": " ", "location": "Furley St at Attica St", "style": 3, "angle": "n", "segs": 1, "st_": "n", "street_nam": " ", "from_stree": "Attica St", "to_street": "Herndon St", "int_": "n", "hood": 30, "hood2": " ", "l_feet": 110, "width": 5, "steps": 7, "treads": 0, "year": 1947, "coded_": " ", "pix": " ", "comment": "asphalt and RR ties--1 block long", "Shape__Length": 86.9317723007795 }, "geometry": { "type": "LineString", "coordinates": [ [ -80.037276755073904, 40.442056772650197 ], [ -80.037012485221496, 40.441929591982401 ] ] } },
{ "type": "Feature", "properties": { "objectid": 488, "length": 0.0, "streets_": 0, "streets_id": 0, "code": 0, "type": 4, "id_no": 471, "oid": 470, "id": 471, "dpwn1": 0, "dpwn2": " ", "location": "Fairview St", "style": 4, "angle": "n", "segs": 1, "st_": "n", "street_nam": " ", "from_stree": "Plover Way", "to_street": "Valonia St", "int_": "n", "hood": 30, "hood2": " ", "l_feet": 0, "width": 5, "steps": 16, "treads": 0, "year": 0, "coded_": " ", "pix": " ", "comment": " ", "Shape__Length": 123.41305353080099 }, "geometry": { "type": "LineString", "coordinates": [ [ -80.035534517726902, 40.444658903382702 ], [ -80.035200849988499, 40.444882013742401 ] ] } },
{ "type": "Feature", "properties": { "objectid": 489, "length": 0.0, "streets_": 0, "streets_id": 0, "code": 0, "type": 3, "id_no": 472, "oid": 471, "id": 472, "dpwn1": 0, "dpwn2": " ", "location": "Rue Grand Vue", "style": 3, "angle": "n", "segs": 1, "st_": "n", "street_nam": " ", "from_stree": "Lorentz Ave", "to_street": "Navajo Way", "int_": "n", "hood": 30, "hood2": " ", "l_feet": 0, "width": 5, "steps": 7, "treads": 0, "year": 0, "coded_": " ", "pix": " ", "comment": " ", "Shape__Length": 133.372892783552 }, "geometry": { "type": "LineString", "coordinates": [ [ -80.035839786893007, 40.447725912198898 ], [ -80.035518604597399, 40.4474542015395 ] ] } },
{ "type": "Feature", "properties": { "objectid": 490, "length": 0.0, "streets_": 0, "streets_id": 0, "code": 0, "type": 5, "id_no": 473, "oid": 472, "id": 473, "dpwn1": 0, "dpwn2": " ", "location": "Marena St", "style": 5, "angle": "n", "segs": 1, "st_": "n", "street_nam": " ", "from_stree": "Paranassus Way", "to_street": "Marlow St", "int_": "n", "hood": 30, "hood2": " ", "l_feet": 0, "width": 5, "steps": 67, "treads": 0, "year": 0, "coded_": " ", "pix": " ", "comment": " ", "Shape__Length": 301.25218663724399 }, "geometry": { "type": "LineString", "coordinates": [ [ -80.037314699563396, 40.445648800562502 ], [ -80.036588320559602, 40.445035732306401 ] ] } },
{ "type": "Feature", "properties": { "objectid": 491, "length": 0.0, "streets_": 0, "streets_id": 0, "code": 0, "type": 3, "id_no": 474, "oid": 473, "id": 474, "dpwn1": 0, "dpwn2": " ", "location": "Uvilla St", "style": 3, "angle": "n", "segs": 2, "st_": "n", "street_nam": " ", "from_stree": "Paranassus Way", "to_street": "Comstock Way", "int_": "n", "hood": 30, "hood2": " ", "l_feet": 0, "width": 5, "steps": 22, "treads": 0, "year": 0, "coded_": " ", "pix": " ", "comment": " ", "Shape__Length": 440.01097025071698 }, "geometry": { "type": "LineString", "coordinates": [ [ -80.037905377530294, 40.445261917376598 ], [ -80.037279893264696, 40.4447049313872 ], [ -80.036903172125193, 40.444328395029501 ] ] } },
{ "type": "Feature", "properties": { "objectid": 492, "length": 0.0, "streets_": 0, "streets_id": 0, "code": 0, "type": 5, "id_no": 538, "oid": 537, "id": 538, "dpwn1": 0, "dpwn2": "0", "location": "Habermann Ave", "style": 5, "angle": "n", "segs": 1, "st_": "n", "street_nam": " ", "from_stree": "E  Warrington Ave", "to_street": "Industry St", "int_": "n", "hood": 9, "hood2": " ", "l_feet": 105, "width": 3, "steps": 19, "treads": 0, "year": 0, "coded_": " ", "pix": " ", "comment": "asphalt and brick", "Shape__Length": 97.219570028832294 }, "geometry": { "type": "LineString", "coordinates": [ [ -80.002408825567599, 40.420966833938301 ], [ -80.002402396441099, 40.420700010865403 ] ] } },
{ "type": "Feature", "properties": { "objectid": 493, "length": 0.0, "streets_": 0, "streets_id": 0, "code": 0, "type": 3, "id_no": 539, "oid": 538, "id": 539, "dpwn1": 467, "dpwn2": "0", "location": "Habermann Ave", "style": 3, "angle": "n", "segs": 3, "st_": "n", "street_nam": " ", "from_stree": "Industry St", "to_street": "Climax St", "int_": "n", "hood": 9, "hood2": " ", "l_feet": 189, "width": 4, "steps": 26, "treads": 0, "year": 1940, "coded_": " ", "pix": " ", "comment": "asphalt and concrete", "Shape__Length": 234.449620526969 }, "geometry": { "type": "LineString", "coordinates": [ [ -80.002388363613903, 40.419982742196098 ], [ -80.002397457887895, 40.420626270353999 ] ] } },
{ "type": "Feature", "properties": { "objectid": 494, "length": 0.0, "streets_": 0, "streets_id": 0, "code": 0, "type": 3, "id_no": 540, "oid": 539, "id": 540, "dpwn1": 0, "dpwn2": "0", "location": "Delmont Ave", "style": 3, "angle": "n", "segs": 4, "st_": "n", "street_nam": " ", "from_stree": "Nina Way", "to_street": "Loyal Way", "int_": "n", "hood": 9, "hood2": " ", "l_feet": 429, "width": 4, "steps": 120, "treads": 0, "year": 0, "coded_": " ", "pix": " ", "comment": " ", "Shape__Length": 518.82877026086203 }, "geometry": { "type": "LineString", "coordinates": [ [ -80.004673024637995, 40.4204493527861 ], [ -80.004579580385197, 40.420047027014199 ], [ -80.0041576966387, 40.419084000665997 ] ] } },
{ "type": "Feature", "properties": { "objectid": 495, "length": 0.0, "streets_": 0, "streets_id": 0, "code": 0, "type": 1, "id_no": 541, "oid": 540, "id": 541, "dpwn1": 499, "dpwn2": " ", "location": "Montooth St", "style": 1, "angle": "n", "segs": 1, "st_": "y", "street_nam": "Montooth St", "from_stree": "W  Warrington Ave", "to_street": "Nina Way", "int_": "n", "hood": 9, "hood2": " ", "l_feet": 144, "width": 4, "steps": 37, "treads": 0, "year": 1988, "coded_": " ", "pix": " ", "comment": " ", "Shape__Length": 108.57427308106401 }, "geometry": { "type": "LineString", "coordinates": [ [ -80.006070928021202, 40.420561817062897 ], [ -80.006044043259294, 40.420264489146703 ] ] } },
{ "type": "Feature", "properties": { "objectid": 496, "length": 0.0, "streets_": 0, "streets_id": 0, "code": 0, "type": 1, "id_no": 543, "oid": 542, "id": 543, "dpwn1": 496, "dpwn2": "0", "location": "Montooth St", "style": 3, "angle": "n", "segs": 3, "st_": "n", "street_nam": " ", "from_stree": "Nina Way", "to_street": "Climax St", "int_": "n", "hood": 9, "hood2": " ", "l_feet": 203, "width": 4, "steps": 19, "treads": 0, "year": 1950, "coded_": " ", "pix": " ", "comment": "asphalt and brick", "Shape__Length": 413.30660195254501 }, "geometry": { "type": "LineString", "coordinates": [ [ -80.0059479016289, 40.419089720149501 ], [ -80.005967365927503, 40.419820135932497 ], [ -80.005997451818601, 40.419830907918197 ], [ -80.006017529250101, 40.420209166522099 ] ] } },
{ "type": "Feature", "properties": { "objectid": 497, "length": 0.0, "streets_": 0, "streets_id": 0, "code": 0, "type": 1, "id_no": 544, "oid": 543, "id": 544, "dpwn1": 468, "dpwn2": " ", "location": "Habermann Ave", "style": 1, "angle": "n", "segs": 1, "st_": "y", "street_nam": "Habermann Ave", "from_stree": "Loyal Way", "to_street": "Freeland St", "int_": "n", "hood": 9, "hood2": " ", "l_feet": 151, "width": 4, "steps": 40, "treads": 0, "year": 1990, "coded_": " ", "pix": " ", "comment": "possible brick steps to Lehr Way--22 steps", "Shape__Length": 127.336456362449 }, "geometry": { "type": "LineString", "coordinates": [ [ -80.002407482273497, 40.419441892276097 ], [ -80.002395819058194, 40.4190924665224 ] ] } },
{ "type": "Feature", "properties": { "objectid": 498, "length": 0.0, "streets_": 0, "streets_id": 0, "code": 0, "type": 1, "id_no": 545, "oid": 544, "id": 545, "dpwn1": 470, "dpwn2": " ", "location": "Delmont Ave", "style": 1, "angle": "n", "segs": 1, "st_": "y", "street_nam": "Delmont Ave", "from_stree": "Loyal Way", "to_street": "Freeland St", "int_": "n", "hood": 9, "hood2": " ", "l_feet": 113, "width": 5, "steps": 59, "treads": 0, "year": 1948, "coded_": " ", "pix": " ", "comment": " ", "Shape__Length": 116.671479905363 }, "geometry": { "type": "LineString", "coordinates": [ [ -80.004206765819106, 40.419031242670997 ], [ -80.004094793949804, 40.418722624593599 ] ] } },
{ "type": "Feature", "properties": { "objectid": 499, "length": 0.0, "streets_": 0, "streets_id": 0, "code": 0, "type": 3, "id_no": 546, "oid": 545, "id": 546, "dpwn1": 0, "dpwn2": " ", "location": "Habermann Ave", "style": 3, "angle": "n", "segs": 1, "st_": "n", "street_nam": " ", "from_stree": "Lehr Way", "to_street": "Cedarhurst St", "int_": "n", "hood": 9, "hood2": " ", "l_feet": 0, "width": 5, "steps": 7, "treads": 0, "year": 0, "coded_": " ", "pix": " ", "comment": " ", "Shape__Length": 103.862761372176 }, "geometry": { "type": "LineString", "coordinates": [ [ -80.002362903624103, 40.418613953936898 ], [ -80.002370333193298, 40.418328906468297 ] ] } },
{ "type": "Feature", "properties": { "objectid": 500, "length": 0.0, "streets_": 0, "streets_id": 0, "code": 0, "type": 3, "id_no": 548, "oid": 547, "id": 548, "dpwn1": 0, "dpwn2": " ", "location": "Habermann Ave", "style": 3, "angle": "n", "segs": 1, "st_": "n", "street_nam": " ", "from_stree": "Orient Way", "to_street": "Sylvania St", "int_": "n", "hood": 9, "hood2": " ", "l_feet": 0, "width": 5, "steps": 6, "treads": 0, "year": 0, "coded_": " ", "pix": " ", "comment": " ", "Shape__Length": 117.90412626153601 }, "geometry": { "type": "LineString", "coordinates": [ [ -80.002371369568195, 40.417344677144101 ], [ -80.002360570799297, 40.417021134665902 ] ] } },
{ "type": "Feature", "properties": { "objectid": 501, "length": 0.0, "streets_": 0, "streets_id": 0, "code": 0, "type": 2, "id_no": 547, "oid": 546, "id": 547, "dpwn1": 0, "dpwn2": " ", "location": "Habermann Ave", "style": 1, "angle": "n", "segs": 1, "st_": "y", "street_nam": "Habermann Ave", "from_stree": "Chalfont St", "to_street": "Orient Way", "int_": "n", "hood": 9, "hood2": " ", "l_feet": 0, "width": 4, "steps": 12, "treads": 0, "year": 0, "coded_": " ", "pix": " ", "comment": "asphalt and brick", "Shape__Length": 117.904126261477 }, "geometry": { "type": "LineString", "coordinates": [ [ -80.002365840463597, 40.416671378622503 ], [ -80.002376639201799, 40.4169949211187 ] ] } },
{ "type": "Feature", "properties": { "objectid": 502, "length": 0.0, "streets_": 0, "streets_id": 0, "code": 0, "type": 1, "id_no": 542, "oid": 541, "id": 542, "dpwn1": 520, "dpwn2": " ", "location": "Laverne St", "style": 1, "angle": "n", "segs": 1, "st_": "y", "street_nam": "Laverne St", "from_stree": "W  Warrington Ave", "to_street": "Nina Way", "int_": "n", "hood": 9, "hood2": " ", "l_feet": 152, "width": 4, "steps": 60, "treads": 0, "year": 1990, "coded_": " ", "pix": " ", "comment": " ", "Shape__Length": 146.42914027948601 }, "geometry": { "type": "LineString", "coordinates": [ [ -80.007277994686802, 40.420175634039602 ], [ -80.007129543594601, 40.419790030639703 ] ] } },
{ "type": "Feature", "properties": { "objectid": 503, "length": 0.0, "streets_": 0, "streets_id": 0, "code": 0, "type": 2, "id_no": 576, "oid": 575, "id": 576, "dpwn1": 500, "dpwn2": " ", "location": "Sylvania Ave and Boggston Ave", "style": 2, "angle": "n", "segs": 1, "st_": "n", "street_nam": " ", "from_stree": "Streetcar Line", "to_street": "Boggston Ave", "int_": "n", "hood": 9, "hood2": " ", "l_feet": 42, "width": 3, "steps": 42, "treads": 42, "year": 1990, "coded_": " ", "pix": " ", "comment": " ", "Shape__Length": 59.655293522905197 }, "geometry": { "type": "LineString", "coordinates": [ [ -80.009815597658999, 40.416007875231998 ], [ -80.010017048191898, 40.415952133486599 ] ] } },
{ "type": "Feature", "properties": { "objectid": 504, "length": 0.0, "streets_": 0, "streets_id": 0, "code": 0, "type": 3, "id_no": 574, "oid": 573, "id": 574, "dpwn1": 0, "dpwn2": " ", "location": "Bigger St", "style": 3, "angle": "n", "segs": 1, "st_": "n", "street_nam": " ", "from_stree": "Bigger St", "to_street": "Taft Ave", "int_": "n", "hood": 9, "hood2": " ", "l_feet": 0, "width": 4, "steps": 12, "treads": 0, "year": 0, "coded_": " ", "pix": " ", "comment": " ", "Shape__Length": 396.117933091233 }, "geometry": { "type": "LineString", "coordinates": [ [ -80.008447561162299, 40.415115382827103 ], [ -80.007258048994302, 40.415711786777301 ] ] } },
{ "type": "Feature", "properties": { "objectid": 505, "length": 0.0, "streets_": 0, "streets_id": 0, "code": 0, "type": 2, "id_no": 575, "oid": 574, "id": 575, "dpwn1": 504, "dpwn2": " ", "location": "Buffington Ave", "style": 2, "angle": "y", "segs": 1, "st_": "n", "street_nam": " ", "from_stree": "Streetcar Line", "to_street": "Buffington Ave", "int_": "n", "hood": 9, "hood2": " ", "l_feet": 100, "width": 3, "steps": 30, "treads": 70, "year": 1990, "coded_": " ", "pix": " ", "comment": " ", "Shape__Length": 117.998411863317 }, "geometry": { "type": "LineString", "coordinates": [ [ -80.0070706489999, 40.413976568671103 ], [ -80.007076759683898, 40.413652695617998 ] ] } },
{ "type": "Feature", "properties": { "objectid": 506, "length": 0.0, "streets_": 0, "streets_id": 0, "code": 0, "type": 1, "id_no": 483, "oid": 482, "id": 483, "dpwn1": 305, "dpwn2": " ", "location": "Woodcove  Place", "style": 1, "angle": "n", "segs": 1, "st_": "n", "street_nam": " ", "from_stree": "Woodcove Place", "to_street": "Kirsopp Ave", "int_": "n", "hood": 6, "hood2": " ", "l_feet": 297, "width": 5, "steps": 73, "treads": 0, "year": 1958, "coded_": " ", "pix": " ", "comment": " ", "Shape__Length": 287.27053537969198 }, "geometry": { "type": "LineString", "coordinates": [ [ -80.037309737706096, 40.4095261465514 ], [ -80.036697988383906, 40.408891203018001 ] ] } },
{ "type": "Feature", "properties": { "objectid": 507, "length": 0.0, "streets_": 0, "streets_id": 0, "code": 0, "type": 1, "id_no": 482, "oid": 481, "id": 482, "dpwn1": 303, "dpwn2": " ", "location": "Anise Way", "style": 1, "angle": "n", "segs": 1, "st_": "y", "street_nam": "Anise Way", "from_stree": "Banksville Ave", "to_street": "Trippet Ave", "int_": "n", "hood": 6, "hood2": " ", "l_feet": 330, "width": 5, "steps": 77, "treads": 0, "year": 1948, "coded_": " ", "pix": " ", "comment": " ", "Shape__Length": 178.479449820805 }, "geometry": { "type": "LineString", "coordinates": [ [ -80.034505541894504, 40.407762123394299 ], [ -80.0341132917263, 40.407374668358798 ] ] } },
{ "type": "Feature", "properties": { "objectid": 508, "length": 0.0, "streets_": 0, "streets_id": 0, "code": 0, "type": 1, "id_no": 484, "oid": 483, "id": 484, "dpwn1": 0, "dpwn2": " ", "location": "Carnahan Rd at Younger Ave", "style": 1, "angle": "y", "segs": 1, "st_": "n", "street_nam": " ", "from_stree": "Banksville Ave", "to_street": "Carnahan Rd", "int_": "n", "hood": 6, "hood2": " ", "l_feet": 0, "width": 5, "steps": 74, "treads": 0, "year": 0, "coded_": " ", "pix": " ", "comment": "school steps?", "Shape__Length": 211.34937605108399 }, "geometry": { "type": "LineString", "coordinates": [ [ -80.036258447463993, 40.407108271968603 ], [ -80.036075973165396, 40.406808887171401 ], [ -80.035763306499106, 40.406736032782 ] ] } },
{ "type": "Feature", "properties": { "objectid": 509, "length": 0.0, "streets_": 0, "streets_id": 0, "code": 0, "type": 1, "id_no": 486, "oid": 485, "id": 486, "dpwn1": 283, "dpwn2": " ", "location": "Louisiana Ave", "style": 1, "angle": "n", "segs": 1, "st_": "y", "street_nam": "Louisiana Ave", "from_stree": "Ordinance St", "to_street": "Wenzel Ave", "int_": "n", "hood": 8, "hood2": " ", "l_feet": 826, "width": 5, "steps": 141, "treads": 0, "year": 1950, "coded_": " ", "pix": "y", "comment": " ", "Shape__Length": 419.09876906562698 }, "geometry": { "type": "LineString", "coordinates": [ [ -80.034297521297304, 40.402296763924902 ], [ -80.033962312758604, 40.402524696849497 ], [ -80.032950269260198, 40.402755795866902 ] ] } },
{ "type": "Feature", "properties": { "objectid": 510, "length": 0.0, "streets_": 0, "streets_id": 0, "code": 0, "type": 1, "id_no": 487, "oid": 486, "id": 487, "dpwn1": 279, "dpwn2": " ", "location": "Neeld Way", "style": 1, "angle": "n", "segs": 1, "st_": "y", "street_nam": "Neeld Way", "from_stree": "Wenzel Ave", "to_street": "Candance St", "int_": "n", "hood": 8, "hood2": " ", "l_feet": 276, "width": 5, "steps": 81, "treads": 0, "year": 1951, "coded_": " ", "pix": " ", "comment": " ", "Shape__Length": 206.35074333305201 }, "geometry": { "type": "LineString", "coordinates": [ [ -80.032763792142106, 40.402632447356801 ], [ -80.032023746838902, 40.402660246198003 ] ] } },
{ "type": "Feature", "properties": { "objectid": 511, "length": 0.0, "streets_": 0, "streets_id": 0, "code": 0, "type": 1, "id_no": 489, "oid": 488, "id": 489, "dpwn1": 280, "dpwn2": " ", "location": "Candance St", "style": 1, "angle": "n", "segs": 1, "st_": "y", "street_nam": "Candance St", "from_stree": "Crosby Ave", "to_street": "Shiras Ave", "int_": "n", "hood": 8, "hood2": " ", "l_feet": 130, "width": 4, "steps": 56, "treads": 0, "year": 1950, "coded_": " ", "pix": " ", "comment": " ", "Shape__Length": 100.86286686914799 }, "geometry": { "type": "LineString", "coordinates": [ [ -80.032076714277494, 40.404226876967201 ], [ -80.032050145860893, 40.403950753016602 ] ] } },
{ "type": "Feature", "properties": { "objectid": 512, "length": 0.0, "streets_": 0, "streets_id": 0, "code": 999, "type": 3, "id_no": 488, "oid": 487, "id": 488, "dpwn1": 278, "dpwn2": " ", "location": "Neeld Ave", "style": 3, "angle": "n", "segs": 1, "st_": "n", "street_nam": " ", "from_stree": "Candance St", "to_street": "Broadway Ave", "int_": "n", "hood": 8, "hood2": " ", "l_feet": 120, "width": 3, "steps": 8, "treads": 0, "year": 1950, "coded_": " ", "pix": " ", "comment": "asphalt and cement", "Shape__Length": 198.85962946423999 }, "geometry": { "type": "LineString", "coordinates": [ [ -80.031885856123395, 40.402670954201902 ], [ -80.031172376329096, 40.402692580003603 ] ] } },
{ "type": "Feature", "properties": { "objectid": 513, "length": 0.0, "streets_": 0, "streets_id": 0, "code": 0, "type": 4, "id_no": 490, "oid": 489, "id": 490, "dpwn1": 0, "dpwn2": "306", "location": "Boustead St", "style": 4, "angle": "n", "segs": 2, "st_": "n", "street_nam": " ", "from_stree": "Hillgrove Ave", "to_street": " ", "int_": "n", "hood": 8, "hood2": " ", "l_feet": 135, "width": 5, "steps": 59, "treads": 0, "year": 1980, "coded_": " ", "pix": " ", "comment": " ", "Shape__Length": 224.96258948215799 }, "geometry": { "type": "LineString", "coordinates": [ [ -80.032485497052804, 40.404963613465497 ], [ -80.031677702989001, 40.404964512542101 ] ] } },
{ "type": "Feature", "properties": { "objectid": 514, "length": 0.0, "streets_": 0, "streets_id": 0, "code": 0, "type": 4, "id_no": 491, "oid": 490, "id": 491, "dpwn1": 302, "dpwn2": " ", "location": "Potomac St", "style": 4, "angle": "n", "segs": 3, "st_": "n", "street_nam": " ", "from_stree": "Banksville Rd", "to_street": "Strachan Ave", "int_": "n", "hood": 6, "hood2": " ", "l_feet": 392, "width": 5, "steps": 98, "treads": 0, "year": 1964, "coded_": " ", "pix": " ", "comment": " ", "Shape__Length": 605.10113092348104 }, "geometry": { "type": "LineString", "coordinates": [ [ -80.040694436831998, 40.403252674495697 ], [ -80.040088876611705, 40.401657480988902 ] ] } },
{ "type": "Feature", "properties": { "objectid": 515, "length": 0.0, "streets_": 0, "streets_id": 0, "code": 0, "type": 4, "id_no": 485, "oid": 484, "id": 485, "dpwn1": 262, "dpwn2": "304", "location": "Wenzel Ave", "style": 4, "angle": "n", "segs": 7, "st_": "n", "street_nam": " ", "from_stree": "Banksville Ave", "to_street": "Louisiana Ave", "int_": "n", "hood": 6, "hood2": "8", "l_feet": 498, "width": 5, "steps": 90, "treads": 0, "year": 1964, "coded_": " ", "pix": " ", "comment": " ", "Shape__Length": 1511.0294614547299 }, "geometry": { "type": "LineString", "coordinates": [ [ -80.034198508247599, 40.406832196876998 ], [ -80.034081030770196, 40.4066981076923 ], [ -80.033990852266896, 40.406507848635002 ], [ -80.033666001547701, 40.405787523548902 ], [ -80.0334293373988, 40.403596894488899 ], [ -80.033342305044798, 40.4033538552141 ], [ -80.033024985927497, 40.402855546239998 ], [ -80.033038397758801, 40.402859598405101 ], [ -80.033038627924597, 40.402866403185797 ] ] } },
{ "type": "Feature", "properties": { "objectid": 516, "length": 0.0, "streets_": 0, "streets_id": 0, "code": 999, "type": 4, "id_no": 588, "oid": 587, "id": 588, "dpwn1": 0, "dpwn2": " ", "location": "Newett St", "style": 4, "angle": "n", "segs": 2, "st_": "n", "street_nam": " ", "from_stree": "Westmont Ave", "to_street": "Brownsville Rd", "int_": "n", "hood": 16, "hood2": " ", "l_feet": 0, "width": 4, "steps": 24, "treads": 0, "year": 1949, "coded_": " ", "pix": " ", "comment": " ", "Shape__Length": 285.50869083485298 }, "geometry": { "type": "LineString", "coordinates": [ [ -79.989066074367798, 40.396986324061203 ], [ -79.988097731456094, 40.397243455696803 ] ] } },
{ "type": "Feature", "properties": { "objectid": 517, "length": 0.0, "streets_": 0, "streets_id": 0, "code": 999, "type": 5, "id_no": 587, "oid": 586, "id": 587, "dpwn1": 498, "dpwn2": "0", "location": "Copperfield Ave", "style": 5, "angle": "n", "segs": 3, "st_": "n", "street_nam": " ", "from_stree": "Oakhurst Way", "to_street": "Brownsville Rd", "int_": "n", "hood": 16, "hood2": " ", "l_feet": 330, "width": 4, "steps": 167, "treads": 0, "year": 1949, "coded_": " ", "pix": " ", "comment": " ", "Shape__Length": 458.97007298150498 }, "geometry": { "type": "LineString", "coordinates": [ [ -79.988938219050695, 40.395638091480699 ], [ -79.987438277263294, 40.396159774858603 ] ] } },
{ "type": "Feature", "properties": { "objectid": 518, "length": 0.0, "streets_": 0, "streets_id": 0, "code": 0, "type": 4, "id_no": 586, "oid": 585, "id": 586, "dpwn1": 0, "dpwn2": " ", "location": "Copperfield Ave", "style": 4, "angle": "n", "segs": 1, "st_": "n", "street_nam": " ", "from_stree": "Mt Joseph St", "to_street": "Oakhurst Way", "int_": "n", "hood": 16, "hood2": " ", "l_feet": 167, "width": 4, "steps": 29, "treads": 0, "year": 1949, "coded_": " ", "pix": " ", "comment": " ", "Shape__Length": 173.79701602663201 }, "geometry": { "type": "LineString", "coordinates": [ [ -79.989623224503703, 40.395383115807803 ], [ -79.989049051202798, 40.395569893374002 ] ] } },
{ "type": "Feature", "properties": { "objectid": 519, "length": 0.0, "streets_": 0, "streets_id": 0, "code": 0, "type": 4, "id_no": 595, "oid": 594, "id": 595, "dpwn1": 486, "dpwn2": " ", "location": "E  Woodford Ave", "style": 4, "angle": "n", "segs": 1, "st_": "n", "street_nam": " ", "from_stree": "Fromm Way", "to_street": "Hazeldell St", "int_": "n", "hood": 16, "hood2": " ", "l_feet": 151, "width": 6, "steps": 61, "treads": 0, "year": 1970, "coded_": " ", "pix": " ", "comment": " ", "Shape__Length": 205.039135294213 }, "geometry": { "type": "LineString", "coordinates": [ [ -79.985219798504403, 40.39330524599 ], [ -79.984486643672298, 40.393254724268203 ] ] } },
{ "type": "Feature", "properties": { "objectid": 520, "length": 0.0, "streets_": 0, "streets_id": 0, "code": 0, "type": 4, "id_no": 596, "oid": 595, "id": 596, "dpwn1": 0, "dpwn2": " ", "location": "Rehman St", "style": 4, "angle": "n", "segs": 1, "st_": "n", "street_nam": " ", "from_stree": "Revision Way", "to_street": "Hornaday Rd", "int_": "n", "hood": 16, "hood2": " ", "l_feet": 0, "width": 5, "steps": 21, "treads": 0, "year": 0, "coded_": " ", "pix": " ", "comment": "brick and concrete", "Shape__Length": 333.36004829252198 }, "geometry": { "type": "LineString", "coordinates": [ [ -79.982602726736204, 40.394784129967597 ], [ -79.982189139896093, 40.393925424567698 ] ] } },
{ "type": "Feature", "properties": { "objectid": 521, "length": 0.0, "streets_": 0, "streets_id": 0, "code": 0, "type": 1, "id_no": 597, "oid": 596, "id": 597, "dpwn1": 484, "dpwn2": " ", "location": "Redrose Ave", "style": 1, "angle": "n", "segs": 1, "st_": "y", "street_nam": "Redrose Ave", "from_stree": "Madeline St", "to_street": "Redrose Ave", "int_": "n", "hood": 16, "hood2": " ", "l_feet": 54, "width": 4, "steps": 35, "treads": 40, "year": 1946, "coded_": " ", "pix": " ", "comment": " ", "Shape__Length": 70.847182704784998 }, "geometry": { "type": "LineString", "coordinates": [ [ -79.981062234476497, 40.394268484589603 ], [ -79.981071748966997, 40.394074143914303 ] ] } },
{ "type": "Feature", "properties": { "objectid": 522, "length": 0.0, "streets_": 0, "streets_id": 0, "code": 0, "type": 3, "id_no": 599, "oid": 598, "id": 599, "dpwn1": 0, "dpwn2": " ", "location": "Glenroy  St and Carrick Ave", "style": 3, "angle": "n", "segs": 1, "st_": "n", "street_nam": " ", "from_stree": "Carrick Ave", "to_street": "Lauch Way", "int_": "n", "hood": 16, "hood2": " ", "l_feet": 0, "width": 0, "steps": 8, "treads": 0, "year": 0, "coded_": " ", "pix": " ", "comment": " ", "Shape__Length": 112.36465450831 }, "geometry": { "type": "LineString", "coordinates": [ [ -79.981710573316207, 40.3901367968 ], [ -79.981372495385401, 40.389968532588803 ] ] } },
{ "type": "Feature", "properties": { "objectid": 523, "length": 0.0, "streets_": 0, "streets_id": 0, "code": 0, "type": 1, "id_no": 601, "oid": 600, "id": 601, "dpwn1": 511, "dpwn2": " ", "location": "Ravilla Ave", "style": 1, "angle": "n", "segs": 1, "st_": "y", "street_nam": "Ravilla Ave", "from_stree": "Almont St", "to_street": "Valera Ave", "int_": "n", "hood": 16, "hood2": " ", "l_feet": 177, "width": 4, "steps": 55, "treads": 22, "year": 1948, "coded_": " ", "pix": " ", "comment": "asphalt and concrete tread", "Shape__Length": 222.33212783294201 }, "geometry": { "type": "LineString", "coordinates": [ [ -79.987315244910704, 40.388057888211101 ], [ -79.987925661079302, 40.3876646813329 ] ] } },
{ "type": "Feature", "properties": { "objectid": 524, "length": 0.0, "streets_": 0, "streets_id": 0, "code": 0, "type": 1, "id_no": 600, "oid": 599, "id": 600, "dpwn1": 513, "dpwn2": " ", "location": "Sanderson Ave", "style": 1, "angle": "n", "segs": 1, "st_": "n", "street_nam": "Sanderson Ave", "from_stree": "Matilda St", "to_street": "Merrit Ave", "int_": "n", "hood": 16, "hood2": "60", "l_feet": 150, "width": 4, "steps": 87, "treads": 0, "year": 1952, "coded_": " ", "pix": " ", "comment": " ", "Shape__Length": 244.15692510705199 }, "geometry": { "type": "LineString", "coordinates": [ [ -79.986903190682, 40.383775371844798 ], [ -79.987008357534094, 40.384440745576498 ] ] } },
{ "type": "Feature", "properties": { "objectid": 525, "length": 0.0, "streets_": 0, "streets_id": 0, "code": 999, "type": 1, "id_no": 613, "oid": 612, "id": 613, "dpwn1": 510, "dpwn2": " ", "location": "Hillview St and E Saw Mill Run", "style": 1, "angle": "n", "segs": 1, "st_": "n", "street_nam": " ", "from_stree": "Hillview St", "to_street": "Kingwood St", "int_": "n", "hood": 60, "hood2": " ", "l_feet": 330, "width": 4, "steps": 95, "treads": 0, "year": 1950, "coded_": " ", "pix": " ", "comment": " ", "Shape__Length": 311.64347952243298 }, "geometry": { "type": "LineString", "coordinates": [ [ -79.9961689161089, 40.381831609465401 ], [ -79.996557823885198, 40.381029503009302 ] ] } },
{ "type": "Feature", "properties": { "objectid": 526, "length": 0.0, "streets_": 0, "streets_id": 0, "code": 0, "type": 1, "id_no": 608, "oid": 607, "id": 608, "dpwn1": 514, "dpwn2": " ", "location": "Antenor Way", "style": 1, "angle": "n", "segs": 1, "st_": "y", "street_nam": "Antenor Way", "from_stree": "Maytide St", "to_street": "Antenor Ave", "int_": "n", "hood": 60, "hood2": " ", "l_feet": 298, "width": 5, "steps": 101, "treads": 0, "year": 1949, "coded_": " ", "pix": " ", "comment": " ", "Shape__Length": 250.79928655000299 }, "geometry": { "type": "LineString", "coordinates": [ [ -79.992951467204193, 40.384436682818297 ], [ -79.993621060291701, 40.383976483776699 ] ] } },
{ "type": "Feature", "properties": { "objectid": 527, "length": 0.0, "streets_": 0, "streets_id": 0, "code": 0, "type": 1, "id_no": 609, "oid": 608, "id": 609, "dpwn1": 509, "dpwn2": " ", "location": "Gelbury St at Railroad Underpass", "style": 1, "angle": "n", "segs": 1, "st_": "n", "street_nam": " ", "from_stree": "Glenbury St", "to_street": "Pinecastle Ave", "int_": "n", "hood": 60, "hood2": " ", "l_feet": 75, "width": 5, "steps": 55, "treads": 45, "year": 1947, "coded_": " ", "pix": " ", "comment": " ", "Shape__Length": 93.313766522320506 }, "geometry": { "type": "LineString", "coordinates": [ [ -79.997911939523604, 40.383005387014101 ], [ -79.997625434629299, 40.383138091110503 ] ] } },
{ "type": "Feature", "properties": { "objectid": 528, "length": 0.0, "streets_": 0, "streets_id": 0, "code": 0, "type": 1, "id_no": 610, "oid": 609, "id": 610, "dpwn1": 507, "dpwn2": " ", "location": "Fan St", "style": 1, "angle": "n", "segs": 1, "st_": "y", "street_nam": "Fan St", "from_stree": "Glenbury St", "to_street": "Seldon Pl", "int_": "n", "hood": 60, "hood2": " ", "l_feet": 153, "width": 5, "steps": 79, "treads": 0, "year": 1949, "coded_": " ", "pix": "y", "comment": " ", "Shape__Length": 155.72332546628201 }, "geometry": { "type": "LineString", "coordinates": [ [ -79.998403181551893, 40.384028723626102 ], [ -79.998033604981302, 40.384163046302902 ], [ -79.997906887615798, 40.384101950263499 ] ] } },
{ "type": "Feature", "properties": { "objectid": 529, "length": 0.0, "streets_": 0, "streets_id": 0, "code": 0, "type": 1, "id_no": 614, "oid": 613, "id": 614, "dpwn1": 521, "dpwn2": " ", "location": "Hillview St", "style": 1, "angle": "n", "segs": 1, "st_": "y", "street_nam": "Hillview St", "from_stree": "Kingwood St", "to_street": "Homehurst St", "int_": "n", "hood": 60, "hood2": " ", "l_feet": 344, "width": 4, "steps": 111, "treads": 0, "year": 1949, "coded_": " ", "pix": " ", "comment": " ", "Shape__Length": 341.976421290649 }, "geometry": { "type": "LineString", "coordinates": [ [ -79.998082883785102, 40.380650220220097 ], [ -79.997555954515505, 40.379802375867499 ] ] } },
{ "type": "Feature", "properties": { "objectid": 530, "length": 0.0, "streets_": 0, "streets_id": 0, "code": 0, "type": 1, "id_no": 606, "oid": 605, "id": 606, "dpwn1": 491, "dpwn2": " ", "location": "Sinton Way", "style": 1, "angle": "n", "segs": 3, "st_": "y", "street_nam": "Sinton Way", "from_stree": "Dartmore St", "to_street": "Lucina St", "int_": "n", "hood": 60, "hood2": " ", "l_feet": 647, "width": 4, "steps": 221, "treads": 0, "year": 1945, "coded_": " ", "pix": " ", "comment": " ", "Shape__Length": 735.88873476325705 }, "geometry": { "type": "LineString", "coordinates": [ [ -79.992284533105803, 40.387413636707599 ], [ -79.993083521959605, 40.387264074037901 ], [ -79.993491232138496, 40.387163708826399 ], [ -79.993903600240799, 40.387021651750203 ], [ -79.994796405063497, 40.386800335448299 ] ] } },
{ "type": "Feature", "properties": { "objectid": 531, "length": 0.0, "streets_": 0, "streets_id": 0, "code": 0, "type": 1, "id_no": 607, "oid": 606, "id": 607, "dpwn1": 492, "dpwn2": " ", "location": "Englert St", "style": 1, "angle": "n", "segs": 1, "st_": "y", "street_nam": "Englert St", "from_stree": "Dartmore St", "to_street": "Fairland St", "int_": "n", "hood": 60, "hood2": " ", "l_feet": 263, "width": 5, "steps": 92, "treads": 0, "year": 1948, "coded_": " ", "pix": " ", "comment": " ", "Shape__Length": 264.438261219396 }, "geometry": { "type": "LineString", "coordinates": [ [ -79.994960442821096, 40.388608694215201 ], [ -79.995823209080896, 40.388305882953802 ] ] } },
{ "type": "Feature", "properties": { "objectid": 532, "length": 0.0, "streets_": 0, "streets_id": 0, "code": 0, "type": 3, "id_no": 605, "oid": 604, "id": 605, "dpwn1": 0, "dpwn2": " ", "location": "Dartmore St", "style": 3, "angle": "n", "segs": 1, "st_": "n", "street_nam": "Dartmore St", "from_stree": "Englert St", "to_street": "Dartmore St", "int_": "n", "hood": 60, "hood2": " ", "l_feet": 0, "width": 5, "steps": 8, "treads": 0, "year": 0, "coded_": " ", "pix": " ", "comment": " ", "Shape__Length": 55.112093973486097 }, "geometry": { "type": "LineString", "coordinates": [ [ -79.996072151509793, 40.3884536852743 ], [ -79.996008355229094, 40.388310482128901 ] ] } },
{ "type": "Feature", "properties": { "objectid": 533, "length": 0.0, "streets_": 0, "streets_id": 0, "code": 0, "type": 2, "id_no": 611, "oid": 610, "id": 611, "dpwn1": 505, "dpwn2": " ", "location": "Vineland St", "style": 2, "angle": "n", "segs": 1, "st_": "y", "street_nam": "Vineland St", "from_stree": "Aaron Ave", "to_street": "Vineland St", "int_": "n", "hood": 60, "hood2": " ", "l_feet": 40, "width": 3, "steps": 38, "treads": 0, "year": 1990, "coded_": " ", "pix": "y", "comment": " ", "Shape__Length": 70.6402422453057 }, "geometry": { "type": "LineString", "coordinates": [ [ -80.000568040576795, 40.387879792624297 ], [ -80.000356653205401, 40.387772677013999 ] ] } },
{ "type": "Feature", "properties": { "objectid": 534, "length": 0.0, "streets_": 0, "streets_id": 0, "code": 0, "type": 1, "id_no": 615, "oid": 614, "id": 615, "dpwn1": 264, "dpwn2": " ", "location": "Glenhurst Rd", "style": 1, "angle": "n", "segs": 1, "st_": "n", "street_nam": " ", "from_stree": "Glenhurst Rd", "to_street": "Lougean Ave", "int_": "n", "hood": 46, "hood2": " ", "l_feet": 72, "width": 5, "steps": 77, "treads": 0, "year": 1953, "coded_": " ", "pix": " ", "comment": "part concrete steps/part wood steps", "Shape__Length": 200.472140941654 }, "geometry": { "type": "LineString", "coordinates": [ [ -79.918261429159998, 40.374475104670204 ], [ -79.917644317216897, 40.374758080607997 ] ] } },
{ "type": "Feature", "properties": { "objectid": 535, "length": 0.0, "streets_": 0, "streets_id": 0, "code": 0, "type": 1, "id_no": 616, "oid": 615, "id": 616, "dpwn1": 267, "dpwn2": " ", "location": "Oakleaf Dr", "style": 1, "angle": "n", "segs": 1, "st_": "y", "street_nam": "Oakleaf Dr", "from_stree": "Leaside Dr", "to_street": "Oakleaf Dr", "int_": "n", "hood": 46, "hood2": " ", "l_feet": 172, "width": 4, "steps": 46, "treads": 74, "year": 1948, "coded_": " ", "pix": " ", "comment": " ", "Shape__Length": 293.29657701367802 }, "geometry": { "type": "LineString", "coordinates": [ [ -79.914772773983998, 40.372433334395701 ], [ -79.914085314057104, 40.371823629870399 ] ] } },
{ "type": "Feature", "properties": { "objectid": 536, "length": 0.0, "streets_": 0, "streets_id": 0, "code": 0, "type": 2, "id_no": 646, "oid": 645, "id": 646, "dpwn1": 457, "dpwn2": " ", "location": "Clover St", "style": 2, "angle": "n", "segs": 1, "st_": "y", "street_nam": "Clover St", "from_stree": "Wellington Way", "to_street": "Cobden St", "int_": "n", "hood": 73, "hood2": " ", "l_feet": 120, "width": 3, "steps": 42, "treads": 120, "year": 1997, "coded_": " ", "pix": " ", "comment": " ", "Shape__Length": 137.44234682939299 }, "geometry": { "type": "LineString", "coordinates": [ [ -79.970910759484099, 40.420014013867302 ], [ -79.970870761159205, 40.420390053438702 ] ] } },
{ "type": "Feature", "properties": { "objectid": 537, "length": 0.0, "streets_": 0, "streets_id": 0, "code": 999, "type": 1, "id_no": 647, "oid": 646, "id": 647, "dpwn1": 469, "dpwn2": " ", "location": "S 4th St", "style": 1, "angle": "n", "segs": 1, "st_": "y", "street_nam": "S 4th St", "from_stree": "McKean St", "to_street": "E  Carson St", "int_": "n", "hood": 72, "hood2": " ", "l_feet": 55, "width": 5, "steps": 56, "treads": 0, "year": 1931, "coded_": " ", "pix": " ", "comment": " ", "Shape__Length": 122.27388899504901 }, "geometry": { "type": "LineString", "coordinates": [ [ -79.996194861696097, 40.429549646952999 ], [ -79.996383745102094, 40.429246626476001 ] ] } },
{ "type": "Feature", "properties": { "objectid": 538, "length": 0.0, "streets_": 0, "streets_id": 0, "code": 999, "type": 1, "id_no": 617, "oid": 616, "id": 617, "dpwn1": 265, "dpwn2": " ", "location": "Mifflin Rd at Mifflin Rd Terrace", "style": 1, "angle": "n", "segs": 1, "st_": "n", "street_nam": " ", "from_stree": "Mifflin Rd", "to_street": "Cox Place", "int_": "n", "hood": 46, "hood2": " ", "l_feet": 262, "width": 5, "steps": 65, "treads": 0, "year": 1960, "coded_": " ", "pix": " ", "comment": " ", "Shape__Length": 233.509125160167 }, "geometry": { "type": "LineString", "coordinates": [ [ -79.915087238969207, 40.371071767843702 ], [ -79.915347080132307, 40.370830760758103 ], [ -79.915755448377695, 40.3707286466977 ] ] } },
{ "type": "Feature", "properties": { "objectid": 539, "length": 0.0, "streets_": 0, "streets_id": 0, "code": 0, "type": 1, "id_no": 619, "oid": 618, "id": 619, "dpwn1": 268, "dpwn2": " ", "location": "Interboro Ave at Oakleaf Dr", "style": 1, "angle": "n", "segs": 1, "st_": "n", "street_nam": " ", "from_stree": "Oakleaf Dr", "to_street": "Interboro Ave", "int_": "n", "hood": 46, "hood2": " ", "l_feet": 28, "width": 4, "steps": 18, "treads": 0, "year": 1960, "coded_": " ", "pix": " ", "comment": " ", "Shape__Length": 51.915361159583398 }, "geometry": { "type": "LineString", "coordinates": [ [ -79.912975506772995, 40.3706863144278 ], [ -79.912789875137705, 40.370674050229603 ] ] } },
{ "type": "Feature", "properties": { "objectid": 540, "length": 0.0, "streets_": 0, "streets_id": 0, "code": 0, "type": 1, "id_no": 618, "oid": 617, "id": 618, "dpwn1": 266, "dpwn2": " ", "location": "Kinley Ave", "style": 1, "angle": "y", "segs": 1, "st_": "y", "street_nam": "Kinley Ave", "from_stree": "Lindberg Ave", "to_street": "Barberry St", "int_": "n", "hood": 46, "hood2": " ", "l_feet": 175, "width": 4, "steps": 42, "treads": 0, "year": 1965, "coded_": " ", "pix": "y", "comment": " ", "Shape__Length": 194.55073247442701 }, "geometry": { "type": "LineString", "coordinates": [ [ -79.912565898478803, 40.376534348657998 ], [ -79.912867416498798, 40.376308309427102 ], [ -79.913111250159901, 40.376209287843302 ] ] } },
{ "type": "Feature", "properties": { "objectid": 541, "length": 0.0, "streets_": 0, "streets_id": 0, "code": 0, "type": 2, "id_no": 624, "oid": 623, "id": 624, "dpwn1": 0, "dpwn2": " ", "location": "Ansonia Pl", "style": 2, "angle": "n", "segs": 1, "st_": "n", "street_nam": " ", "from_stree": "Ansonia Pl", "to_street": "Mobile Home Court", "int_": "n", "hood": 14, "hood2": " ", "l_feet": 0, "width": 4, "steps": 32, "treads": 0, "year": 0, "coded_": " ", "pix": " ", "comment": "abandoned", "Shape__Length": 140.19910715098399 }, "geometry": { "type": "LineString", "coordinates": [ [ -79.998215483160394, 40.394628711359601 ], [ -79.998718463846004, 40.394643440784499 ] ] } },
{ "type": "Feature", "properties": { "objectid": 542, "length": 0.0, "streets_": 0, "streets_id": 0, "code": 999, "type": 5, "id_no": 623, "oid": 622, "id": 623, "dpwn1": 0, "dpwn2": " ", "location": "Ansonia Pl and Saw Mill Run", "style": 5, "angle": "n", "segs": 1, "st_": "n", "street_nam": " ", "from_stree": "Ansonia Pl", "to_street": "Saw Mill Run", "int_": "n", "hood": 14, "hood2": "16", "l_feet": 0, "width": 5, "steps": 12, "treads": 0, "year": 0, "coded_": " ", "pix": " ", "comment": " ", "Shape__Length": 30.218453973515299 }, "geometry": { "type": "LineString", "coordinates": [ [ -79.997515980167506, 40.394476915887203 ], [ -79.997408505841705, 40.394465583957903 ] ] } },
{ "type": "Feature", "properties": { "objectid": 543, "length": 0.0, "streets_": 0, "streets_id": 0, "code": 999, "type": 1, "id_no": 622, "oid": 621, "id": 622, "dpwn1": 0, "dpwn2": " ", "location": "Saw Mill Run at Midwood Ave", "style": 1, "angle": "n", "segs": 1, "st_": "n", "street_nam": " ", "from_stree": "Ansonia Pl", "to_street": "Saw Mill Run", "int_": "n", "hood": 14, "hood2": "16", "l_feet": 0, "width": 5, "steps": 36, "treads": 0, "year": 0, "coded_": " ", "pix": " ", "comment": " ", "Shape__Length": 85.297451483760099 }, "geometry": { "type": "LineString", "coordinates": [ [ -79.997426045847703, 40.393074613279602 ], [ -79.997689340609398, 40.392955048502202 ] ] } },
{ "type": "Feature", "properties": { "objectid": 544, "length": 0.0, "streets_": 0, "streets_id": 0, "code": 999, "type": 1, "id_no": 621, "oid": 620, "id": 621, "dpwn1": 0, "dpwn2": " ", "location": "Saw Mill Run at Englert St", "style": 1, "angle": "n", "segs": 1, "st_": "n", "street_nam": " ", "from_stree": "Saw Mill Run", "to_street": "Busway", "int_": "n", "hood": 60, "hood2": " ", "l_feet": 0, "width": 5, "steps": 13, "treads": 0, "year": 0, "coded_": " ", "pix": " ", "comment": " ", "Shape__Length": 191.837939279854 }, "geometry": { "type": "LineString", "coordinates": [ [ -79.996501547941804, 40.387956531450797 ], [ -79.997090600790699, 40.387683718554598 ] ] } },
{ "type": "Feature", "properties": { "objectid": 545, "length": 0.0, "streets_": 0, "streets_id": 0, "code": 999, "type": 1, "id_no": 620, "oid": 619, "id": 620, "dpwn1": 490, "dpwn2": " ", "location": "Overbrook Blvd and Saw Mill Run", "style": 2, "angle": "n", "segs": 1, "st_": "n", "street_nam": " ", "from_stree": "Overbrook Blvd", "to_street": "Dartmore St", "int_": "n", "hood": 60, "hood2": " ", "l_feet": 24, "width": 3, "steps": 12, "treads": 0, "year": 1994, "coded_": " ", "pix": " ", "comment": " ", "Shape__Length": 212.56903557727699 }, "geometry": { "type": "LineString", "coordinates": [ [ -79.994715584103702, 40.385263295750498 ], [ -79.994689475851203, 40.385568869255899 ], [ -79.994704731201793, 40.385845905336801 ] ] } },
{ "type": "Feature", "properties": { "objectid": 546, "length": 0.0, "streets_": 0, "streets_id": 0, "code": 999, "type": 1, "id_no": 625, "oid": 624, "id": 625, "dpwn1": 277, "dpwn2": " ", "location": "Paradox Way", "style": 1, "angle": "n", "segs": 2, "st_": "y", "street_nam": "Paradox Way", "from_stree": "Rutherford Ave", "to_street": "Beechview Ave", "int_": "n", "hood": 8, "hood2": "388", "l_feet": 0, "width": 3, "steps": 158, "treads": 0, "year": 1950, "coded_": " ", "pix": " ", "comment": " ", "Shape__Length": 465.13246036771301 }, "geometry": { "type": "LineString", "coordinates": [ [ -80.024851091199594, 40.411562562359002 ], [ -80.026520356546598, 40.411516371403899 ] ] } },
{ "type": "Feature", "properties": { "objectid": 547, "length": 0.0, "streets_": 0, "streets_id": 0, "code": 0, "type": 5, "id_no": 626, "oid": 625, "id": 626, "dpwn1": 274, "dpwn2": " ", "location": "Rutherford Ave", "style": 5, "angle": "n", "segs": 1, "st_": "n", "street_nam": " ", "from_stree": "Goldstrom Ave", "to_street": "Hampshire Ave", "int_": "n", "hood": 8, "hood2": "859", "l_feet": 0, "width": 4, "steps": 99, "treads": 0, "year": 1951, "coded_": " ", "pix": " ", "comment": " ", "Shape__Length": 311.04157127752597 }, "geometry": { "type": "LineString", "coordinates": [ [ -80.026664211840398, 40.411417077623703 ], [ -80.026615922579694, 40.410564063499002 ] ] } },
{ "type": "Feature", "properties": { "objectid": 548, "length": 0.0, "streets_": 0, "streets_id": 0, "code": 999, "type": 3, "id_no": 629, "oid": 628, "id": 629, "dpwn1": 272, "dpwn2": " ", "location": "Coast Ave", "style": 3, "angle": "n", "segs": 2, "st_": "n", "street_nam": " ", "from_stree": "Belasco Ave", "to_street": "Broadway Ave", "int_": "n", "hood": 8, "hood2": " ", "l_feet": 491, "width": 4, "steps": 86, "treads": 0, "year": 1951, "coded_": " ", "pix": " ", "comment": " ", "Shape__Length": 657.67366886559 }, "geometry": { "type": "LineString", "coordinates": [ [ -80.027270530884806, 40.408618932374402 ], [ -80.024911276447199, 40.408701097378803 ] ] } },
{ "type": "Feature", "properties": { "objectid": 549, "length": 0.0, "streets_": 0, "streets_id": 0, "code": 0, "type": 3, "id_no": 627, "oid": 626, "id": 627, "dpwn1": 275, "dpwn2": "276", "location": "Rutherford Ave", "style": 3, "angle": "n", "segs": 1, "st_": "n", "street_nam": " ", "from_stree": "Coast Ave", "to_street": "Rutherford Ave", "int_": "n", "hood": 8, "hood2": " ", "l_feet": 0, "width": 5, "steps": 73, "treads": 0, "year": 1950, "coded_": " ", "pix": " ", "comment": " ", "Shape__Length": 227.70874673337701 }, "geometry": { "type": "LineString", "coordinates": [ [ -80.026335187929305, 40.408606525330299 ], [ -80.026323081122399, 40.408247565776598 ], [ -80.0263141132003, 40.407981669796797 ] ] } },
{ "type": "Feature", "properties": { "objectid": 550, "length": 0.0, "streets_": 0, "streets_id": 0, "code": 999, "type": 1, "id_no": 628, "oid": 627, "id": 628, "dpwn1": 275, "dpwn2": "276", "location": "Rutherford Ave", "style": 1, "angle": "n", "segs": 1, "st_": "y", "street_nam": "Rutherford Ave", "from_stree": "Rutherford Ave", "to_street": "Broadway  Ave", "int_": "n", "hood": 8, "hood2": " ", "l_feet": 0, "width": 5, "steps": 50, "treads": 0, "year": 1950, "coded_": " ", "pix": " ", "comment": " ", "Shape__Length": 132.00080745828001 }, "geometry": { "type": "LineString", "coordinates": [ [ -80.026128536582306, 40.407639432488097 ], [ -80.026331151018994, 40.407967005502101 ] ] } },
{ "type": "Feature", "properties": { "objectid": 551, "length": 0.0, "streets_": 0, "streets_id": 0, "code": 0, "type": 4, "id_no": 630, "oid": 629, "id": 630, "dpwn1": 0, "dpwn2": " ", "location": "Belasco Ave", "style": 4, "angle": "n", "segs": 1, "st_": "n", "street_nam": " ", "from_stree": "Coast Ave", "to_street": "Cagwin St", "int_": "n", "hood": 8, "hood2": " ", "l_feet": 0, "width": 5, "steps": 80, "treads": 0, "year": 0, "coded_": " ", "pix": " ", "comment": " ", "Shape__Length": 295.57659341465899 }, "geometry": { "type": "LineString", "coordinates": [ [ -80.027411254188806, 40.4085187948195 ], [ -80.027366497210096, 40.407708155259201 ] ] } },
{ "type": "Feature", "properties": { "objectid": 552, "length": 0.0, "streets_": 0, "streets_id": 0, "code": 999, "type": 1, "id_no": 631, "oid": 630, "id": 631, "dpwn1": 0, "dpwn2": " ", "location": "Belasco Ave", "style": 1, "angle": "n", "segs": 1, "st_": "y", "street_nam": "Belasco Ave", "from_stree": "Cagwin St", "to_street": "Broadway Ave", "int_": "n", "hood": 8, "hood2": " ", "l_feet": 0, "width": 5, "steps": 93, "treads": 0, "year": 0, "coded_": " ", "pix": " ", "comment": " ", "Shape__Length": 181.29341762061901 }, "geometry": { "type": "LineString", "coordinates": [ [ -80.027122461013093, 40.407180821128101 ], [ -80.027358871039397, 40.407482143726398 ], [ -80.027363805614598, 40.407628386483999 ] ] } },
{ "type": "Feature", "properties": { "objectid": 553, "length": 0.0, "streets_": 0, "streets_id": 0, "code": 999, "type": 3, "id_no": 632, "oid": 631, "id": 632, "dpwn1": 0, "dpwn2": "306", "location": "Boustead St", "style": 3, "angle": "n", "segs": 1, "st_": "n", "street_nam": " ", "from_stree": " ", "to_street": "Broadway Ave", "int_": "n", "hood": 8, "hood2": "135", "l_feet": 0, "width": 5, "steps": 76, "treads": 0, "year": 1980, "coded_": " ", "pix": " ", "comment": " ", "Shape__Length": 422.387367414229 }, "geometry": { "type": "LineString", "coordinates": [ [ -80.031262218181894, 40.405059327212001 ], [ -80.0299777178694, 40.405675880073801 ] ] } },
{ "type": "Feature", "properties": { "objectid": 554, "length": 0.0, "streets_": 0, "streets_id": 0, "code": 0, "type": 1, "id_no": 674, "oid": 673, "id": 674, "dpwn1": 287, "dpwn2": " ", "location": "Graymore St", "style": 1, "angle": "n", "segs": 1, "st_": "y", "street_nam": "Graymore St", "from_stree": "Coast Ave", "to_street": "Hampshire Ave", "int_": "y", "hood": 8, "hood2": " ", "l_feet": 448, "width": 4, "steps": 35, "treads": 0, "year": 1951, "coded_": " ", "pix": " ", "comment": " ", "Shape__Length": 350.89289903645101 }, "geometry": { "type": "LineString", "coordinates": [ [ -80.030983078596705, 40.409454075800902 ], [ -80.031070009694702, 40.409679690774801 ], [ -80.030895933940897, 40.410395434461599 ] ] } },
{ "type": "Feature", "properties": { "objectid": 555, "length": 0.0, "streets_": 0, "streets_id": 0, "code": 0, "type": 1, "id_no": 649, "oid": 648, "id": 649, "dpwn1": 289, "dpwn2": " ", "location": "Hampshire Ave", "style": 1, "angle": "n", "segs": 1, "st_": "y", "street_nam": "Hampshire Ave", "from_stree": "Graymore St", "to_street": "Canton Ave", "int_": "y", "hood": 8, "hood2": " ", "l_feet": 345, "width": 5, "steps": 112, "treads": 0, "year": 1950, "coded_": " ", "pix": " ", "comment": " ", "Shape__Length": 193.252466172098 }, "geometry": { "type": "LineString", "coordinates": [ [ -80.030183160314294, 40.410424662946397 ], [ -80.030876120463702, 40.410395825719398 ] ] } },
{ "type": "Feature", "properties": { "objectid": 556, "length": 0.0, "streets_": 0, "streets_id": 0, "code": 0, "type": 3, "id_no": 648, "oid": 647, "id": 648, "dpwn1": 0, "dpwn2": " ", "location": "Hampshire Ave", "style": 3, "angle": "n", "segs": 1, "st_": "n", "street_nam": "Hampshire Ave", "from_stree": "Canton Ave", "to_street": "Napoleon", "int_": "n", "hood": 8, "hood2": " ", "l_feet": 0, "width": 5, "steps": 58, "treads": 0, "year": 0, "coded_": " ", "pix": " ", "comment": " ", "Shape__Length": 194.74608317089499 }, "geometry": { "type": "LineString", "coordinates": [ [ -80.029321968963799, 40.410471047138202 ], [ -80.030020762944005, 40.410449724318802 ] ] } },
{ "type": "Feature", "properties": { "objectid": 557, "length": 0.0, "streets_": 0, "streets_id": 0, "code": 0, "type": 4, "id_no": 650, "oid": 649, "id": 650, "dpwn1": 0, "dpwn2": " ", "location": "Canton Ave", "style": 4, "angle": "n", "segs": 1, "st_": "n", "street_nam": "Canton Ave", "from_stree": "Coast Ave", "to_street": "Hampshire Ave", "int_": "n", "hood": 8, "hood2": " ", "l_feet": 0, "width": 3, "steps": 54, "treads": 0, "year": 0, "coded_": " ", "pix": " ", "comment": " ", "Shape__Length": 255.47568925531999 }, "geometry": { "type": "LineString", "coordinates": [ [ -80.029962883958007, 40.409186264822999 ], [ -80.030019026957504, 40.4095234381154 ], [ -80.030036153873397, 40.409884590965902 ] ] } },
{ "type": "Feature", "properties": { "objectid": 558, "length": 0.0, "streets_": 0, "streets_id": 0, "code": 0, "type": 2, "id_no": 651, "oid": 650, "id": 651, "dpwn1": 288, "dpwn2": " ", "location": "Alverado Ave", "style": 2, "angle": "n", "segs": 1, "st_": "y", "street_nam": "Alverado Ave", "from_stree": "Goldstrom Ave", "to_street": "Alverado Ave", "int_": "n", "hood": 8, "hood2": " ", "l_feet": 120, "width": 3, "steps": 76, "treads": 0, "year": 1970, "coded_": " ", "pix": " ", "comment": "overgrown/doesn't extend to Goldstorm", "Shape__Length": 246.836750487215 }, "geometry": { "type": "LineString", "coordinates": [ [ -80.028410631623103, 40.4117843690019 ], [ -80.028433499014596, 40.412461712854203 ] ] } },
{ "type": "Feature", "properties": { "objectid": 559, "length": 0.0, "streets_": 0, "streets_id": 0, "code": 0, "type": 1, "id_no": 652, "oid": 651, "id": 652, "dpwn1": 307, "dpwn2": " ", "location": "Belasco Ave", "style": 1, "angle": "n", "segs": 1, "st_": "y", "street_nam": "Belasco Ave", "from_stree": "Goldstrom Ave", "to_street": "Belasco Ave", "int_": "n", "hood": 8, "hood2": " ", "l_feet": 130, "width": 4, "steps": 12, "treads": 0, "year": 1951, "coded_": " ", "pix": " ", "comment": "stops short of Goldstorm", "Shape__Length": 98.065520015158 }, "geometry": { "type": "LineString", "coordinates": [ [ -80.027557642571693, 40.413113507814799 ], [ -80.027544903992606, 40.412844493175498 ] ] } },
{ "type": "Feature", "properties": { "objectid": 560, "length": 0.0, "streets_": 0, "streets_id": 0, "code": 0, "type": 2, "id_no": 653, "oid": 652, "id": 653, "dpwn1": 290, "dpwn2": " ", "location": "Bayonne Ave", "style": 2, "angle": "n", "segs": 1, "st_": "y", "street_nam": "Bayonne Ave", "from_stree": "Napoleon St", "to_street": "Alverado Ave", "int_": "y", "hood": 8, "hood2": " ", "l_feet": 88, "width": 3, "steps": 95, "treads": 0, "year": 1950, "coded_": " ", "pix": "y", "comment": "street sign at Napoleon and Bayonne--pix", "Shape__Length": 216.73723687993501 }, "geometry": { "type": "LineString", "coordinates": [ [ -80.028588020892499, 40.414266117609898 ], [ -80.029365370614002, 40.414235718874401 ] ] } },
{ "type": "Feature", "properties": { "objectid": 561, "length": 0.0, "streets_": 0, "streets_id": 0, "code": 0, "type": 1, "id_no": 673, "oid": 672, "id": 673, "dpwn1": 286, "dpwn2": " ", "location": "Napoleon St", "style": 1, "angle": "n", "segs": 1, "st_": "y", "street_nam": "Napoleon St", "from_stree": "Goldstrom Ave", "to_street": "Bayonne Ave", "int_": "n", "hood": 8, "hood2": " ", "l_feet": 111, "width": 4, "steps": 113, "treads": 0, "year": 1974, "coded_": " ", "pix": " ", "comment": " ", "Shape__Length": 235.55332726089199 }, "geometry": { "type": "LineString", "coordinates": [ [ -80.029396790166899, 40.412971141866201 ], [ -80.029388834741795, 40.413617709386898 ] ] } },
{ "type": "Feature", "properties": { "objectid": 562, "length": 0.0, "streets_": 0, "streets_id": 0, "code": 0, "type": 13, "id_no": 656, "oid": 655, "id": 656, "dpwn1": 285, "dpwn2": " ", "location": "Fallowfield  Ave at Broadway Ave", "style": 13, "angle": "n", "segs": 1, "st_": "n", "street_nam": " ", "from_stree": "Dagmar Ave", "to_street": "Fallowfield Ave", "int_": "n", "hood": 8, "hood2": " ", "l_feet": 401, "width": 5, "steps": 76, "treads": 0, "year": 1952, "coded_": " ", "pix": " ", "comment": "light rail?", "Shape__Length": 217.43288945378501 }, "geometry": { "type": "LineString", "coordinates": [ [ -80.022936587580006, 40.4113101047691 ], [ -80.023711470033504, 40.411236576196899 ] ] } },
{ "type": "Feature", "properties": { "objectid": 563, "length": 0.0, "streets_": 0, "streets_id": 0, "code": 0, "type": 2, "id_no": 661, "oid": 660, "id": 661, "dpwn1": 296, "dpwn2": " ", "location": "Ringwalt Ave and Longmore Ave", "style": 2, "angle": "n", "segs": 1, "st_": "n", "street_nam": " ", "from_stree": "Colebrook Ave", "to_street": "Ringwalt Ave", "int_": "n", "hood": 8, "hood2": " ", "l_feet": 50, "width": 3, "steps": 38, "treads": 0, "year": 1950, "coded_": " ", "pix": " ", "comment": " ", "Shape__Length": 118.117038282251 }, "geometry": { "type": "LineString", "coordinates": [ [ -80.020309222261602, 40.408648959291 ], [ -80.0199657787321, 40.408458689260101 ] ] } },
{ "type": "Feature", "properties": { "objectid": 564, "length": 0.0, "streets_": 0, "streets_id": 0, "code": 0, "type": 2, "id_no": 662, "oid": 661, "id": 662, "dpwn1": 291, "dpwn2": " ", "location": "Tonopah Ave", "style": 2, "angle": "n", "segs": 1, "st_": "y", "street_nam": "Tonopah Ave", "from_stree": "Westinghouse Ave", "to_street": "Ringwalt Ave", "int_": "n", "hood": 8, "hood2": " ", "l_feet": 90, "width": 3, "steps": 32, "treads": 0, "year": 1950, "coded_": " ", "pix": " ", "comment": " ", "Shape__Length": 104.86568804620801 }, "geometry": { "type": "LineString", "coordinates": [ [ -80.019440407436505, 40.407574844520603 ], [ -80.019063965802602, 40.407582240514998 ] ] } },
{ "type": "Feature", "properties": { "objectid": 565, "length": 0.0, "streets_": 0, "streets_id": 0, "code": 0, "type": 4, "id_no": 660, "oid": 659, "id": 660, "dpwn1": 292, "dpwn2": " ", "location": "Fairacres Ave", "style": 4, "angle": "n", "segs": 1, "st_": "n", "street_nam": "Fairacres Ave", "from_stree": "Colebrook Ave", "to_street": "Tonopah Ave", "int_": "n", "hood": 8, "hood2": " ", "l_feet": 140, "width": 3, "steps": 63, "treads": 0, "year": 1950, "coded_": " ", "pix": " ", "comment": "asphalt/concrete/wood", "Shape__Length": 273.09292844730999 }, "geometry": { "type": "LineString", "coordinates": [ [ -80.020891200153301, 40.408356838549402 ], [ -80.020868960687196, 40.407607388022903 ] ] } },
{ "type": "Feature", "properties": { "objectid": 566, "length": 0.0, "streets_": 0, "streets_id": 0, "code": 0, "type": 1, "id_no": 657, "oid": 656, "id": 657, "dpwn1": 295, "dpwn2": " ", "location": "Kiralfy Ave", "style": 1, "angle": "n", "segs": 1, "st_": "y", "street_nam": "Kiralfy Ave", "from_stree": "Kiralfy Ave", "to_street": "Tonopah Ave", "int_": "n", "hood": 8, "hood2": " ", "l_feet": 142, "width": 5, "steps": 73, "treads": 0, "year": 1950, "coded_": " ", "pix": " ", "comment": " ", "Shape__Length": 156.150752277712 }, "geometry": { "type": "LineString", "coordinates": [ [ -80.021687799564006, 40.408020020738199 ], [ -80.021681281880205, 40.407591414021503 ] ] } },
{ "type": "Feature", "properties": { "objectid": 567, "length": 0.0, "streets_": 0, "streets_id": 0, "code": 0, "type": 2, "id_no": 659, "oid": 658, "id": 659, "dpwn1": 300, "dpwn2": " ", "location": "Dagmar Ave", "style": 2, "angle": "n", "segs": 1, "st_": "y", "street_nam": "Dagmar Ave", "from_stree": "Tonopah Ave", "to_street": "Alturia Ave", "int_": "n", "hood": 8, "hood2": " ", "l_feet": 42, "width": 3, "steps": 44, "treads": 0, "year": 1950, "coded_": " ", "pix": "y", "comment": "garden in ROW", "Shape__Length": 83.073436000484506 }, "geometry": { "type": "LineString", "coordinates": [ [ -80.022543856403104, 40.407529685530903 ], [ -80.0225438615104, 40.407301647945999 ] ] } },
{ "type": "Feature", "properties": { "objectid": 568, "length": 0.0, "streets_": 0, "streets_id": 0, "code": 0, "type": 1, "id_no": 658, "oid": 657, "id": 658, "dpwn1": 293, "dpwn2": " ", "location": "Coast Ave", "style": 1, "angle": "n", "segs": 1, "st_": "y", "street_nam": "Coast Ave", "from_stree": "Dagmar Ave", "to_street": "Fallowfield Ave", "int_": "n", "hood": 8, "hood2": " ", "l_feet": 220, "width": 5, "steps": 101, "treads": 0, "year": 1952, "coded_": " ", "pix": " ", "comment": " ", "Shape__Length": 220.83884937868299 }, "geometry": { "type": "LineString", "coordinates": [ [ -80.022790438882794, 40.408736560644201 ], [ -80.0235824499795, 40.408705817766801 ] ] } },
{ "type": "Feature", "properties": { "objectid": 569, "length": 0.0, "streets_": 0, "streets_id": 0, "code": 0, "type": 11, "id_no": 655, "oid": 654, "id": 655, "dpwn1": 0, "dpwn2": " ", "location": "Andick Way", "style": 11, "angle": "n", "segs": 1, "st_": "y", "street_nam": "Andick Way", "from_stree": "Kenberma", "to_street": "Dagmar Ave", "int_": "n", "hood": 8, "hood2": " ", "l_feet": 0, "width": 5, "steps": 0, "treads": 0, "year": 0, "coded_": " ", "pix": " ", "comment": " ", "Shape__Length": 253.945334732578 }, "geometry": { "type": "LineString", "coordinates": [ [ -80.022965390445805, 40.413931423189801 ], [ -80.022054430303996, 40.413964500330003 ] ] } },
{ "type": "Feature", "properties": { "objectid": 570, "length": 0.0, "streets_": 0, "streets_id": 0, "code": 0, "type": 1, "id_no": 676, "oid": 675, "id": 676, "dpwn1": 298, "dpwn2": " ", "location": "Crimson Ave", "style": 1, "angle": "n", "segs": 1, "st_": "y", "street_nam": "Crimson Ave", "from_stree": "Traymore Ave", "to_street": "Sebring Ave", "int_": "n", "hood": 8, "hood2": " ", "l_feet": 226, "width": 5, "steps": 51, "treads": 0, "year": 1950, "coded_": " ", "pix": " ", "comment": " ", "Shape__Length": 117.76776326766699 }, "geometry": { "type": "LineString", "coordinates": [ [ -80.013071230874303, 40.412207249644503 ], [ -80.013172018031298, 40.411893289751298 ] ] } },
{ "type": "Feature", "properties": { "objectid": 571, "length": 0.0, "streets_": 0, "streets_id": 0, "code": 0, "type": 3, "id_no": 665, "oid": 664, "id": 665, "dpwn1": 389, "dpwn2": " ", "location": "Waltham St", "style": 3, "angle": "n", "segs": 1, "st_": "n", "street_nam": "Waltham St", "from_stree": "Dawn Ave", "to_street": "Charm Ave", "int_": "n", "hood": 8, "hood2": " ", "l_feet": 110, "width": 3, "steps": 26, "treads": 0, "year": 1950, "coded_": " ", "pix": " ", "comment": "asphalt/wood", "Shape__Length": 113.769261054274 }, "geometry": { "type": "LineString", "coordinates": [ [ -80.013033335277697, 40.413891906560302 ], [ -80.013239466801195, 40.413622267410602 ] ] } },
{ "type": "Feature", "properties": { "objectid": 572, "length": 0.0, "streets_": 0, "streets_id": 0, "code": 0, "type": 1, "id_no": 654, "oid": 653, "id": 654, "dpwn1": 284, "dpwn2": " ", "location": "Tropical Ave to Gladys Ave", "style": 1, "angle": "n", "segs": 1, "st_": "n", "street_nam": " ", "from_stree": "Tropical Ave", "to_street": "Gladys Ave", "int_": "n", "hood": 8, "hood2": " ", "l_feet": 278, "width": 5, "steps": 11, "treads": 0, "year": 1964, "coded_": " ", "pix": " ", "comment": " ", "Shape__Length": 295.06039669558601 }, "geometry": { "type": "LineString", "coordinates": [ [ -80.024877738454194, 40.420077181910202 ], [ -80.023823898982002, 40.419991841736703 ] ] } },
{ "type": "Feature", "properties": { "objectid": 573, "length": 0.0, "streets_": 0, "streets_id": 0, "code": 999, "type": 1, "id_no": 633, "oid": 632, "id": 633, "dpwn1": 0, "dpwn2": " ", "location": "Fitzhugh Way", "style": 1, "angle": "n", "segs": 1, "st_": "y", "street_nam": "Fitzhugh Way", "from_stree": "Jillson St", "to_street": "Brookline Blvd", "int_": "n", "hood": 14, "hood2": " ", "l_feet": 0, "width": 4, "steps": 9, "treads": 0, "year": 0, "coded_": " ", "pix": " ", "comment": " ", "Shape__Length": 72.675429460974698 }, "geometry": { "type": "LineString", "coordinates": [ [ -80.0271201410754, 40.396286170612498 ], [ -80.026910308160794, 40.396404749101301 ] ] } },
{ "type": "Feature", "properties": { "objectid": 574, "length": 0.0, "streets_": 0, "streets_id": 0, "code": 999, "type": 13, "id_no": 635, "oid": 634, "id": 635, "dpwn1": 517, "dpwn2": " ", "location": "Kennilworth St", "style": 13, "angle": "n", "segs": 1, "st_": "y", "street_nam": "Kenilworth St", "from_stree": "Kenilworth St", "to_street": "Brookline Blvd", "int_": "n", "hood": 14, "hood2": " ", "l_feet": 30, "width": 5, "steps": 20, "treads": 0, "year": 1952, "coded_": " ", "pix": " ", "comment": " ", "Shape__Length": 26.626217203997602 }, "geometry": { "type": "LineString", "coordinates": [ [ -80.026945545055696, 40.395864546426203 ], [ -80.026861171531294, 40.3958989074561 ] ] } },
{ "type": "Feature", "properties": { "objectid": 575, "length": 0.0, "streets_": 0, "streets_id": 0, "code": 0, "type": 3, "id_no": 634, "oid": 633, "id": 634, "dpwn1": 0, "dpwn2": " ", "location": "Jillson St", "style": 3, "angle": "n", "segs": 2, "st_": "n", "street_nam": " ", "from_stree": "Kenilworth St", "to_street": "Plainview Ave", "int_": "n", "hood": 14, "hood2": " ", "l_feet": 0, "width": 4, "steps": 5, "treads": 0, "year": 0, "coded_": " ", "pix": " ", "comment": " ", "Shape__Length": 95.086725149673896 }, "geometry": { "type": "LineString", "coordinates": [ [ -80.026273261256904, 40.396224366456401 ], [ -80.026073826450698, 40.396012520764501 ] ] } },
{ "type": "Feature", "properties": { "objectid": 576, "length": 0.0, "streets_": 0, "streets_id": 0, "code": 999, "type": 13, "id_no": 636, "oid": 635, "id": 636, "dpwn1": 516, "dpwn2": " ", "location": "Bodkin St", "style": 13, "angle": "n", "segs": 1, "st_": "y", "street_nam": "Bodkin St", "from_stree": "Bodkin St", "to_street": "Brookline Blvd", "int_": "n", "hood": 14, "hood2": " ", "l_feet": 30, "width": 5, "steps": 21, "treads": 0, "year": 1952, "coded_": " ", "pix": " ", "comment": " ", "Shape__Length": 50.694807223309901 }, "geometry": { "type": "LineString", "coordinates": [ [ -80.023954492793195, 40.396258631437298 ], [ -80.023773130981795, 40.396270376878803 ] ] } },
{ "type": "Feature", "properties": { "objectid": 577, "length": 0.0, "streets_": 0, "streets_id": 0, "code": 999, "type": 1, "id_no": 664, "oid": 663, "id": 664, "dpwn1": 512, "dpwn2": " ", "location": "Kenilworth St", "style": 1, "angle": "n", "segs": 1, "st_": "y", "street_nam": "Kenilworth St", "from_stree": "Brookline Blvd", "to_street": "Aldyl Ave", "int_": "n", "hood": 14, "hood2": " ", "l_feet": 166, "width": 4, "steps": 52, "treads": 40, "year": 1951, "coded_": " ", "pix": " ", "comment": " ", "Shape__Length": 71.010179449564404 }, "geometry": { "type": "LineString", "coordinates": [ [ -80.027522441206003, 40.395534369991303 ], [ -80.027312335750494, 40.395644780295697 ] ] } },
{ "type": "Feature", "properties": { "objectid": 578, "length": 0.0, "streets_": 0, "streets_id": 0, "code": 999, "type": 1, "id_no": 638, "oid": 637, "id": 638, "dpwn1": 0, "dpwn2": " ", "location": "Stapelton St", "style": 1, "angle": "n", "segs": 1, "st_": "y", "street_nam": "Stapelton St", "from_stree": "W Liberty Ave", "to_street": "Amman St", "int_": "n", "hood": 14, "hood2": " ", "l_feet": 123, "width": 4, "steps": 47, "treads": 0, "year": 1952, "coded_": " ", "pix": " ", "comment": " ", "Shape__Length": 141.87002589796899 }, "geometry": { "type": "LineString", "coordinates": [ [ -80.029618145558203, 40.397057948858901 ], [ -80.029422074284099, 40.396698521329697 ] ] } },
{ "type": "Feature", "properties": { "objectid": 579, "length": 0.0, "streets_": 0, "streets_id": 0, "code": 0, "type": 1, "id_no": 637, "oid": 636, "id": 637, "dpwn1": 391, "dpwn2": "0", "location": "Stapelton St", "style": 4, "angle": "n", "segs": 2, "st_": "n", "street_nam": " ", "from_stree": "Amman St", "to_street": "Waddington Ave", "int_": "n", "hood": 14, "hood2": " ", "l_feet": 129, "width": 4, "steps": 26, "treads": 0, "year": 1952, "coded_": " ", "pix": " ", "comment": " ", "Shape__Length": 194.047473707531 }, "geometry": { "type": "LineString", "coordinates": [ [ -80.029338474145305, 40.3964353262649 ], [ -80.029065202861403, 40.395945348714498 ] ] } },
{ "type": "Feature", "properties": { "objectid": 580, "length": 0.0, "streets_": 0, "streets_id": 0, "code": 0, "type": 1, "id_no": 675, "oid": 674, "id": 675, "dpwn1": 537, "dpwn2": " ", "location": "Ordinance Ave", "style": 1, "angle": "n", "segs": 1, "st_": "y", "street_nam": "Ordinance Ave", "from_stree": "Louisiana Ave", "to_street": "Connecticut Ave", "int_": "n", "hood": 8, "hood2": " ", "l_feet": 198, "width": 4, "steps": 109, "treads": 0, "year": 1950, "coded_": " ", "pix": " ", "comment": " ", "Shape__Length": 259.13487522304399 }, "geometry": { "type": "LineString", "coordinates": [ [ -80.035273784586494, 40.401423920017898 ], [ -80.034566463902706, 40.400996508957903 ], [ -80.034567210389397, 40.4010185644496 ] ] } },
{ "type": "Feature", "properties": { "objectid": 581, "length": 0.0, "streets_": 0, "streets_id": 0, "code": 999, "type": 1, "id_no": 639, "oid": 638, "id": 639, "dpwn1": 0, "dpwn2": " ", "location": "Templeton St", "style": 1, "angle": "n", "segs": 2, "st_": "y", "street_nam": "Templeton St", "from_stree": "W Liberty Ave", "to_street": "Plainview Ave", "int_": "n", "hood": 14, "hood2": " ", "l_feet": 0, "width": 5, "steps": 190, "treads": 0, "year": 0, "coded_": " ", "pix": " ", "comment": " ", "Shape__Length": 437.66525545944199 }, "geometry": { "type": "LineString", "coordinates": [ [ -80.025138474758293, 40.399030941127002 ], [ -80.024041774113996, 40.398170511101597 ] ] } },
{ "type": "Feature", "properties": { "objectid": 582, "length": 0.0, "streets_": 0, "streets_id": 0, "code": 999, "type": 3, "id_no": 641, "oid": 640, "id": 641, "dpwn1": 397, "dpwn2": " ", "location": "Belle Isle Ave", "style": 3, "angle": "n", "segs": 1, "st_": "n", "street_nam": "Belle Isle Ave", "from_stree": "W Liberty Ave", "to_street": "Woodward Ave", "int_": "n", "hood": 14, "hood2": " ", "l_feet": 361, "width": 4, "steps": 60, "treads": 0, "year": 1945, "coded_": " ", "pix": " ", "comment": " ", "Shape__Length": 347.92937238892802 }, "geometry": { "type": "LineString", "coordinates": [ [ -80.023610860161796, 40.400142601213403 ], [ -80.022362210540095, 40.400112892882603 ] ] } },
{ "type": "Feature", "properties": { "objectid": 583, "length": 0.0, "streets_": 0, "streets_id": 0, "code": 0, "type": 4, "id_no": 642, "oid": 641, "id": 642, "dpwn1": 0, "dpwn2": " ", "location": "Belle Isle Ave", "style": 4, "angle": "n", "segs": 1, "st_": "n", "street_nam": "Belle Isle Ave", "from_stree": "Woodward Ave", "to_street": "Plainview Ave", "int_": "n", "hood": 14, "hood2": " ", "l_feet": 183, "width": 4, "steps": 14, "treads": 117, "year": 0, "coded_": " ", "pix": " ", "comment": " ", "Shape__Length": 135.62414432950899 }, "geometry": { "type": "LineString", "coordinates": [ [ -80.022216904388998, 40.400014939064903 ], [ -80.021729948767799, 40.4000128866574 ] ] } },
{ "type": "Feature", "properties": { "objectid": 584, "length": 0.0, "streets_": 0, "streets_id": 0, "code": 0, "type": 1, "id_no": 643, "oid": 642, "id": 643, "dpwn1": 390, "dpwn2": " ", "location": "Belle Isle Ave", "style": 1, "angle": "n", "segs": 1, "st_": "y", "street_nam": "Belle Isle Ave", "from_stree": "Plainview Ave", "to_street": "Dabney Way", "int_": "n", "hood": 14, "hood2": " ", "l_feet": 171, "width": 4, "steps": 71, "treads": 71, "year": 1947, "coded_": " ", "pix": " ", "comment": " ", "Shape__Length": 217.639806809985 }, "geometry": { "type": "LineString", "coordinates": [ [ -80.021548157245604, 40.400049840785499 ], [ -80.020767043008306, 40.4000325046825 ] ] } },
{ "type": "Feature", "properties": { "objectid": 585, "length": 0.0, "streets_": 0, "streets_id": 0, "code": 999, "type": 1, "id_no": 644, "oid": 643, "id": 644, "dpwn1": 393, "dpwn2": "569", "location": "Ray Ave", "style": 1, "angle": "n", "segs": 3, "st_": "y", "street_nam": "Ray Ave", "from_stree": "W Liberty Ave", "to_street": "Pioneer Ave", "int_": "n", "hood": 14, "hood2": " ", "l_feet": 638, "width": 5, "steps": 378, "treads": 157, "year": 1954, "coded_": " ", "pix": " ", "comment": " ", "Shape__Length": 799.92860217683301 }, "geometry": { "type": "LineString", "coordinates": [ [ -80.020835263429603, 40.402695998447797 ], [ -80.020996337768096, 40.402398555013399 ], [ -80.019293668854601, 40.401050560383197 ] ] } },
{ "type": "Feature", "properties": { "objectid": 586, "length": 0.0, "streets_": 0, "streets_id": 0, "code": 999, "type": 1, "id_no": 640, "oid": 639, "id": 640, "dpwn1": 294, "dpwn2": " ", "location": "Peola Rd", "style": 1, "angle": "n", "segs": 1, "st_": "y", "street_nam": "Peola Rd", "from_stree": "W Liberty Ave", "to_street": "Texdale St", "int_": "n", "hood": 8, "hood2": " ", "l_feet": 194, "width": 5, "steps": 116, "treads": 0, "year": 1951, "coded_": " ", "pix": " ", "comment": " ", "Shape__Length": 251.649448459089 }, "geometry": { "type": "LineString", "coordinates": [ [ -80.021540032322307, 40.403303388821499 ], [ -80.020727890503807, 40.403000560129598 ] ] } },
{ "type": "Feature", "properties": { "objectid": 587, "length": 0.0, "streets_": 0, "streets_id": 0, "code": 999, "type": 4, "id_no": 645, "oid": 644, "id": 645, "dpwn1": 0, "dpwn2": " ", "location": "Stetson St", "style": 4, "angle": "n", "segs": 1, "st_": "n", "street_nam": "Stetson St", "from_stree": "W Liberty Ave", "to_street": "Woodward Ave", "int_": "n", "hood": 14, "hood2": " ", "l_feet": 376, "width": 4, "steps": 64, "treads": 0, "year": 1950, "coded_": " ", "pix": " ", "comment": " ", "Shape__Length": 431.188549036506 }, "geometry": { "type": "LineString", "coordinates": [ [ -80.018402209029503, 40.406340517840498 ], [ -80.016915448819304, 40.406010038096198 ] ] } },
{ "type": "Feature", "properties": { "objectid": 588, "length": 0.0, "streets_": 0, "streets_id": 0, "code": 0, "type": 1, "id_no": 671, "oid": 670, "id": 671, "dpwn1": 392, "dpwn2": " ", "location": "Stetson St", "style": 1, "angle": "n", "segs": 3, "st_": "y", "street_nam": "Stetson St", "from_stree": "Woodward Ave", "to_street": "Lapeer Way", "int_": "n", "hood": 14, "hood2": " ", "l_feet": 346, "width": 4, "steps": 54, "treads": 0, "year": 1950, "coded_": " ", "pix": " ", "comment": " ", "Shape__Length": 381.28752332981901 }, "geometry": { "type": "LineString", "coordinates": [ [ -80.016819822699006, 40.406028263593903 ], [ -80.015515288309601, 40.405710538129199 ] ] } },
{ "type": "Feature", "properties": { "objectid": 589, "length": 0.0, "streets_": 0, "streets_id": 0, "code": 999, "type": 4, "id_no": 672, "oid": 671, "id": 672, "dpwn1": 0, "dpwn2": " ", "location": "Stetson St", "style": 4, "angle": "n", "segs": 1, "st_": "n", "street_nam": "Stetson St", "from_stree": "Lapeer Way", "to_street": "Pioneer Ave", "int_": "n", "hood": 14, "hood2": " ", "l_feet": 72, "width": 3, "steps": 24, "treads": 0, "year": 1950, "coded_": " ", "pix": " ", "comment": " ", "Shape__Length": 98.192637296635297 }, "geometry": { "type": "LineString", "coordinates": [ [ -80.015439937586706, 40.405695667486597 ], [ -80.015095790871896, 40.405637022717798 ] ] } },
{ "type": "Feature", "properties": { "objectid": 590, "length": 0.0, "streets_": 0, "streets_id": 0, "code": 0, "type": 1, "id_no": 666, "oid": 665, "id": 666, "dpwn1": 515, "dpwn2": " ", "location": "Ballinger St", "style": 1, "angle": "n", "segs": 1, "st_": "y", "street_nam": "Ballinger St", "from_stree": "Edgebrook Ave", "to_street": "Herber Way", "int_": "n", "hood": 14, "hood2": " ", "l_feet": 192, "width": 4, "steps": 167, "treads": 167, "year": 1948, "coded_": " ", "pix": " ", "comment": " ", "Shape__Length": 264.47948981056402 }, "geometry": { "type": "LineString", "coordinates": [ [ -80.002859676941995, 40.401511800523302 ], [ -80.002626704110796, 40.4008079868537 ] ] } },
{ "type": "Feature", "properties": { "objectid": 591, "length": 0.0, "streets_": 0, "streets_id": 0, "code": 999, "type": 3, "id_no": 667, "oid": 666, "id": 667, "dpwn1": 0, "dpwn2": " ", "location": "Edgebrook Ave", "style": 3, "angle": "n", "segs": 2, "st_": "n", "street_nam": "Edgebrook Ave", "from_stree": "Belair Ave", "to_street": "Brookline Blvd", "int_": "n", "hood": 14, "hood2": " ", "l_feet": 0, "width": 4, "steps": 26, "treads": 0, "year": 0, "coded_": " ", "pix": " ", "comment": " ", "Shape__Length": 273.60504077585398 }, "geometry": { "type": "LineString", "coordinates": [ [ -80.015031624380001, 40.392800639569401 ], [ -80.015199498831194, 40.3920606382488 ] ] } },
{ "type": "Feature", "properties": { "objectid": 592, "length": 0.0, "streets_": 0, "streets_id": 0, "code": 0, "type": 1, "id_no": 678, "oid": 677, "id": 678, "dpwn1": 506, "dpwn2": " ", "location": "Hobson St", "style": 1, "angle": "n", "segs": 1, "st_": "y", "street_nam": "Hobson St", "from_stree": "Breining St", "to_street": "Hobson St", "int_": "n", "hood": 14, "hood2": " ", "l_feet": 22, "width": 5, "steps": 18, "treads": 0, "year": 1980, "coded_": " ", "pix": " ", "comment": " ", "Shape__Length": 46.557366075751403 }, "geometry": { "type": "LineString", "coordinates": [ [ -80.008628788407407, 40.389991807466899 ], [ -80.008513662771904, 40.390084457727603 ] ] } },
{ "type": "Feature", "properties": { "objectid": 593, "length": 0.0, "streets_": 0, "streets_id": 0, "code": 0, "type": 3, "id_no": 668, "oid": 667, "id": 668, "dpwn1": 395, "dpwn2": " ", "location": "Stebbins St", "style": 3, "angle": "n", "segs": 3, "st_": "n", "street_nam": "Stebbins St", "from_stree": "Harex Way", "to_street": "Bayridge", "int_": "n", "hood": 14, "hood2": " ", "l_feet": 0, "width": 5, "steps": 38, "treads": 0, "year": 1938, "coded_": " ", "pix": " ", "comment": " ", "Shape__Length": 422.36713269233201 }, "geometry": { "type": "LineString", "coordinates": [ [ -80.020230910662804, 40.392085906838602 ], [ -80.021282971626903, 40.391250960212297 ] ] } },
{ "type": "Feature", "properties": { "objectid": 594, "length": 0.0, "streets_": 0, "streets_id": 0, "code": 0, "type": 1, "id_no": 669, "oid": 668, "id": 669, "dpwn1": 396, "dpwn2": " ", "location": "Repeal Way", "style": 1, "angle": "n", "segs": 1, "st_": "y", "street_nam": "Repeal Way", "from_stree": "Glenarm Ave", "to_street": "Gallion Ave", "int_": "n", "hood": 14, "hood2": " ", "l_feet": 81, "width": 4, "steps": 45, "treads": 0, "year": 1950, "coded_": " ", "pix": " ", "comment": "should be Gallion ??", "Shape__Length": 75.879223225019203 }, "geometry": { "type": "LineString", "coordinates": [ [ -80.016813371931207, 40.3947581492273 ], [ -80.016602049165101, 40.3946266993823 ] ] } },
{ "type": "Feature", "properties": { "objectid": 595, "length": 0.0, "streets_": 0, "streets_id": 0, "code": 0, "type": 1, "id_no": 670, "oid": 669, "id": 670, "dpwn1": 0, "dpwn2": " ", "location": "Wedgemere Place", "style": 1, "angle": "n", "segs": 1, "st_": "y", "street_nam": "Wedgemere Pl", "from_stree": "Gallion Ave", "to_street": "Raeburn Way", "int_": "n", "hood": 14, "hood2": " ", "l_feet": 0, "width": 6, "steps": 24, "treads": 0, "year": 0, "coded_": " ", "pix": " ", "comment": " ", "Shape__Length": 154.46813904111301 }, "geometry": { "type": "LineString", "coordinates": [ [ -80.020223469717706, 40.3972788209133 ], [ -80.019819401677495, 40.397569259303701 ] ] } },
{ "type": "Feature", "properties": { "objectid": 596, "length": 0.0, "streets_": 0, "streets_id": 0, "code": 999, "type": 3, "id_no": 663, "oid": 662, "id": 663, "dpwn1": 281, "dpwn2": " ", "location": "Crosby Ave", "style": 3, "angle": "n", "segs": 1, "st_": "n", "street_nam": "Crosby Ave", "from_stree": "Crosby Ave", "to_street": "Brookline Blvd", "int_": "n", "hood": 8, "hood2": " ", "l_feet": 21, "width": 5, "steps": 19, "treads": 0, "year": 1940, "coded_": " ", "pix": " ", "comment": "asphalt/concrete/wood", "Shape__Length": 58.668703647720697 }, "geometry": { "type": "LineString", "coordinates": [ [ -80.030305222966206, 40.405017977172697 ], [ -80.030124026579799, 40.405100129588398 ] ] } },
{ "type": "Feature", "properties": { "objectid": 597, "length": 0.0, "streets_": 0, "streets_id": 0, "code": 999, "type": 1, "id_no": 602, "oid": 601, "id": 602, "dpwn1": 493, "dpwn2": " ", "location": "Mosgrove St", "style": 1, "angle": "n", "segs": 1, "st_": "y", "street_nam": "Mosgrove St", "from_stree": "Nobles Lane", "to_street": "Cloverdale St", "int_": "n", "hood": 16, "hood2": " ", "l_feet": 257, "width": 4, "steps": 62, "treads": 0, "year": 1973, "coded_": " ", "pix": " ", "comment": " ", "Shape__Length": 254.16349398389201 }, "geometry": { "type": "LineString", "coordinates": [ [ -79.997704482757996, 40.397660012883698 ], [ -79.996886028932394, 40.397968574481197 ] ] } },
{ "type": "Feature", "properties": { "objectid": 598, "length": 0.0, "streets_": 0, "streets_id": 0, "code": 999, "type": 1, "id_no": 603, "oid": 602, "id": 603, "dpwn1": 495, "dpwn2": " ", "location": "Hawrdige Way", "style": 1, "angle": "n", "segs": 1, "st_": "y", "street_nam": "Hawridge Way", "from_stree": "Denise St", "to_street": "Nobles Lane", "int_": "n", "hood": 16, "hood2": " ", "l_feet": 156, "width": 4, "steps": 22, "treads": 0, "year": 1980, "coded_": " ", "pix": " ", "comment": " ", "Shape__Length": 269.00735187344299 }, "geometry": { "type": "LineString", "coordinates": [ [ -79.998719112046899, 40.399053664489102 ], [ -79.997789134668594, 40.399253089999 ] ] } },
{ "type": "Feature", "properties": { "objectid": 599, "length": 0.0, "streets_": 0, "streets_id": 0, "code": 999, "type": 3, "id_no": 604, "oid": 603, "id": 604, "dpwn1": 494, "dpwn2": " ", "location": "Glade St", "style": 3, "angle": "n", "segs": 1, "st_": "n", "street_nam": "Glade St", "from_stree": "Nobles Lane", "to_street": "Cloverdale St", "int_": "n", "hood": 16, "hood2": " ", "l_feet": 72, "width": 4, "steps": 59, "treads": 64, "year": 1948, "coded_": " ", "pix": "y", "comment": " ", "Shape__Length": 173.67988816482901 }, "geometry": { "type": "LineString", "coordinates": [ [ -79.997110152750096, 40.398952191101898 ], [ -79.997733685589097, 40.398958849861998 ] ] } },
{ "type": "Feature", "properties": { "objectid": 600, "length": 0.0, "streets_": 0, "streets_id": 0, "code": 0, "type": 4, "id_no": 571, "oid": 570, "id": 571, "dpwn1": 519, "dpwn2": " ", "location": "Caperton St", "style": 4, "angle": "n", "segs": 1, "st_": "n", "street_nam": " ", "from_stree": "Fordyce St", "to_street": "Conniston Ave", "int_": "n", "hood": 12, "hood2": " ", "l_feet": 357, "width": 5, "steps": 57, "treads": 0, "year": 1947, "coded_": " ", "pix": " ", "comment": " ", "Shape__Length": 282.13696649032102 }, "geometry": { "type": "LineString", "coordinates": [ [ -80.000514759607199, 40.409710020415602 ], [ -79.999508753451593, 40.4096181041173 ] ] } },
{ "type": "Feature", "properties": { "objectid": 601, "length": 0.0, "streets_": 0, "streets_id": 0, "code": 999, "type": 1, "id_no": 549, "oid": 548, "id": 549, "dpwn1": 0, "dpwn2": " ", "location": "Bernd St", "style": 1, "angle": "n", "segs": 1, "st_": "y", "street_nam": "Bernd St", "from_stree": "Zelda Way", "to_street": "Althea St", "int_": "n", "hood": 9, "hood2": " ", "l_feet": 421, "width": 5, "steps": 89, "treads": 0, "year": 1988, "coded_": " ", "pix": "y", "comment": " ", "Shape__Length": 411.21519245950202 }, "geometry": { "type": "LineString", "coordinates": [ [ -79.998153043560393, 40.414355925774998 ], [ -79.998172407221304, 40.415484618040502 ] ] } },
{ "type": "Feature", "properties": { "objectid": 602, "length": 0.0, "streets_": 0, "streets_id": 0, "code": 999, "type": 3, "id_no": 550, "oid": 549, "id": 550, "dpwn1": 501, "dpwn2": " ", "location": "Bernd St", "style": 3, "angle": "n", "segs": 1, "st_": "n", "street_nam": " ", "from_stree": "Zelda Way", "to_street": "Michigan St", "int_": "n", "hood": 9, "hood2": " ", "l_feet": 70, "width": 5, "steps": 17, "treads": 0, "year": 1988, "coded_": " ", "pix": " ", "comment": " ", "Shape__Length": 106.646301667122 }, "geometry": { "type": "LineString", "coordinates": [ [ -79.998223133020701, 40.415887983004303 ], [ -79.9982125698902, 40.415595349368999 ] ] } },
{ "type": "Feature", "properties": { "objectid": 603, "length": 0.0, "streets_": 0, "streets_id": 0, "code": 0, "type": 1, "id_no": 573, "oid": 572, "id": 573, "dpwn1": 503, "dpwn2": "0", "location": "Georgia Ave", "style": 1, "angle": "n", "segs": 2, "st_": "y", "street_nam": "Georgia Ave", "from_stree": "Arabella St", "to_street": "Moore Ave", "int_": "n", "hood": 44, "hood2": " ", "l_feet": 251, "width": 4, "steps": 51, "treads": 0, "year": 1948, "coded_": " ", "pix": " ", "comment": " ", "Shape__Length": 263.96988427464402 }, "geometry": { "type": "LineString", "coordinates": [ [ -79.994987952077096, 40.41295387553 ], [ -79.994963856178899, 40.4122295097334 ] ] } },
{ "type": "Feature", "properties": { "objectid": 604, "length": 0.0, "streets_": 0, "streets_id": 0, "code": 0, "type": 1, "id_no": 572, "oid": 571, "id": 572, "dpwn1": 0, "dpwn2": " ", "location": "Grimes Ave", "style": 1, "angle": "n", "segs": 1, "st_": "y", "street_nam": "Grimes Ave", "from_stree": "Kernel Way", "to_street": "Suncrest St", "int_": "n", "hood": 44, "hood2": " ", "l_feet": 0, "width": 4, "steps": 34, "treads": 0, "year": 0, "coded_": " ", "pix": " ", "comment": "brick/asphalt", "Shape__Length": 146.234192111303 }, "geometry": { "type": "LineString", "coordinates": [ [ -79.992830112089905, 40.411127953056202 ], [ -79.992992659620398, 40.410746252200298 ] ] } },
{ "type": "Feature", "properties": { "objectid": 605, "length": 0.0, "streets_": 0, "streets_id": 0, "code": 999, "type": 3, "id_no": 579, "oid": 578, "id": 579, "dpwn1": 483, "dpwn2": " ", "location": "Brownsville Rd and Knox Ave", "style": 3, "angle": "n", "segs": 1, "st_": "n", "street_nam": " ", "from_stree": "Knox Ave", "to_street": "Brownsville Rd", "int_": "n", "hood": 44, "hood2": " ", "l_feet": 10, "width": 0, "steps": 2, "treads": 0, "year": 1996, "coded_": " ", "pix": " ", "comment": " ", "Shape__Length": 65.992471068690094 }, "geometry": { "type": "LineString", "coordinates": [ [ -79.990306425663107, 40.4109120855098 ], [ -79.990300414381196, 40.410730993765497 ] ] } },
{ "type": "Feature", "properties": { "objectid": 606, "length": 0.0, "streets_": 0, "streets_id": 0, "code": 999, "type": 5, "id_no": 570, "oid": 569, "id": 570, "dpwn1": 481, "dpwn2": " ", "location": "Moore Ave", "style": 5, "angle": "n", "segs": 1, "st_": "n", "street_nam": " ", "from_stree": "Knox Ave", "to_street": "Brownsville Rd", "int_": "n", "hood": 44, "hood2": " ", "l_feet": 93, "width": 4, "steps": 49, "treads": 0, "year": 1929, "coded_": " ", "pix": " ", "comment": " ", "Shape__Length": 106.603222495643 }, "geometry": { "type": "LineString", "coordinates": [ [ -79.990342221289694, 40.411441077112698 ], [ -79.989959517202706, 40.411448499249403 ] ] } },
{ "type": "Feature", "properties": { "objectid": 607, "length": 0.0, "streets_": 0, "streets_id": 0, "code": 999, "type": 3, "id_no": 569, "oid": 568, "id": 569, "dpwn1": 502, "dpwn2": " ", "location": "Marland St", "style": 3, "angle": "n", "segs": 1, "st_": "n", "street_nam": " ", "from_stree": "Ibis Way", "to_street": "Brownsville Rd", "int_": "n", "hood": 44, "hood2": " ", "l_feet": 125, "width": 4, "steps": 15, "treads": 0, "year": 1990, "coded_": " ", "pix": " ", "comment": " ", "Shape__Length": 147.93884308094499 }, "geometry": { "type": "LineString", "coordinates": [ [ -79.990165845380105, 40.412093843790501 ], [ -79.989634987868499, 40.412109929756198 ] ] } },
{ "type": "Feature", "properties": { "objectid": 608, "length": 0.0, "streets_": 0, "streets_id": 0, "code": 999, "type": 3, "id_no": 577, "oid": 576, "id": 577, "dpwn1": 0, "dpwn2": " ", "location": "Amanda Ave and Brownsviile Rd", "style": 3, "angle": "n", "segs": 1, "st_": "n", "street_nam": " ", "from_stree": "Amanda Ave", "to_street": "Brownsville Rd", "int_": "n", "hood": 44, "hood2": " ", "l_feet": 12, "width": 10, "steps": 9, "treads": 0, "year": 0, "coded_": " ", "pix": " ", "comment": " ", "Shape__Length": 55.839783211937203 }, "geometry": { "type": "LineString", "coordinates": [ [ -79.987953621883094, 40.414749127313101 ], [ -79.987948540463606, 40.414595895829201 ] ] } },
{ "type": "Feature", "properties": { "objectid": 609, "length": 0.0, "streets_": 0, "streets_id": 0, "code": 0, "type": 7, "id_no": 578, "oid": 577, "id": 578, "dpwn1": 432, "dpwn2": " ", "location": "Weber Way at Waite St", "style": 7, "angle": "n", "segs": 1, "st_": "n", "street_nam": " ", "from_stree": "Weber Way", "to_street": "Waite St", "int_": "n", "hood": 4, "hood2": " ", "l_feet": 19, "width": 0, "steps": 0, "treads": 0, "year": 1996, "coded_": " ", "pix": " ", "comment": "looks like small footbridge", "Shape__Length": 36.813058460527699 }, "geometry": { "type": "LineString", "coordinates": [ [ -79.979533413654494, 40.417073178502299 ], [ -79.979525523268293, 40.416972306488098 ] ] } },
{ "type": "Feature", "properties": { "objectid": 610, "length": 0.0, "streets_": 0, "streets_id": 0, "code": 0, "type": 1, "id_no": 585, "oid": 584, "id": 585, "dpwn1": 482, "dpwn2": " ", "location": "Como St", "style": 1, "angle": "n", "segs": 1, "st_": "y", "street_nam": "Como St", "from_stree": "St Joseph St", "to_street": "Ormsby Ave", "int_": "n", "hood": 54, "hood2": " ", "l_feet": 211, "width": 5, "steps": 41, "treads": 0, "year": 1953, "coded_": " ", "pix": " ", "comment": " ", "Shape__Length": 106.60322249552701 }, "geometry": { "type": "LineString", "coordinates": [ [ -79.979202801282199, 40.413175951992699 ], [ -79.979212464088405, 40.413468485622403 ] ] } },
{ "type": "Feature", "properties": { "objectid": 611, "length": 0.0, "streets_": 0, "streets_id": 0, "code": 0, "type": 7, "id_no": 583, "oid": 582, "id": 583, "dpwn1": 475, "dpwn2": " ", "location": "Burr St", "style": 7, "angle": "n", "segs": 1, "st_": "n", "street_nam": " ", "from_stree": "Fisher St", "to_street": "Ormsby St", "int_": "n", "hood": 54, "hood2": " ", "l_feet": 128, "width": 3, "steps": 34, "treads": 94, "year": 1990, "coded_": " ", "pix": " ", "comment": " ", "Shape__Length": 124.011959027234 }, "geometry": { "type": "LineString", "coordinates": [ [ -79.977988917501804, 40.4118087178609 ], [ -79.978034078244804, 40.411470058560198 ] ] } },
{ "type": "Feature", "properties": { "objectid": 612, "length": 0.0, "streets_": 0, "streets_id": 0, "code": 0, "type": 1, "id_no": 584, "oid": 583, "id": 584, "dpwn1": 0, "dpwn2": " ", "location": "Pliney Way", "style": 1, "angle": "n", "segs": 1, "st_": "y", "street_nam": "Pliney Way", "from_stree": "Mountain", "to_street": "Pliney Way", "int_": "n", "hood": 78, "hood2": "54", "l_feet": 0, "width": 4, "steps": 26, "treads": 0, "year": 0, "coded_": " ", "pix": " ", "comment": " ", "Shape__Length": 118.508442252303 }, "geometry": { "type": "LineString", "coordinates": [ [ -79.976853488409503, 40.411060714404499 ], [ -79.977274478543194, 40.411108353622097 ] ] } },
{ "type": "Feature", "properties": { "objectid": 613, "length": 0.0, "streets_": 0, "streets_id": 0, "code": 0, "type": 1, "id_no": 581, "oid": 580, "id": 581, "dpwn1": 0, "dpwn2": " ", "location": "Rectenwald St", "style": 1, "angle": "n", "segs": 1, "st_": "y", "street_nam": "Rectenwald St", "from_stree": "Walde St", "to_street": "Ignatius Way", "int_": "n", "hood": 54, "hood2": " ", "l_feet": 0, "width": 4, "steps": 29, "treads": 0, "year": 1948, "coded_": " ", "pix": " ", "comment": " ", "Shape__Length": 110.984612332691 }, "geometry": { "type": "LineString", "coordinates": [ [ -79.979549392044305, 40.4108970674326 ], [ -79.979547067893293, 40.410592418674803 ] ] } },
{ "type": "Feature", "properties": { "objectid": 614, "length": 0.0, "streets_": 0, "streets_id": 0, "code": 0, "type": 4, "id_no": 582, "oid": 581, "id": 582, "dpwn1": 477, "dpwn2": "0", "location": "Rectenwald St", "style": 4, "angle": "n", "segs": 3, "st_": "n", "street_nam": " ", "from_stree": "Ignatius Way", "to_street": "Cathedral Ave", "int_": "n", "hood": 54, "hood2": " ", "l_feet": 0, "width": 4, "steps": 37, "treads": 0, "year": 1948, "coded_": " ", "pix": " ", "comment": " ", "Shape__Length": 354.533379118146 }, "geometry": { "type": "LineString", "coordinates": [ [ -79.979579999824693, 40.411940717763798 ], [ -79.979529507327797, 40.410998029723501 ], [ -79.979524663172, 40.410968541322198 ] ] } },
{ "type": "Feature", "properties": { "objectid": 615, "length": 0.0, "streets_": 0, "streets_id": 0, "code": 0, "type": 2, "id_no": 580, "oid": 579, "id": 580, "dpwn1": 474, "dpwn2": " ", "location": "Fisher St", "style": 2, "angle": "n", "segs": 1, "st_": "y", "street_nam": "Fisher St", "from_stree": "Otilla St", "to_street": "Gorgas St", "int_": "n", "hood": 54, "hood2": " ", "l_feet": 13, "width": 3, "steps": 14, "treads": 0, "year": 1990, "coded_": " ", "pix": " ", "comment": " ", "Shape__Length": 111.67956642387399 }, "geometry": { "type": "LineString", "coordinates": [ [ -79.981180392857794, 40.411214179554001 ], [ -79.981581320564501, 40.411206434416201 ] ] } },
{ "type": "Feature", "properties": { "objectid": 616, "length": 0.0, "streets_": 0, "streets_id": 0, "code": 0, "type": 1, "id_no": 592, "oid": 591, "id": 592, "dpwn1": 479, "dpwn2": " ", "location": "Highnote Way", "style": 1, "angle": "n", "segs": 3, "st_": "y", "street_nam": "Highnote Way", "from_stree": "Anglo Way", "to_street": "The Boulevard", "int_": "n", "hood": 16, "hood2": " ", "l_feet": 0, "width": 5, "steps": 125, "treads": 0, "year": 1972, "coded_": " ", "pix": "y", "comment": "picture at Birmingham--stop signs", "Shape__Length": 546.88617738401297 }, "geometry": { "type": "LineString", "coordinates": [ [ -79.986468637647903, 40.4028998457933 ], [ -79.986274037717195, 40.401406025088903 ] ] } },
{ "type": "Feature", "properties": { "objectid": 617, "length": 0.0, "streets_": 0, "streets_id": 0, "code": 0, "type": 1, "id_no": 593, "oid": 592, "id": 593, "dpwn1": 489, "dpwn2": "0", "location": "Highnote Way", "style": 1, "angle": "n", "segs": 2, "st_": "y", "street_nam": "Highnote Way", "from_stree": "Alries St", "to_street": "Romance St", "int_": "n", "hood": 16, "hood2": " ", "l_feet": 277, "width": 4, "steps": 74, "treads": 0, "year": 1950, "coded_": " ", "pix": " ", "comment": " ", "Shape__Length": 400.29152680004302 }, "geometry": { "type": "LineString", "coordinates": [ [ -79.986087355413702, 40.400804359242898 ], [ -79.985742068243098, 40.399737732798798 ] ] } },
{ "type": "Feature", "properties": { "objectid": 618, "length": 0.0, "streets_": 0, "streets_id": 0, "code": 0, "type": 1, "id_no": 591, "oid": 590, "id": 591, "dpwn1": 485, "dpwn2": " ", "location": "Leolyn St", "style": 1, "angle": "n", "segs": 1, "st_": "y", "street_nam": "Leolyn St", "from_stree": "South Way", "to_street": "E. Meyers St", "int_": "n", "hood": 16, "hood2": " ", "l_feet": 127, "width": 4, "steps": 57, "treads": 0, "year": 1948, "coded_": " ", "pix": "y", "comment": " ", "Shape__Length": 145.36436804373801 }, "geometry": { "type": "LineString", "coordinates": [ [ -79.986561325426607, 40.4002515560286 ], [ -79.986439076388805, 40.399863628334103 ] ] } },
{ "type": "Feature", "properties": { "objectid": 619, "length": 0.0, "streets_": 0, "streets_id": 0, "code": 0, "type": 3, "id_no": 594, "oid": 593, "id": 594, "dpwn1": 488, "dpwn2": " ", "location": "Alries St and Transverse Ave", "style": 3, "angle": "n", "segs": 1, "st_": "n", "street_nam": " ", "from_stree": "Alries St", "to_street": "South Way", "int_": "n", "hood": 16, "hood2": " ", "l_feet": 105, "width": 4, "steps": 14, "treads": 0, "year": 1970, "coded_": " ", "pix": " ", "comment": " ", "Shape__Length": 91.473529531342606 }, "geometry": { "type": "LineString", "coordinates": [ [ -79.983160592176105, 40.400500232959203 ], [ -79.983079987907502, 40.400256815737499 ] ] } },
{ "type": "Feature", "properties": { "objectid": 620, "length": 0.0, "streets_": 0, "streets_id": 0, "code": 0, "type": 1, "id_no": 590, "oid": 589, "id": 590, "dpwn1": 0, "dpwn2": " ", "location": "E  Cherryhill St", "style": 1, "angle": "n", "segs": 1, "st_": "n", "street_nam": "E  Cherryhill St", "from_stree": "Concordia St", "to_street": "Amanada St", "int_": "n", "hood": 16, "hood2": " ", "l_feet": 169, "width": 4, "steps": 31, "treads": 0, "year": 1949, "coded_": " ", "pix": " ", "comment": " ", "Shape__Length": 159.40043265774901 }, "geometry": { "type": "LineString", "coordinates": [ [ -79.987748630752094, 40.398667375262498 ], [ -79.987186101457198, 40.398747969512399 ] ] } },
{ "type": "Feature", "properties": { "objectid": 621, "length": 0.0, "streets_": 0, "streets_id": 0, "code": 999, "type": 3, "id_no": 589, "oid": 588, "id": 589, "dpwn1": 478, "dpwn2": "0", "location": "E  Cherryhill St", "style": 3, "angle": "n", "segs": 2, "st_": "n", "street_nam": " ", "from_stree": "Amanda St", "to_street": "Brownsville Rd", "int_": "n", "hood": 16, "hood2": " ", "l_feet": 201, "width": 4, "steps": 60, "treads": 0, "year": 1949, "coded_": " ", "pix": " ", "comment": " ", "Shape__Length": 207.07501398727899 }, "geometry": { "type": "LineString", "coordinates": [ [ -79.988563936471607, 40.398512183109702 ], [ -79.987838809959896, 40.398637749599999 ] ] } },
{ "type": "Feature", "properties": { "objectid": 622, "length": 0.0, "streets_": 0, "streets_id": 0, "code": 0, "type": 1, "id_no": 506, "oid": 505, "id": 506, "dpwn1": 375, "dpwn2": " ", "location": "Pawnee St", "style": 1, "angle": "n", "segs": 2, "st_": "y", "street_nam": "Pawnee St", "from_stree": "Oneida St", "to_street": "Cohasset St", "int_": "y", "hood": 25, "hood2": "53", "l_feet": 202, "width": 5, "steps": 52, "treads": 0, "year": 1990, "coded_": " ", "pix": " ", "comment": " ", "Shape__Length": 264.37509632216398 }, "geometry": { "type": "LineString", "coordinates": [ [ -80.019841309202207, 40.436523156972903 ], [ -80.0189073677397, 40.436391257894499 ] ] } },
{ "type": "Feature", "properties": { "objectid": 623, "length": 0.0, "streets_": 0, "streets_id": 0, "code": 0, "type": 1, "id_no": 507, "oid": 506, "id": 507, "dpwn1": 0, "dpwn2": " ", "location": "Sioux Way", "style": 1, "angle": "n", "segs": 1, "st_": "y", "street_nam": "Sioux Way", "from_stree": "Sioux Way", "to_street": "Pawnee St", "int_": "y", "hood": 25, "hood2": " ", "l_feet": 15, "width": 5, "steps": 8, "treads": 0, "year": 1990, "coded_": " ", "pix": " ", "comment": " ", "Shape__Length": 60.512092992219003 }, "geometry": { "type": "LineString", "coordinates": [ [ -80.019338381873695, 40.436451085384903 ], [ -80.019308164846507, 40.436615578517497 ] ] } },
{ "type": "Feature", "properties": { "objectid": 624, "length": 0.0, "streets_": 0, "streets_id": 0, "code": 0, "type": 4, "id_no": 508, "oid": 507, "id": 508, "dpwn1": 372, "dpwn2": " ", "location": "W Sycamore St", "style": 4, "angle": "n", "segs": 1, "st_": "n", "street_nam": " ", "from_stree": "Plymouth St", "to_street": "Oneida St", "int_": "n", "hood": 25, "hood2": " ", "l_feet": 219, "width": 5, "steps": 50, "treads": 0, "year": 1990, "coded_": " ", "pix": " ", "comment": "asphalt and cement", "Shape__Length": 267.72306726988802 }, "geometry": { "type": "LineString", "coordinates": [ [ -80.021573015648102, 40.433926928209999 ], [ -80.020623464593797, 40.433810245376897 ] ] } },
{ "type": "Feature", "properties": { "objectid": 625, "length": 0.0, "streets_": 0, "streets_id": 0, "code": 0, "type": 4, "id_no": 504, "oid": 503, "id": 504, "dpwn1": 0, "dpwn2": " ", "location": "Piermont St", "style": 4, "angle": "n", "segs": 2, "st_": "n", "street_nam": " ", "from_stree": "Sewer Way", "to_street": "Redoak Way", "int_": "n", "hood": 53, "hood2": "25", "l_feet": 0, "width": 5, "steps": 6, "treads": 0, "year": 0, "coded_": " ", "pix": " ", "comment": "asphalt and stone", "Shape__Length": 242.397141569111 }, "geometry": { "type": "LineString", "coordinates": [ [ -80.016388641294398, 40.434551939088301 ], [ -80.015531047800295, 40.434436582880998 ] ] } },
{ "type": "Feature", "properties": { "objectid": 626, "length": 0.0, "streets_": 0, "streets_id": 0, "code": 999, "type": 3, "id_no": 502, "oid": 501, "id": 502, "dpwn1": 364, "dpwn2": " ", "location": "W Sycamore St", "style": 3, "angle": "n", "segs": 4, "st_": "n", "street_nam": " ", "from_stree": "Merrimac St", "to_street": "LaBelle St", "int_": "n", "hood": 53, "hood2": "25", "l_feet": 0, "width": 5, "steps": 64, "treads": 0, "year": 1946, "coded_": " ", "pix": " ", "comment": " ", "Shape__Length": 752.33428368697798 }, "geometry": { "type": "LineString", "coordinates": [ [ -80.016223638094701, 40.433124956698698 ], [ -80.013550228850306, 40.432822244711701 ] ] } },
{ "type": "Feature", "properties": { "objectid": 627, "length": 0.0, "streets_": 0, "streets_id": 0, "code": 0, "type": 4, "id_no": 509, "oid": 508, "id": 509, "dpwn1": 0, "dpwn2": "364", "location": "W Sycamore St", "style": 4, "angle": "n", "segs": 2, "st_": "n", "street_nam": " ", "from_stree": "Merrimac St", "to_street": "Bertha St", "int_": "n", "hood": 53, "hood2": " ", "l_feet": 0, "width": 5, "steps": 56, "treads": 0, "year": 1946, "coded_": " ", "pix": " ", "comment": " ", "Shape__Length": 324.574312170768 }, "geometry": { "type": "LineString", "coordinates": [ [ -80.012975428647707, 40.432737895762799 ], [ -80.011842322073505, 40.432527891631899 ] ] } },
{ "type": "Feature", "properties": { "objectid": 628, "length": 0.0, "streets_": 0, "streets_id": 0, "code": 0, "type": 1, "id_no": 503, "oid": 502, "id": 503, "dpwn1": 362, "dpwn2": " ", "location": "Merrimac St and Woodruff St", "style": 1, "angle": "y", "segs": 1, "st_": "n", "street_nam": " ", "from_stree": "Merrimac St", "to_street": "Omaha St", "int_": "n", "hood": 53, "hood2": " ", "l_feet": 40, "width": 5, "steps": 23, "treads": 0, "year": 1960, "coded_": " ", "pix": " ", "comment": " ", "Shape__Length": 51.549908289374997 }, "geometry": { "type": "LineString", "coordinates": [ [ -80.013970411667103, 40.430305735879102 ], [ -80.013788397491993, 40.430331768564301 ] ] } },
{ "type": "Feature", "properties": { "objectid": 629, "length": 0.0, "streets_": 0, "streets_id": 0, "code": 0, "type": 1, "id_no": 528, "oid": 527, "id": 528, "dpwn1": 360, "dpwn2": " ", "location": "Mann St", "style": 1, "angle": "y", "segs": 1, "st_": "y", "street_nam": "Mann St", "from_stree": "Woodruff St", "to_street": "Rubicon St", "int_": "n", "hood": 53, "hood2": " ", "l_feet": 52, "width": 4, "steps": 107, "treads": 0, "year": 1938, "coded_": " ", "pix": "y", "comment": " ", "Shape__Length": 146.88233209566599 }, "geometry": { "type": "LineString", "coordinates": [ [ -80.015604290467493, 40.4285205950532 ], [ -80.015133483840501, 40.428338609978198 ] ] } },
{ "type": "Feature", "properties": { "objectid": 630, "length": 0.0, "streets_": 0, "streets_id": 0, "code": 0, "type": 3, "id_no": 529, "oid": 528, "id": 529, "dpwn1": 0, "dpwn2": "360", "location": "Mann St", "style": 3, "angle": "n", "segs": 1, "st_": "n", "street_nam": " ", "from_stree": "Rubicon St", "to_street": "Grace St", "int_": "n", "hood": 53, "hood2": " ", "l_feet": 100, "width": 5, "steps": 42, "treads": 0, "year": 1938, "coded_": " ", "pix": " ", "comment": " ", "Shape__Length": 108.343078681789 }, "geometry": { "type": "LineString", "coordinates": [ [ -80.015061455836502, 40.428345076151103 ], [ -80.014711856427098, 40.428214412018399 ] ] } },
{ "type": "Feature", "properties": { "objectid": 631, "length": 0.0, "streets_": 0, "streets_id": 0, "code": 0, "type": 2, "id_no": 530, "oid": 529, "id": 530, "dpwn1": 361, "dpwn2": " ", "location": "Mann St", "style": 2, "angle": "n", "segs": 1, "st_": "y", "street_nam": "Mann St", "from_stree": "Grace St", "to_street": "Belonda St", "int_": "n", "hood": 53, "hood2": " ", "l_feet": 264, "width": 3, "steps": 83, "treads": 0, "year": 1980, "coded_": " ", "pix": " ", "comment": " ", "Shape__Length": 246.86201173965699 }, "geometry": { "type": "LineString", "coordinates": [ [ -80.0145988363833, 40.428129626547303 ], [ -80.013811300220596, 40.427818192062396 ] ] } },
{ "type": "Feature", "properties": { "objectid": 632, "length": 0.0, "streets_": 0, "streets_id": 0, "code": 0, "type": 1, "id_no": 516, "oid": 515, "id": 516, "dpwn1": 369, "dpwn2": " ", "location": "Halpin St", "style": 1, "angle": "n", "segs": 3, "st_": "y", "street_nam": "Halpin St", "from_stree": "Balonda St", "to_street": "Leipsic Way", "int_": "n", "hood": 53, "hood2": " ", "l_feet": 410, "width": 5, "steps": 136, "treads": 0, "year": 1952, "coded_": " ", "pix": " ", "comment": " ", "Shape__Length": 376.98349854960901 }, "geometry": { "type": "LineString", "coordinates": [ [ -80.011103674187694, 40.429687766635801 ], [ -80.010619411744202, 40.429052306474098 ], [ -80.010506970215602, 40.428765439645602 ] ] } },
{ "type": "Feature", "properties": { "objectid": 633, "length": 0.0, "streets_": 0, "streets_id": 0, "code": 0, "type": 4, "id_no": 515, "oid": 514, "id": 515, "dpwn1": 0, "dpwn2": " ", "location": "Halpin Way", "style": 4, "angle": "n", "segs": 1, "st_": "n", "street_nam": " ", "from_stree": "Leipsic Way", "to_street": "Natchez St", "int_": "n", "hood": 53, "hood2": " ", "l_feet": 0, "width": 4, "steps": 13, "treads": 0, "year": 0, "coded_": " ", "pix": " ", "comment": " ", "Shape__Length": 84.095027372711002 }, "geometry": { "type": "LineString", "coordinates": [ [ -80.010508385171804, 40.428698056586498 ], [ -80.010416550137094, 40.428478141877001 ] ] } },
{ "type": "Feature", "properties": { "objectid": 634, "length": 0.0, "streets_": 0, "streets_id": 0, "code": 0, "type": 3, "id_no": 510, "oid": 509, "id": 510, "dpwn1": 380, "dpwn2": "376", "location": "Vinecliffe St", "style": 3, "angle": "n", "segs": 1, "st_": "n", "street_nam": " ", "from_stree": "end", "to_street": "Wyoming St", "int_": "y", "hood": 53, "hood2": " ", "l_feet": 0, "width": 5, "steps": 133, "treads": 0, "year": 1952, "coded_": " ", "pix": " ", "comment": " ", "Shape__Length": 525.212694999414 }, "geometry": { "type": "LineString", "coordinates": [ [ -80.006412871472904, 40.430517017243297 ], [ -80.006227150443493, 40.430591913544802 ], [ -80.006078641601206, 40.430653749325003 ], [ -80.005904347249199, 40.430713281897297 ], [ -80.0057693934518, 40.4307411749786 ], [ -80.005651659597106, 40.430736754598897 ], [ -80.005485662131704, 40.430713036448203 ], [ -80.005396639565205, 40.430686709544503 ], [ -80.005236730955801, 40.430621929926303 ], [ -80.005083748750707, 40.4305552998933 ], [ -80.004892338527895, 40.430478410694498 ], [ -80.004707153696501, 40.4303858420285 ] ] } },
{ "type": "Feature", "properties": { "objectid": 635, "length": 0.0, "streets_": 0, "streets_id": 0, "code": 0, "type": 2, "id_no": 514, "oid": 513, "id": 514, "dpwn1": 0, "dpwn2": " ", "location": "Luxbridge Way", "style": 2, "angle": "n", "segs": 1, "st_": "y", "street_nam": "Luxbridge Way", "from_stree": "Luxbridge Way", "to_street": "Vinecliffe St", "int_": "y", "hood": 53, "hood2": " ", "l_feet": 0, "width": 3, "steps": 12, "treads": 0, "year": 0, "coded_": " ", "pix": " ", "comment": " ", "Shape__Length": 49.740634038171301 }, "geometry": { "type": "LineString", "coordinates": [ [ -80.006108764744795, 40.430509297534002 ], [ -80.006254397673402, 40.430588403349603 ] ] } },
{ "type": "Feature", "properties": { "objectid": 636, "length": 0.0, "streets_": 0, "streets_id": 0, "code": 0, "type": 1, "id_no": 511, "oid": 510, "id": 511, "dpwn1": 376, "dpwn2": "380", "location": "Vinecliffe St", "style": 1, "angle": "y", "segs": 1, "st_": "y", "street_nam": "Vinecliffe St", "from_stree": "E Sycamore St", "to_street": "Vinecliffe St", "int_": "y", "hood": 53, "hood2": " ", "l_feet": 0, "width": 5, "steps": 75, "treads": 0, "year": 1952, "coded_": " ", "pix": " ", "comment": " ", "Shape__Length": 174.275376176767 }, "geometry": { "type": "LineString", "coordinates": [ [ -80.004690021156406, 40.430422660449601 ], [ -80.004367505867194, 40.430283778217898 ], [ -80.004118809670103, 40.430329605185499 ] ] } },
{ "type": "Feature", "properties": { "objectid": 637, "length": 0.0, "streets_": 0, "streets_id": 0, "code": 0, "type": 3, "id_no": 512, "oid": 511, "id": 512, "dpwn1": 0, "dpwn2": " ", "location": "E Sycamore St at Wyoming St", "style": 3, "angle": "n", "segs": 1, "st_": "n", "street_nam": " ", "from_stree": "E Sycamore St", "to_street": "Wyoming St", "int_": "n", "hood": 53, "hood2": " ", "l_feet": 0, "width": 5, "steps": 5, "treads": 0, "year": 0, "coded_": " ", "pix": " ", "comment": " ", "Shape__Length": 30.336392599501199 }, "geometry": { "type": "LineString", "coordinates": [ [ -80.006386237167305, 40.430187481670501 ], [ -80.006292982018493, 40.430144399300701 ] ] } },
{ "type": "Feature", "properties": { "objectid": 638, "length": 0.0, "streets_": 0, "streets_id": 0, "code": 999, "type": 2, "id_no": 531, "oid": 530, "id": 531, "dpwn1": 367, "dpwn2": " ", "location": "Virginia Ave at Shiloh St", "style": 3, "angle": "n", "segs": 1, "st_": "n", "street_nam": " ", "from_stree": "Virginia Ave", "to_street": "Shiloh St", "int_": "n", "hood": 53, "hood2": " ", "l_feet": 10, "width": 11, "steps": 8, "treads": 0, "year": 1938, "coded_": " ", "pix": " ", "comment": " ", "Shape__Length": 26.940546254625101 }, "geometry": { "type": "LineString", "coordinates": [ [ -80.007480190042401, 40.429624463713701 ], [ -80.007400395173093, 40.4295826230153 ] ] } },
{ "type": "Feature", "properties": { "objectid": 639, "length": 0.0, "streets_": 0, "streets_id": 0, "code": 0, "type": 4, "id_no": 513, "oid": 512, "id": 513, "dpwn1": 359, "dpwn2": " ", "location": "Cuthbert St", "style": 4, "angle": "n", "segs": 2, "st_": "n", "street_nam": " ", "from_stree": "Virginia Ave", "to_street": "Natchez St", "int_": "n", "hood": 53, "hood2": " ", "l_feet": 400, "width": 5, "steps": 81, "treads": 0, "year": 1980, "coded_": " ", "pix": " ", "comment": " ", "Shape__Length": 223.728232603165 }, "geometry": { "type": "LineString", "coordinates": [ [ -80.009332219746895, 40.429327260639504 ], [ -80.008886591020598, 40.429838332504097 ] ] } },
{ "type": "Feature", "properties": { "objectid": 640, "length": 0.0, "streets_": 0, "streets_id": 0, "code": 0, "type": 3, "id_no": 505, "oid": 504, "id": 505, "dpwn1": 374, "dpwn2": "0", "location": "Piermont St", "style": 3, "angle": "n", "segs": 2, "st_": "n", "street_nam": " ", "from_stree": "Hallock St", "to_street": "Meridan St", "int_": "n", "hood": 53, "hood2": " ", "l_feet": 478, "width": 4, "steps": 47, "treads": 0, "year": 1980, "coded_": " ", "pix": " ", "comment": " ", "Shape__Length": 297.26016811402798 }, "geometry": { "type": "LineString", "coordinates": [ [ -80.019099137946995, 40.435010385075799 ], [ -80.018050510091797, 40.434856161829401 ] ] } },
{ "type": "Feature", "properties": { "objectid": 641, "length": 0.0, "streets_": 0, "streets_id": 0, "code": 999, "type": 3, "id_no": 521, "oid": 520, "id": 521, "dpwn1": 368, "dpwn2": " ", "location": "Cowan Way", "style": 3, "angle": "n", "segs": 1, "st_": "n", "street_nam": " ", "from_stree": "Southern Ave", "to_street": "Greenbush St", "int_": "n", "hood": 53, "hood2": " ", "l_feet": 300, "width": 5, "steps": 43, "treads": 0, "year": 1950, "coded_": " ", "pix": " ", "comment": " ", "Shape__Length": 164.21943962968899 }, "geometry": { "type": "LineString", "coordinates": [ [ -80.008868854378505, 40.427532496748398 ], [ -80.008279898816994, 40.4275576683998 ] ] } },
{ "type": "Feature", "properties": { "objectid": 642, "length": 0.0, "streets_": 0, "streets_id": 0, "code": 0, "type": 6, "id_no": 518, "oid": 517, "id": 518, "dpwn1": 363, "dpwn2": " ", "location": "Norton St", "style": 6, "angle": "n", "segs": 1, "st_": "n", "street_nam": " ", "from_stree": "Gray St", "to_street": "Cowan St", "int_": "n", "hood": 53, "hood2": " ", "l_feet": 20, "width": 3, "steps": 18, "treads": 0, "year": 1980, "coded_": " ", "pix": " ", "comment": " ", "Shape__Length": 94.376217492985504 }, "geometry": { "type": "LineString", "coordinates": [ [ -80.009848954092107, 40.426912365494601 ], [ -80.009947889875093, 40.426664580994299 ] ] } },
{ "type": "Feature", "properties": { "objectid": 643, "length": 0.0, "streets_": 0, "streets_id": 0, "code": 0, "type": 1, "id_no": 517, "oid": 516, "id": 517, "dpwn1": 0, "dpwn2": " ", "location": "Gray St and Dilworth St", "style": 1, "angle": "y", "segs": 1, "st_": "n", "street_nam": " ", "from_stree": "Gray St", "to_street": "Dilworth St", "int_": "n", "hood": 53, "hood2": " ", "l_feet": 0, "width": 5, "steps": 23, "treads": 0, "year": 0, "coded_": " ", "pix": " ", "comment": " ", "Shape__Length": 54.714697442017503 }, "geometry": { "type": "LineString", "coordinates": [ [ -80.010786429936502, 40.426620858725698 ], [ -80.010589961922307, 40.426624703085899 ] ] } },
{ "type": "Feature", "properties": { "objectid": 644, "length": 0.0, "streets_": 0, "streets_id": 0, "code": 0, "type": 3, "id_no": 520, "oid": 519, "id": 520, "dpwn1": 365, "dpwn2": " ", "location": "Sandwich Way", "style": 3, "angle": "n", "segs": 1, "st_": "n", "street_nam": " ", "from_stree": "Norton St", "to_street": "Dilworth St", "int_": "n", "hood": 53, "hood2": " ", "l_feet": 206, "width": 4, "steps": 33, "treads": 0, "year": 1951, "coded_": " ", "pix": " ", "comment": " ", "Shape__Length": 205.187677528965 }, "geometry": { "type": "LineString", "coordinates": [ [ -80.011238021735807, 40.425696914931699 ], [ -80.010575829937395, 40.425449645650602 ] ] } },
{ "type": "Feature", "properties": { "objectid": 645, "length": 0.0, "streets_": 0, "streets_id": 0, "code": 999, "type": 3, "id_no": 519, "oid": 518, "id": 519, "dpwn1": 366, "dpwn2": " ", "location": "Whitworth St", "style": 3, "angle": "n", "segs": 2, "st_": "n", "street_nam": " ", "from_stree": "Southern Ave", "to_street": "Boggs Ave", "int_": "n", "hood": 53, "hood2": " ", "l_feet": 250, "width": 5, "steps": 35, "treads": 0, "year": 1982, "coded_": " ", "pix": " ", "comment": " ", "Shape__Length": 267.85162585134202 }, "geometry": { "type": "LineString", "coordinates": [ [ -80.009176895216797, 40.426004626915699 ], [ -80.008303568169694, 40.425696150116103 ] ] } },
{ "type": "Feature", "properties": { "objectid": 646, "length": 0.0, "streets_": 0, "streets_id": 0, "code": 999, "type": 1, "id_no": 523, "oid": 522, "id": 523, "dpwn1": 385, "dpwn2": " ", "location": "Dewitt St", "style": 1, "angle": "n", "segs": 1, "st_": "y", "street_nam": "Dewitt St", "from_stree": "Southern Ave", "to_street": "Griffin St", "int_": "n", "hood": 53, "hood2": " ", "l_feet": 125, "width": 4, "steps": 33, "treads": 0, "year": 1975, "coded_": " ", "pix": " ", "comment": " ", "Shape__Length": 47.993263085121903 }, "geometry": { "type": "LineString", "coordinates": [ [ -80.010194112546699, 40.424578687164697 ], [ -80.010038005261194, 40.424522805105802 ] ] } },
{ "type": "Feature", "properties": { "objectid": 647, "length": 0.0, "streets_": 0, "streets_id": 0, "code": 999, "type": 4, "id_no": 522, "oid": 521, "id": 522, "dpwn1": 386, "dpwn2": " ", "location": "Dewitt St", "style": 4, "angle": "n", "segs": 1, "st_": "n", "street_nam": " ", "from_stree": "Griffin St", "to_street": "Burson Way", "int_": "n", "hood": 53, "hood2": " ", "l_feet": 212, "width": 5, "steps": 29, "treads": 0, "year": 1988, "coded_": " ", "pix": " ", "comment": "also 14--3' stone steps on left side", "Shape__Length": 107.14460476287501 }, "geometry": { "type": "LineString", "coordinates": [ [ -80.009588068370405, 40.424458975200601 ], [ -80.009948928799304, 40.424561183144696 ] ] } },
{ "type": "Feature", "properties": { "objectid": 648, "length": 0.0, "streets_": 0, "streets_id": 0, "code": 0, "type": 4, "id_no": 524, "oid": 523, "id": 524, "dpwn1": 384, "dpwn2": " ", "location": "Tuscola St", "style": 4, "angle": "n", "segs": 2, "st_": "n", "street_nam": " ", "from_stree": "end", "to_street": "Ruth St", "int_": "n", "hood": 53, "hood2": " ", "l_feet": 275, "width": 4, "steps": 12, "treads": 0, "year": 1950, "coded_": " ", "pix": " ", "comment": "asphalt/cement", "Shape__Length": 223.83285317197399 }, "geometry": { "type": "LineString", "coordinates": [ [ -80.005956456581799, 40.424885062148 ], [ -80.005152743202302, 40.424900753375603 ] ] } },
{ "type": "Feature", "properties": { "objectid": 649, "length": 0.0, "streets_": 0, "streets_id": 0, "code": 0, "type": 6, "id_no": 525, "oid": 524, "id": 525, "dpwn1": 383, "dpwn2": " ", "location": "Walden St", "style": 6, "angle": "n", "segs": 2, "st_": "n", "street_nam": " ", "from_stree": "Westwood St", "to_street": "Ruth St", "int_": "n", "hood": 53, "hood2": " ", "l_feet": 125, "width": 4, "steps": 58, "treads": 0, "year": 1997, "coded_": " ", "pix": " ", "comment": " ", "Shape__Length": 214.537735488425 }, "geometry": { "type": "LineString", "coordinates": [ [ -80.005863778803899, 40.4241828902232 ], [ -80.005093757659296, 40.424205332533901 ] ] } },
{ "type": "Feature", "properties": { "objectid": 650, "length": 0.0, "streets_": 0, "streets_id": 0, "code": 999, "type": 3, "id_no": 679, "oid": 678, "id": 679, "dpwn1": 0, "dpwn2": "216", "location": "Colmar St", "style": 3, "angle": "n", "segs": 1, "st_": "n", "street_nam": "Colmar St", "from_stree": "Blessing St", "to_street": "Bernhardt Way", "int_": "n", "hood": 85, "hood2": " ", "l_feet": 0, "width": 4, "steps": 73, "treads": 0, "year": 0, "coded_": " ", "pix": " ", "comment": " ", "Shape__Length": 208.60262788291899 }, "geometry": { "type": "LineString", "coordinates": [ [ -79.957626277897305, 40.457733705706197 ], [ -79.957033344973794, 40.458084068879202 ] ] } },
{ "type": "Feature", "properties": { "objectid": 651, "length": 0.0, "streets_": 0, "streets_id": 0, "code": 0, "type": 7, "id_no": 680, "oid": 679, "id": 680, "dpwn1": 214, "dpwn2": " ", "location": "Bernhardt Way", "style": 7, "angle": "n", "segs": 1, "st_": "n", "street_nam": "Bernhardt Way", "from_stree": "Harry St", "to_street": "Webster St", "int_": "n", "hood": 85, "hood2": " ", "l_feet": 35, "width": 3, "steps": 11, "treads": 0, "year": 1950, "coded_": " ", "pix": " ", "comment": " ", "Shape__Length": 51.253989398850301 }, "geometry": { "type": "LineString", "coordinates": [ [ -79.9569093208803, 40.4570770316259 ], [ -79.956835629672199, 40.4569480913839 ] ] } },
{ "type": "Feature", "properties": { "objectid": 652, "length": 0.0, "streets_": 0, "streets_id": 0, "code": 999, "type": 1, "id_no": 612, "oid": 611, "id": 612, "dpwn1": 508, "dpwn2": " ", "location": "Jacob St", "style": 1, "angle": "n", "segs": 1, "st_": "y", "street_nam": "Jacob St", "from_stree": "Brookline Blvd", "to_street": "Sunbeam Way", "int_": "n", "hood": 14, "hood2": "60", "l_feet": 781, "width": 4, "steps": 364, "treads": 202, "year": 1988, "coded_": "y", "pix": " ", "comment": " ", "Shape__Length": 751.02437169894699 }, "geometry": { "type": "LineString", "coordinates": [ [ -79.999429609855397, 40.391007572626997 ], [ -79.999463225848899, 40.390282370244002 ], [ -79.999389890403506, 40.389815493706699 ], [ -79.999199677526704, 40.388962112131999 ] ] } },
{ "type": "Feature", "properties": { "objectid": 653, "length": 0.0, "streets_": 0, "streets_id": 0, "code": 999, "type": 1, "id_no": 299, "oid": 298, "id": 299, "dpwn1": 131, "dpwn2": " ", "location": "James St", "style": 1, "angle": "n", "segs": 1, "st_": "y", "street_nam": "James St", "from_stree": "James St", "to_street": "Fountain St", "int_": "n", "hood": 19, "hood2": " ", "l_feet": 97, "width": 4, "steps": 62, "treads": 35, "year": 1948, "coded_": "y", "pix": "y", "comment": " ", "Shape__Length": 117.541763007672 }, "geometry": { "type": "LineString", "coordinates": [ [ -80.002265981528694, 40.4583957727259 ], [ -80.002342754964602, 40.458607268023798 ], [ -80.0022223220613, 40.458653987863897 ] ] } },
{ "type": "Feature", "properties": { "objectid": 654, "length": 0.0, "streets_": 0, "streets_id": 0, "code": 999, "type": 4, "id_no": 219, "oid": 217, "id": 219, "dpwn1": 0, "dpwn2": "449", "location": "Barry St", "style": 4, "angle": "n", "segs": 3, "st_": "n", "street_nam": " ", "from_stree": "Josephine St", "to_street": "Mission St", "int_": "n", "hood": 73, "hood2": " ", "l_feet": 474, "width": 5, "steps": 78, "treads": 0, "year": 1947, "coded_": " ", "pix": " ", "comment": " ", "Shape__Length": 513.82353244377703 }, "geometry": { "type": "LineString", "coordinates": [ [ -79.970294241181094, 40.423075369710702 ], [ -79.970199860370997, 40.423290413200803 ], [ -79.969993773184001, 40.423707909810403 ], [ -79.969939990318906, 40.423744371520399 ], [ -79.9698769682159, 40.423755384780399 ], [ -79.969049135567801, 40.423777749947099 ] ] } },
{ "type": "Feature", "properties": { "objectid": 655, "length": 0.0, "streets_": 0, "streets_id": 0, "code": 999, "type": 4, "id_no": 259, "oid": 258, "id": 259, "dpwn1": 454, "dpwn2": " ", "location": "S 18th St at Jospehine St", "style": 4, "angle": "n", "segs": 1, "st_": "n", "street_nam": " ", "from_stree": "S 18th St", "to_street": "S 18th St", "int_": "n", "hood": 73, "hood2": " ", "l_feet": 250, "width": 4, "steps": 61, "treads": 0, "year": 1930, "coded_": " ", "pix": " ", "comment": " ", "Shape__Length": 272.07319389698802 }, "geometry": { "type": "LineString", "coordinates": [ [ -79.980093284833103, 40.424826962057601 ], [ -79.979798306496605, 40.424791829416101 ], [ -79.979511552287093, 40.424736124211897 ], [ -79.979143819198399, 40.424654763328398 ] ] } },
{ "type": "Feature", "properties": { "objectid": 656, "length": 0.0, "streets_": 0, "streets_id": 0, "code": 999, "type": 1, "id_no": 255, "oid": 254, "id": 255, "dpwn1": 442, "dpwn2": " ", "location": "S 18th St and Mission St", "style": 1, "angle": "y", "segs": 1, "st_": "n", "street_nam": " ", "from_stree": "S 18th St", "to_street": "S 21st St", "int_": "n", "hood": 73, "hood2": " ", "l_feet": 153, "width": 5, "steps": 102, "treads": 0, "year": 1950, "coded_": " ", "pix": "y", "comment": " ", "Shape__Length": 195.42670818629799 }, "geometry": { "type": "LineString", "coordinates": [ [ -79.977625099954295, 40.423690619254003 ], [ -79.977454471644904, 40.4236462786033 ], [ -79.977412676615899, 40.423728736816102 ], [ -79.977053624845695, 40.423640397679797 ], [ -79.977044278251199, 40.423626969122502 ], [ -79.977044502682901, 40.423633769161597 ] ] } },
{ "type": "Feature", "properties": { "objectid": 657, "length": 0.0, "streets_": 0, "streets_id": 0, "code": 0, "type": 1, "id_no": 208, "oid": 206, "id": 208, "dpwn1": 444, "dpwn2": " ", "location": "Sterling St", "style": 1, "angle": "y", "segs": 1, "st_": "n", "street_nam": " ", "from_stree": "Greeley St", "to_street": "Leticoe St", "int_": "n", "hood": 73, "hood2": " ", "l_feet": 236, "width": 4, "steps": 93, "treads": 113, "year": 1947, "coded_": " ", "pix": " ", "comment": " ", "Shape__Length": 173.53305842504301 }, "geometry": { "type": "LineString", "coordinates": [ [ -79.973799069183301, 40.423764329001997 ], [ -79.973797566891605, 40.423988901763202 ], [ -79.974127009055906, 40.423989364326701 ] ] } },
{ "type": "Feature", "properties": { "objectid": 658, "length": 0.0, "streets_": 0, "streets_id": 0, "code": 0, "type": 5, "id_no": 218, "oid": 216, "id": 218, "dpwn1": 446, "dpwn2": "0", "location": "Barry St", "style": 5, "angle": "n", "segs": 1, "st_": "n", "street_nam": " ", "from_stree": "Mission St", "to_street": "Holt St", "int_": "n", "hood": 73, "hood2": " ", "l_feet": 113, "width": 4, "steps": 58, "treads": 0, "year": 1947, "coded_": " ", "pix": " ", "comment": " ", "Shape__Length": 177.14595694486101 }, "geometry": { "type": "LineString", "coordinates": [ [ -79.970547207871405, 40.4225273819061 ], [ -79.970677645103507, 40.422252564587097 ], [ -79.970719895025795, 40.422183708896597 ], [ -79.970780817233901, 40.422146664310503 ], [ -79.970853127945901, 40.422127856327698 ] ] } },
{ "type": "Feature", "properties": { "objectid": 659, "length": 0.0, "streets_": 0, "streets_id": 0, "code": 0, "type": 4, "id_no": 264, "oid": 263, "id": 264, "dpwn1": 0, "dpwn2": " ", "location": "Clover St", "style": 3, "angle": "n", "segs": 1, "st_": "n", "street_nam": " ", "from_stree": "Salisbury St", "to_street": "Commanche Way", "int_": "n", "hood": 73, "hood2": " ", "l_feet": 120, "width": 5, "steps": 50, "treads": 44, "year": 0, "coded_": " ", "pix": " ", "comment": " ", "Shape__Length": 67.890741189353605 }, "geometry": { "type": "LineString", "coordinates": [ [ -79.971081958936793, 40.4185772433867 ], [ -79.971132207939704, 40.418481016215999 ], [ -79.971147316226507, 40.418399073407002 ] ] } },
{ "type": "Feature", "properties": { "objectid": 660, "length": 0.0, "streets_": 0, "streets_id": 0, "code": 0, "type": 4, "id_no": 407, "oid": 406, "id": 407, "dpwn1": 0, "dpwn2": " ", "location": "Walz Rd", "style": 4, "angle": "n", "segs": 1, "st_": "n", "street_nam": "Walz Rd", "from_stree": "Walz Rd", "to_street": "Rhinne St", "int_": "n", "hood": 75, "hood2": " ", "l_feet": 0, "width": 5, "steps": 4, "treads": 0, "year": 0, "coded_": " ", "pix": " ", "comment": "short length of old decrepit steps", "Shape__Length": 38.230499229837299 }, "geometry": { "type": "LineString", "coordinates": [ [ -79.991255120412902, 40.463504330480397 ], [ -79.991271093424004, 40.463400099856003 ] ] } },
{ "type": "Feature", "properties": { "objectid": 661, "length": 0.0, "streets_": 0, "streets_id": 0, "code": 0, "type": 1, "id_no": 343, "oid": 342, "id": 343, "dpwn1": 166, "dpwn2": " ", "location": "Diana St", "style": 1, "angle": "n", "segs": 1, "st_": "n", "street_nam": " ", "from_stree": "Ives Way", "to_street": "Itin St", "int_": "n", "hood": 75, "hood2": " ", "l_feet": 30, "width": 4, "steps": 14, "treads": 0, "year": 1980, "coded_": " ", "pix": " ", "comment": " ", "Shape__Length": 31.474122590095899 }, "geometry": { "type": "LineString", "coordinates": [ [ -79.9918386927732, 40.4619589431341 ], [ -79.991733946407805, 40.461926334198097 ] ] } },
{ "type": "Feature", "properties": { "objectid": 662, "length": 0.0, "streets_": 0, "streets_id": 0, "code": 0, "type": 1, "id_no": 110, "oid": 108, "id": 110, "dpwn1": 0, "dpwn2": " ", "location": "Lappe Lane", "style": 1, "angle": "y", "segs": 1, "st_": "y", "street_nam": "Lappe Lane", "from_stree": "Southside Ave", "to_street": "Fayban St", "int_": "n", "hood": 75, "hood2": " ", "l_feet": 0, "width": 4, "steps": 61, "treads": 0, "year": 0, "coded_": " ", "pix": " ", "comment": " ", "Shape__Length": 150.62777813797101 }, "geometry": { "type": "LineString", "coordinates": [ [ -79.9968788716902, 40.470308381533798 ], [ -79.996980570393902, 40.470637962361302 ], [ -79.996883766732907, 40.470649741015102 ] ] } },
{ "type": "Feature", "properties": { "objectid": 663, "length": 0.0, "streets_": 0, "streets_id": 0, "code": 0, "type": 1, "id_no": 434, "oid": 433, "id": 434, "dpwn1": 316, "dpwn2": " ", "location": "Fairdale St", "style": 1, "angle": "y", "segs": 1, "st_": "y", "street_nam": "Fairdale St", "from_stree": "Adon St", "to_street": "Jean St", "int_": "n", "hood": 69, "hood2": " ", "l_feet": 328, "width": 5, "steps": 108, "treads": 0, "year": 1948, "coded_": " ", "pix": " ", "comment": " ", "Shape__Length": 247.73001473852699 }, "geometry": { "type": "LineString", "coordinates": [ [ -80.060052081030094, 40.456048507437004 ], [ -80.059883608517694, 40.456140559616799 ], [ -80.059920370708696, 40.456182239602299 ], [ -80.059409510037398, 40.456446935881701 ] ] } },
{ "type": "Feature", "properties": { "objectid": 664, "length": 0.0, "streets_": 0, "streets_id": 0, "code": 999, "type": 3, "id_no": 683, "oid": 682, "id": 683, "dpwn1": 0, "dpwn2": " ", "location": "Forward Ave and Eldridge St", "style": 3, "angle": "n", "segs": 1, "st_": "n", "street_nam": "Eldridge St", "from_stree": "Forward Ave", "to_street": "Eldridge St", "int_": "n", "hood": 77, "hood2": " ", "l_feet": 0, "width": 5, "steps": 4, "treads": 0, "year": 0, "coded_": " ", "pix": " ", "comment": " ", "Shape__Length": 26.5311971263388 }, "geometry": { "type": "LineString", "coordinates": [ [ -79.922128272134998, 40.429547864154003 ], [ -79.922107289043197, 40.4294768231021 ] ] } },
{ "type": "Feature", "properties": { "objectid": 665, "length": 0.0, "streets_": 0, "streets_id": 0, "code": 999, "type": 4, "id_no": 684, "oid": 683, "id": 684, "dpwn1": 0, "dpwn2": " ", "location": "Chartiers Ave and Danley St", "style": 4, "angle": "n", "segs": 1, "st_": "n", "street_nam": "Chartiers Ave", "from_stree": "Danley St", "to_street": "Praego St", "int_": "n", "hood": 23, "hood2": " ", "l_feet": 0, "width": 5, "steps": 18, "treads": 0, "year": 0, "coded_": " ", "pix": " ", "comment": " ", "Shape__Length": 271.746391442814 }, "geometry": { "type": "LineString", "coordinates": [ [ -80.04484921145, 40.449422677445803 ], [ -80.044508293910098, 40.448723679721603 ] ] } },
{ "type": "Feature", "properties": { "objectid": 666, "length": 0.0, "streets_": 0, "streets_id": 0, "code": 999, "type": 4, "id_no": 685, "oid": 684, "id": 685, "dpwn1": 0, "dpwn2": " ", "location": "Chartiers Ave and Azalea St", "style": 4, "angle": "n", "segs": 1, "st_": "n", "street_nam": "Chartiers Ave", "from_stree": "Azalea St", "to_street": " ", "int_": "n", "hood": 30, "hood2": " ", "l_feet": 0, "width": 5, "steps": 14, "treads": 0, "year": 0, "coded_": " ", "pix": " ", "comment": " ", "Shape__Length": 185.922388918846 }, "geometry": { "type": "LineString", "coordinates": [ [ -80.041557309538405, 40.445063789640798 ], [ -80.041723451203595, 40.445286972379698 ], [ -80.041950345630397, 40.445472081632502 ] ] } },
{ "type": "Feature", "properties": { "objectid": 667, "length": 0.0, "streets_": 0, "streets_id": 0, "code": 999, "type": 3, "id_no": 686, "oid": 685, "id": 686, "dpwn1": 0, "dpwn2": " ", "location": "Wabash St and Steuben St", "style": 3, "angle": "n", "segs": 1, "st_": "n", "street_nam": "Wabash St", "from_stree": "Wabash St", "to_street": "Steuben St", "int_": "n", "hood": 87, "hood2": " ", "l_feet": 0, "width": 5, "steps": 6, "treads": 0, "year": 0, "coded_": " ", "pix": " ", "comment": " ", "Shape__Length": 40.325484707766897 }, "geometry": { "type": "LineString", "coordinates": [ [ -80.035347202736006, 40.441642136230598 ], [ -80.035281814788902, 40.441543358110103 ] ] } },
{ "type": "Feature", "properties": { "objectid": 668, "length": 0.0, "streets_": 0, "streets_id": 0, "code": 0, "type": 2, "id_no": 427, "oid": 426, "id": 427, "dpwn1": 326, "dpwn2": " ", "location": "Radcliffe St and Stadium St", "style": 2, "angle": "y", "segs": 2, "st_": "y", "street_nam": "Radcliffe St", "from_stree": "Stadium St", "to_street": "Strickler St", "int_": "n", "hood": 69, "hood2": " ", "l_feet": 0, "width": 3, "steps": 64, "treads": 0, "year": 1950, "coded_": " ", "pix": " ", "comment": " ", "Shape__Length": 186.91233435686999 }, "geometry": { "type": "LineString", "coordinates": [ [ -80.054218002463301, 40.460855104582002 ], [ -80.054127639064504, 40.460582720586402 ], [ -80.054092018186594, 40.460556896566104 ], [ -80.053837593015601, 40.460566390102201 ] ] } },
{ "type": "Feature", "properties": { "objectid": 669, "length": 0.0, "streets_": 0, "streets_id": 0, "code": 999, "type": 4, "id_no": 687, "oid": 686, "id": 687, "dpwn1": 0, "dpwn2": " ", "location": "Dartmore St at Saw Mill Run", "style": 4, "angle": "n", "segs": 1, "st_": "n", "street_nam": "Dartmore St", "from_stree": "Saw Mill Run", "to_street": "Sinton Ave", "int_": "n", "hood": 60, "hood2": " ", "l_feet": 0, "width": 5, "steps": 25, "treads": 0, "year": 0, "coded_": " ", "pix": " ", "comment": " ", "Shape__Length": 276.40240288730803 }, "geometry": { "type": "LineString", "coordinates": [ [ -79.994752955329602, 40.386750921088499 ], [ -79.994710664218502, 40.3864097379886 ], [ -79.994709645696702, 40.385993720541002 ] ] } },
{ "type": "Feature", "properties": { "objectid": 670, "length": 0.0, "streets_": 0, "streets_id": 0, "code": 0, "type": 1, "id_no": 688, "oid": 687, "id": 688, "dpwn1": 0, "dpwn2": " ", "location": "Horning St", "style": 1, "angle": "n", "segs": 1, "st_": "y", "street_nam": "Horning St", "from_stree": "Ivyglen St", "to_street": "Lodge St", "int_": "n", "hood": 60, "hood2": " ", "l_feet": 0, "width": 4, "steps": 46, "treads": 0, "year": 0, "coded_": " ", "pix": " ", "comment": " ", "Shape__Length": 424.465078013935 }, "geometry": { "type": "LineString", "coordinates": [ [ -79.994758310845398, 40.382109934613503 ], [ -79.993237902054304, 40.382033961694901 ] ] } },
{ "type": "Feature", "properties": { "objectid": 671, "length": 0.0, "streets_": 0, "streets_id": 0, "code": 0, "type": 3, "id_no": 689, "oid": 688, "id": 689, "dpwn1": 0, "dpwn2": " ", "location": "Saint Norberts St at Ivyglen St", "style": 3, "angle": "n", "segs": 1, "st_": "n", "street_nam": "Saint Norberts St", "from_stree": "Ivyglen St", "to_street": " ", "int_": "n", "hood": 60, "hood2": " ", "l_feet": 0, "width": 4, "steps": 10, "treads": 0, "year": 0, "coded_": " ", "pix": " ", "comment": " ", "Shape__Length": 26.040856783584701 }, "geometry": { "type": "LineString", "coordinates": [ [ -79.994950971300099, 40.382272011005199 ], [ -79.994863072151205, 40.382296332217003 ] ] } },
{ "type": "Feature", "properties": { "objectid": 672, "length": 0.0, "streets_": 0, "streets_id": 0, "code": 0, "type": 3, "id_no": 690, "oid": 689, "id": 690, "dpwn1": 0, "dpwn2": " ", "location": "Lodge St at Ivyglen St", "style": 3, "angle": "n", "segs": 1, "st_": "n", "street_nam": "Lodge St", "from_stree": "Ivyglen St", "to_street": " ", "int_": "n", "hood": 60, "hood2": " ", "l_feet": 0, "width": 4, "steps": 15, "treads": 0, "year": 0, "coded_": " ", "pix": " ", "comment": " ", "Shape__Length": 61.588426848118999 }, "geometry": { "type": "LineString", "coordinates": [ [ -79.993491104140702, 40.380755225298799 ], [ -79.993430753748996, 40.380718711114099 ], [ -79.993371905036895, 40.380727391981303 ], [ -79.993344357671504, 40.380788226258197 ] ] } },
{ "type": "Feature", "properties": { "objectid": 673, "length": 0.0, "streets_": 0, "streets_id": 0, "code": 0, "type": 1, "id_no": 80, "oid": 78, "id": 80, "dpwn1": 0, "dpwn2": " ", "location": "Robinson St and Fifth Ave", "style": 1, "angle": "n", "segs": 1, "st_": "n", "street_nam": " ", "from_stree": "Robinson St", "to_street": "Burrows St", "int_": "n", "hood": 88, "hood2": " ", "l_feet": 0, "width": 4, "steps": 157, "treads": 0, "year": 0, "coded_": " ", "pix": " ", "comment": "housing authority??", "Shape__Length": 465.83554169910002 }, "geometry": { "type": "LineString", "coordinates": [ [ -79.966516606351107, 40.438690555525199 ], [ -79.966397800395498, 40.438621598124598 ], [ -79.966281625827406, 40.438632730865301 ], [ -79.966276071195907, 40.438463651417301 ], [ -79.966182313205294, 40.438447640549199 ], [ -79.966163358209101, 40.438225390942101 ], [ -79.966067846657893, 40.438155986465503 ], [ -79.9658669313106, 40.438070794128798 ], [ -79.965678539856796, 40.438012074888697 ], [ -79.965445900306804, 40.438025439888399 ] ] } },
{ "type": "Feature", "properties": { "objectid": 674, "length": 0.0, "streets_": 0, "streets_id": 0, "code": 0, "type": 1, "id_no": 21, "oid": 20, "id": 21, "dpwn1": 0, "dpwn2": " ", "location": "Yarrow St", "style": 1, "angle": "n", "segs": 1, "st_": "y", "street_nam": "Yarrow St", "from_stree": "Yarrow Way", "to_street": "Bouquet St", "int_": "n", "hood": 20, "hood2": " ", "l_feet": 0, "width": 4, "steps": 45, "treads": 0, "year": 0, "coded_": " ", "pix": " ", "comment": "closed--check ROW", "Shape__Length": 129.167051144005 }, "geometry": { "type": "LineString", "coordinates": [ [ -79.951526356986093, 40.439311178523198 ], [ -79.951247478086898, 40.439594571440999 ] ] } },
{ "type": "Feature", "properties": { "objectid": 675, "length": 0.0, "streets_": 0, "streets_id": 0, "code": 0, "type": 1, "id_no": 691, "oid": 690, "id": 691, "dpwn1": 0, "dpwn2": " ", "location": "Rosetta St", "style": 1, "angle": "n", "segs": 1, "st_": "y", "street_nam": "Rosetta St", "from_stree": "N  Pacific Ave", "to_street": "Dead end", "int_": "n", "hood": 35, "hood2": " ", "l_feet": 0, "width": 3, "steps": 22, "treads": 0, "year": 0, "coded_": " ", "pix": " ", "comment": " ", "Shape__Length": 83.980402646298998 }, "geometry": { "type": "LineString", "coordinates": [ [ -79.939316547701196, 40.467563617764 ], [ -79.939016778693002, 40.467536683158002 ] ] } },
{ "type": "Feature", "properties": { "objectid": 676, "length": 0.0, "streets_": 0, "streets_id": 0, "code": 0, "type": 3, "id_no": 692, "oid": 691, "id": 692, "dpwn1": 0, "dpwn2": " ", "location": "Hancock St", "style": 3, "angle": "n", "segs": 1, "st_": "n", "street_nam": "Hancock St", "from_stree": "Ridgway", "to_street": "Monroe St", "int_": "n", "hood": 85, "hood2": " ", "l_feet": 0, "width": 5, "steps": 66, "treads": 0, "year": 0, "coded_": " ", "pix": " ", "comment": " ", "Shape__Length": 331.745917977641 }, "geometry": { "type": "LineString", "coordinates": [ [ -79.964196350253104, 40.4559240068847 ], [ -79.963503850351501, 40.455182766250303 ] ] } },
{ "type": "Feature", "properties": { "objectid": 677, "length": 0.0, "streets_": 0, "streets_id": 0, "code": 999, "type": 4, "id_no": 693, "oid": 692, "id": 693, "dpwn1": 0, "dpwn2": " ", "location": "Kirkpatrick St", "style": 4, "angle": "n", "segs": 1, "st_": "n", "street_nam": "Kirkpatrick St", "from_stree": "Kirkpatrick St", "to_street": "Beelen St", "int_": "n", "hood": 88, "hood2": " ", "l_feet": 0, "width": 4, "steps": 5, "treads": 0, "year": 0, "coded_": " ", "pix": " ", "comment": " ", "Shape__Length": 44.282403467514101 }, "geometry": { "type": "LineString", "coordinates": [ [ -79.972604417922597, 40.4380463634593 ], [ -79.972608421386596, 40.438167880080002 ] ] } },
{ "type": "Feature", "properties": { "objectid": 678, "length": 0.0, "streets_": 0, "streets_id": 0, "code": 0, "type": 1, "id_no": 78, "oid": 76, "id": 78, "dpwn1": 211, "dpwn2": " ", "location": "Allequippa St", "style": 1, "angle": "n", "segs": 1, "st_": "y", "street_nam": "Allequippa St", "from_stree": "Allequippa St", "to_street": "Dead End", "int_": "n", "hood": 88, "hood2": " ", "l_feet": 121, "width": 5, "steps": 69, "treads": 0, "year": 1947, "coded_": " ", "pix": " ", "comment": "check ROW--housing authority?", "Shape__Length": 158.603503364272 }, "geometry": { "type": "LineString", "coordinates": [ [ -79.971886882850399, 40.438607333685397 ], [ -79.971396891212805, 40.438829542911897 ] ] } },
{ "type": "Feature", "properties": { "objectid": 679, "length": 0.0, "streets_": 0, "streets_id": 0, "code": 0, "type": 1, "id_no": 160, "oid": 158, "id": 160, "dpwn1": 238, "dpwn2": " ", "location": "Wyandotte St", "style": 1, "angle": "n", "segs": 1, "st_": "y", "street_nam": "Wyandotte St", "from_stree": "Wyandotte St", "to_street": "Terrace Village #1", "int_": "n", "hood": 88, "hood2": " ", "l_feet": 363, "width": 5, "steps": 109, "treads": 0, "year": 1949, "coded_": " ", "pix": " ", "comment": " ", "Shape__Length": 579.59644231245204 }, "geometry": { "type": "LineString", "coordinates": [ [ -79.976663532355701, 40.438682581241402 ], [ -79.974859641648493, 40.439477287282202 ] ] } },
{ "type": "Feature", "properties": { "objectid": 680, "length": 0.0, "streets_": 0, "streets_id": 0, "code": 0, "type": 1, "id_no": 694, "oid": 693, "id": 694, "dpwn1": 0, "dpwn2": " ", "location": "end of Gregory St", "style": 1, "angle": "n", "segs": 1, "st_": "n", "street_nam": " ", "from_stree": "Pius St", "to_street": "Gregory St", "int_": "n", "hood": 73, "hood2": " ", "l_feet": 0, "width": 4, "steps": 18, "treads": 0, "year": 0, "coded_": " ", "pix": " ", "comment": " ", "Shape__Length": 111.286001279635 }, "geometry": { "type": "LineString", "coordinates": [ [ -79.981752502567403, 40.424483410088001 ], [ -79.981778620962103, 40.424178582341 ] ] } },
{ "type": "Feature", "properties": { "objectid": 681, "length": 0.0, "streets_": 0, "streets_id": 0, "code": 0, "type": 1, "id_no": 695, "oid": 694, "id": 695, "dpwn1": 0, "dpwn2": " ", "location": "Bigelow Blvd at Frank Curto Park", "style": 1, "angle": "n", "segs": 1, "st_": "n", "street_nam": " ", "from_stree": "near Stockholm St", "to_street": "Bigelow Blvd (park)", "int_": "n", "hood": 80, "hood2": " ", "l_feet": 0, "width": 5, "steps": 65, "treads": 0, "year": 0, "coded_": " ", "pix": " ", "comment": "closed off", "Shape__Length": 156.12532167239499 }, "geometry": { "type": "LineString", "coordinates": [ [ -79.975804885061805, 40.452239736024303 ], [ -79.976223702110701, 40.452524874522702 ] ] } },
{ "type": "Feature", "properties": { "objectid": 682, "length": 0.0, "streets_": 0, "streets_id": 0, "code": 999, "type": 1, "id_no": 119, "oid": 117, "id": 119, "dpwn1": 240, "dpwn2": " ", "location": "Bigelow Blvd", "style": 1, "angle": "n", "segs": 1, "st_": "n", "street_nam": " ", "from_stree": "Bigelow Blvd", "to_street": "Kirkpatrick St", "int_": "n", "hood": 7, "hood2": " ", "l_feet": 335, "width": 4, "steps": 115, "treads": 0, "year": 1949, "coded_": " ", "pix": " ", "comment": "Bigelow up hill about opposite 24th st", "Shape__Length": 535.37308213891799 }, "geometry": { "type": "LineString", "coordinates": [ [ -79.979400279860101, 40.450313474523099 ], [ -79.979109316801399, 40.450025881561899 ], [ -79.979501660478107, 40.449510091353403 ], [ -79.979129470101597, 40.449087236275702 ] ] } },
{ "type": "Feature", "properties": { "objectid": 683, "length": 0.0, "streets_": 0, "streets_id": 0, "code": 0, "type": 7, "id_no": 696, "oid": 695, "id": 696, "dpwn1": 0, "dpwn2": " ", "location": "Rutherford Ave (end)", "style": 7, "angle": "n", "segs": 1, "st_": "n", "street_nam": "Rutherford Ave", "from_stree": "Rutherford Ave", "to_street": " ", "int_": "n", "hood": 8, "hood2": " ", "l_feet": 0, "width": 3, "steps": 29, "treads": 0, "year": 0, "coded_": " ", "pix": " ", "comment": " ", "Shape__Length": 53.322246792202399 }, "geometry": { "type": "LineString", "coordinates": [ [ -80.026457758793498, 40.408134047810499 ], [ -80.026452823486807, 40.407987726242197 ] ] } },
{ "type": "Feature", "properties": { "objectid": 684, "length": 0.0, "streets_": 0, "streets_id": 0, "code": 0, "type": 2, "id_no": 697, "oid": 696, "id": 697, "dpwn1": 19, "dpwn2": " ", "location": "56th St", "style": 2, "angle": "n", "segs": 1, "st_": "y", "street_nam": "56th St", "from_stree": "Celadine St", "to_street": "Alford Way", "int_": "n", "hood": 86, "hood2": " ", "l_feet": 36, "width": 3, "steps": 8, "treads": 13, "year": 1940, "coded_": " ", "pix": " ", "comment": "path part way", "Shape__Length": 107.505342744659 }, "geometry": { "type": "LineString", "coordinates": [ [ -79.944136793469696, 40.482082185917903 ], [ -79.944416775442406, 40.4822856042571 ] ] } },
{ "type": "Feature", "properties": { "objectid": 685, "length": 0.0, "streets_": 0, "streets_id": 0, "code": 0, "type": 1, "id_no": 698, "oid": 697, "id": 698, "dpwn1": 35, "dpwn2": " ", "location": "56th St", "style": 1, "angle": "n", "segs": 1, "st_": "y", "street_nam": "56th St", "from_stree": "Wycliff St", "to_street": "Celadine St", "int_": "n", "hood": 79, "hood2": " ", "l_feet": 383, "width": 5, "steps": 119, "treads": 0, "year": 1946, "coded_": " ", "pix": " ", "comment": " ", "Shape__Length": 246.20596449475099 }, "geometry": { "type": "LineString", "coordinates": [ [ -79.945086658902497, 40.481870335960402 ], [ -79.945688567685806, 40.4823658273611 ] ] } },
{ "type": "Feature", "properties": { "objectid": 686, "length": 0.0, "streets_": 0, "streets_id": 0, "code": 0, "type": 3, "id_no": 699, "oid": 698, "id": 699, "dpwn1": 0, "dpwn2": "35", "location": "56th St", "style": 3, "angle": "n", "segs": 1, "st_": "n", "street_nam": "56th St", "from_stree": "Duncan St", "to_street": "Wycliff St", "int_": "n", "hood": 86, "hood2": " ", "l_feet": 0, "width": 5, "steps": 26, "treads": 0, "year": 0, "coded_": " ", "pix": " ", "comment": " ", "Shape__Length": 181.47366121863999 }, "geometry": { "type": "LineString", "coordinates": [ [ -79.946132432308104, 40.482804679918303 ], [ -79.945710022593701, 40.482425057527202 ] ] } },
{ "type": "Feature", "properties": { "objectid": 687, "length": 0.0, "streets_": 0, "streets_id": 0, "code": 999, "type": 2, "id_no": 700, "oid": 699, "id": 700, "dpwn1": 0, "dpwn2": " ", "location": "Blvd of the Allies at Parkview Av", "style": 2, "angle": "y", "segs": 1, "st_": "n", "street_nam": " ", "from_stree": "Juno St", "to_street": "Blvd of the Allies", "int_": "n", "hood": 20, "hood2": " ", "l_feet": 0, "width": 3, "steps": 73, "treads": 0, "year": 0, "coded_": " ", "pix": " ", "comment": " ", "Shape__Length": 268.68361402680699 }, "geometry": { "type": "LineString", "coordinates": [ [ -79.951669607839406, 40.434373401667898 ], [ -79.951074122004599, 40.434482836176102 ], [ -79.950997123707197, 40.434745875134801 ] ] } },
{ "type": "Feature", "properties": { "objectid": 688, "length": 0.0, "streets_": 0, "streets_id": 0, "code": 0, "type": 4, "id_no": 170, "oid": 168, "id": 170, "dpwn1": 0, "dpwn2": " ", "location": "Yoder St", "style": 4, "angle": "n", "segs": 3, "st_": "n", "street_nam": " ", "from_stree": "Alvin St", "to_street": "Kearcher St", "int_": "n", "hood": 37, "hood2": " ", "l_feet": 366, "width": 4, "steps": 128, "treads": 0, "year": 0, "coded_": " ", "pix": "y", "comment": " ", "Shape__Length": 501.93144742264502 }, "geometry": { "type": "LineString", "coordinates": [ [ -79.947558838124607, 40.423349897749603 ], [ -79.947808894015097, 40.4238741976461 ], [ -79.947889821522907, 40.4240257521529 ], [ -79.948024202274496, 40.424216808866298 ], [ -79.948142063091595, 40.424353249401499 ], [ -79.948177533306804, 40.424426945049397 ], [ -79.948166784983698, 40.424623923790399 ] ] } },
{ "type": "Feature", "properties": { "objectid": 689, "length": 0.0, "streets_": 0, "streets_id": 0, "code": 0, "type": 4, "id_no": 209, "oid": 207, "id": 209, "dpwn1": 435, "dpwn2": " ", "location": "Sterling St", "style": 4, "angle": "n", "segs": 5, "st_": "n", "street_nam": " ", "from_stree": "Mission St", "to_street": "Wellington St", "int_": "n", "hood": 73, "hood2": " ", "l_feet": 529, "width": 4, "steps": 202, "treads": 0, "year": 1951, "coded_": " ", "pix": " ", "comment": " ", "Shape__Length": 840.17790621068798 }, "geometry": { "type": "LineString", "coordinates": [ [ -79.973921133069396, 40.423161643534399 ], [ -79.973950868903401, 40.422721520103998 ], [ -79.973996084452693, 40.422303639709497 ], [ -79.974035100168607, 40.422145101050603 ], [ -79.974025076963201, 40.421840989408601 ], [ -79.9739796393674, 40.421357230852301 ], [ -79.973963305899105, 40.420861641429397 ] ] } },
{ "type": "Feature", "properties": { "objectid": 690, "length": 0.0, "streets_": 0, "streets_id": 0, "code": 0, "type": 1, "id_no": 262, "oid": 261, "id": 262, "dpwn1": 471, "dpwn2": " ", "location": "Mary St", "style": 1, "angle": "n", "segs": 1, "st_": "y", "street_nam": "Mary St", "from_stree": "Mary St", "to_street": "Handler St", "int_": "n", "hood": 73, "hood2": " ", "l_feet": 209, "width": 4, "steps": 121, "treads": 0, "year": 1950, "coded_": "y", "pix": " ", "comment": " ", "Shape__Length": 187.983307920595 }, "geometry": { "type": "LineString", "coordinates": [ [ -79.963413890496795, 40.421394307720902 ], [ -79.962924658093698, 40.421038687635701 ] ] } },
{ "type": "Feature", "properties": { "objectid": 691, "length": 0.0, "streets_": 0, "streets_id": 0, "code": 0, "type": 1, "id_no": 263, "oid": 262, "id": 263, "dpwn1": 480, "dpwn2": " ", "location": "Jane St", "style": 1, "angle": "n", "segs": 2, "st_": "n", "street_nam": " ", "from_stree": "Jane St", "to_street": "Mary St", "int_": "n", "hood": 73, "hood2": " ", "l_feet": 380, "width": 4, "steps": 114, "treads": 58, "year": 1947, "coded_": "y", "pix": " ", "comment": " ", "Shape__Length": 265.930582922177 }, "geometry": { "type": "LineString", "coordinates": [ [ -79.962807407210306, 40.4219939694513 ], [ -79.9634150869677, 40.421430784050997 ] ] } },
{ "type": "Feature", "properties": { "objectid": 692, "length": 0.0, "streets_": 0, "streets_id": 0, "code": 0, "type": 1, "id_no": 203, "oid": 201, "id": 203, "dpwn1": 0, "dpwn2": " ", "location": "St Thomas St", "style": 1, "angle": "n", "segs": 2, "st_": "y", "street_nam": "St Thomas St", "from_stree": "Pius St", "to_street": "Hackstown St", "int_": "n", "hood": 73, "hood2": " ", "l_feet": 199, "width": 4, "steps": 193, "treads": 126, "year": 0, "coded_": "y", "pix": " ", "comment": " ", "Shape__Length": 209.469160120742 }, "geometry": { "type": "LineString", "coordinates": [ [ -79.985047084298202, 40.424191617567502 ], [ -79.984831769821099, 40.424572011395497 ], [ -79.984791404707806, 40.424729554099798 ] ] } },
{ "type": "Feature", "properties": { "objectid": 693, "length": 0.0, "streets_": 0, "streets_id": 0, "code": 999, "type": 1, "id_no": 195, "oid": 193, "id": 195, "dpwn1": 564, "dpwn2": " ", "location": "S 18th St opposite St Patrick St", "style": 1, "angle": "n", "segs": 1, "st_": "n", "street_nam": " ", "from_stree": "S 18th St", "to_street": "St Paul St", "int_": "n", "hood": 73, "hood2": " ", "l_feet": 115, "width": 4, "steps": 76, "treads": 0, "year": 1970, "coded_": "y", "pix": " ", "comment": " ", "Shape__Length": 126.52317515780599 }, "geometry": { "type": "LineString", "coordinates": [ [ -79.982501447781402, 40.421509698029901 ], [ -79.982306715260407, 40.421823501132899 ] ] } },
{ "type": "Feature", "properties": { "objectid": 694, "length": 0.0, "streets_": 0, "streets_id": 0, "code": 0, "type": 1, "id_no": 192, "oid": 190, "id": 192, "dpwn1": 413, "dpwn2": " ", "location": "Oporto St", "style": 1, "angle": "y", "segs": 1, "st_": "y", "street_nam": "Oporto St", "from_stree": "Roscoe St", "to_street": "Baldauf St", "int_": "n", "hood": 73, "hood2": " ", "l_feet": 112, "width": 4, "steps": 124, "treads": 60, "year": 1950, "coded_": "y", "pix": " ", "comment": " ", "Shape__Length": 206.63085386164201 }, "geometry": { "type": "LineString", "coordinates": [ [ -79.979388535968994, 40.422897061449198 ], [ -79.979275804488097, 40.4229340727492 ], [ -79.979224682083299, 40.423318254425197 ], [ -79.979125845713497, 40.423361964627198 ] ] } },
{ "type": "Feature", "properties": { "objectid": 695, "length": 0.0, "streets_": 0, "streets_id": 0, "code": 0, "type": 1, "id_no": 206, "oid": 204, "id": 206, "dpwn1": 0, "dpwn2": " ", "location": "Owl Way", "style": 1, "angle": "y", "segs": 1, "st_": "y", "street_nam": "Owl Way", "from_stree": "Windom St", "to_street": "Hartford St", "int_": "n", "hood": 73, "hood2": "3", "l_feet": 444, "width": 5, "steps": 130, "treads": 136, "year": 1946, "coded_": "y", "pix": " ", "comment": " ", "Shape__Length": 455.95872197153102 }, "geometry": { "type": "LineString", "coordinates": [ [ -79.989478325637805, 40.424896583264598 ], [ -79.989500608612303, 40.425293281944001 ], [ -79.989295235355897, 40.425697876944298 ], [ -79.9890524916906, 40.426075326948101 ] ] } },
{ "type": "Feature", "properties": { "objectid": 696, "length": 0.0, "streets_": 0, "streets_id": 0, "code": 0, "type": 1, "id_no": 227, "oid": 225, "id": 227, "dpwn1": 398, "dpwn2": " ", "location": "Windom St near Owl Way", "style": 1, "angle": "y", "segs": 1, "st_": "n", "street_nam": " ", "from_stree": "Windom St", "to_street": "Newton St", "int_": "n", "hood": 73, "hood2": "3", "l_feet": 212, "width": 4, "steps": 130, "treads": 203, "year": 1946, "coded_": "y", "pix": "y", "comment": " ", "Shape__Length": 303.38957933724703 }, "geometry": { "type": "LineString", "coordinates": [ [ -79.989204439545205, 40.426121152487397 ], [ -79.989471115200999, 40.425778074276501 ], [ -79.989957180231599, 40.426002052754903 ] ] } },
{ "type": "Feature", "properties": { "objectid": 697, "length": 0.0, "streets_": 0, "streets_id": 0, "code": 0, "type": 1, "id_no": 292, "oid": 291, "id": 292, "dpwn1": 574, "dpwn2": " ", "location": "Chestnut St", "style": 1, "angle": "n", "segs": 1, "st_": "y", "street_nam": "Chestnut St", "from_stree": "Itin St", "to_street": "Vista St", "int_": "n", "hood": 26, "hood2": " ", "l_feet": 174, "width": 5, "steps": 97, "treads": 44, "year": 1944, "coded_": " ", "pix": "y", "comment": " ", "Shape__Length": 161.463471999376 }, "geometry": { "type": "LineString", "coordinates": [ [ -79.995783063283199, 40.458622540318302 ], [ -79.995652615639798, 40.458272582230698 ], [ -79.995564409001105, 40.458230670563502 ] ] } },
{ "type": "Feature", "properties": { "objectid": 698, "length": 0.0, "streets_": 0, "streets_id": 0, "code": 0, "type": 1, "id_no": 229, "oid": 227, "id": 229, "dpwn1": 0, "dpwn2": "465", "location": "Emerald Way", "style": 1, "angle": "y", "segs": 2, "st_": "y", "street_nam": "Emerald Way", "from_stree": "Arlington Ave", "to_street": "Excelsior St", "int_": "n", "hood": 3, "hood2": " ", "l_feet": 240, "width": 4, "steps": 100, "treads": 100, "year": 1945, "coded_": "y", "pix": " ", "comment": " ", "Shape__Length": 144.338311631008 }, "geometry": { "type": "LineString", "coordinates": [ [ -79.991792251240895, 40.422801437450097 ], [ -79.991692155577795, 40.422620614844398 ], [ -79.991557098570695, 40.4224494589523 ] ] } },
{ "type": "Feature", "properties": { "objectid": 699, "length": 0.0, "streets_": 0, "streets_id": 0, "code": 999, "type": 1, "id_no": 701, "oid": 700, "id": 701, "dpwn1": 0, "dpwn2": " ", "location": "Second Ave", "style": 1, "angle": "n", "segs": 1, "st_": "n", "street_nam": " ", "from_stree": "Second Ave", "to_street": "Bohem St", "int_": "n", "hood": 70, "hood2": " ", "l_feet": 0, "width": 5, "steps": 277, "treads": 0, "year": 0, "coded_": " ", "pix": " ", "comment": "(closed) bridge over Parkway East", "Shape__Length": 608.93243152846196 }, "geometry": { "type": "LineString", "coordinates": [ [ -79.955487006016895, 40.427663415953802 ], [ -79.955451266816297, 40.427620370500897 ], [ -79.955018514216505, 40.427860387051901 ], [ -79.954960186909005, 40.427826518076898 ], [ -79.954932451349094, 40.427853283992299 ], [ -79.955042959108695, 40.427908020955101 ], [ -79.954778039119105, 40.428206052038597 ], [ -79.954819068314805, 40.428235878444802 ], [ -79.954791046932698, 40.428253904241899 ], [ -79.954476100128701, 40.428246795604203 ], [ -79.954297533352204, 40.428385758280797 ], [ -79.954286096293998, 40.4283859764829 ], [ -79.954157996317903, 40.428493366730898 ] ] } },
{ "type": "Feature", "properties": { "objectid": 700, "length": 0.0, "streets_": 0, "streets_id": 0, "code": 0, "type": 3, "id_no": 231, "oid": 229, "id": 231, "dpwn1": 418, "dpwn2": " ", "location": "S 12th St and Brosville Rd", "style": 3, "angle": "y", "segs": 1, "st_": "n", "street_nam": "Brossville Rd", "from_stree": "Welsh Way", "to_street": "Pius St", "int_": "n", "hood": 73, "hood2": " ", "l_feet": 279, "width": 8, "steps": 42, "treads": 0, "year": 1950, "coded_": " ", "pix": " ", "comment": " ", "Shape__Length": 215.745264744011 }, "geometry": { "type": "LineString", "coordinates": [ [ -79.985508386362895, 40.4254470916676 ], [ -79.984923583448094, 40.425058520301299 ] ] } },
{ "type": "Feature", "properties": { "objectid": 701, "length": 0.0, "streets_": 0, "streets_id": 0, "code": 0, "type": 5, "id_no": 702, "oid": 701, "id": 702, "dpwn1": 0, "dpwn2": " ", "location": "S 15th St", "style": 5, "angle": "n", "segs": 1, "st_": "n", "street_nam": "S 15th St", "from_stree": "Clinton St", "to_street": "Pius St", "int_": "n", "hood": 73, "hood2": " ", "l_feet": 0, "width": 4, "steps": 32, "treads": 0, "year": 0, "coded_": " ", "pix": " ", "comment": " ", "Shape__Length": 92.997425097755297 }, "geometry": { "type": "LineString", "coordinates": [ [ -79.983705953199205, 40.425035570270403 ], [ -79.9837584508021, 40.4247834643567 ] ] } },
{ "type": "Feature", "properties": { "objectid": 702, "length": 0.0, "streets_": 0, "streets_id": 0, "code": 0, "type": 2, "id_no": 703, "oid": 702, "id": 703, "dpwn1": 0, "dpwn2": " ", "location": "S 15th St", "style": 2, "angle": "n", "segs": 1, "st_": "y", "street_nam": "S 15th St", "from_stree": "S 15th St", "to_street": "Clinton St", "int_": "n", "hood": 73, "hood2": "72", "l_feet": 0, "width": 3, "steps": 120, "treads": 0, "year": 0, "coded_": " ", "pix": " ", "comment": " ", "Shape__Length": 232.07031371652101 }, "geometry": { "type": "LineString", "coordinates": [ [ -79.983684400267606, 40.425119683940402 ], [ -79.983590804535396, 40.425233089425902 ], [ -79.983554158628706, 40.425596484709303 ], [ -79.9836399010496, 40.425613426368599 ], [ -79.983555696830194, 40.425642953279102 ] ] } },
{ "type": "Feature", "properties": { "objectid": 703, "length": 0.0, "streets_": 0, "streets_id": 0, "code": 0, "type": 7, "id_no": 704, "oid": 703, "id": 704, "dpwn1": 0, "dpwn2": " ", "location": "Hartford St", "style": 7, "angle": "n", "segs": 1, "st_": "n", "street_nam": "Hartford St", "from_stree": "Hartford St", "to_street": "Hartford St", "int_": "n", "hood": 73, "hood2": " ", "l_feet": 0, "width": 3, "steps": 20, "treads": 0, "year": 0, "coded_": " ", "pix": " ", "comment": " ", "Shape__Length": 57.5750299387146 }, "geometry": { "type": "LineString", "coordinates": [ [ -79.988595251011404, 40.424959535516003 ], [ -79.988388515959699, 40.424963541139803 ] ] } },
{ "type": "Feature", "properties": { "objectid": 704, "length": 0.0, "streets_": 0, "streets_id": 0, "code": 999, "type": 1, "id_no": 705, "oid": 704, "id": 705, "dpwn1": 0, "dpwn2": " ", "location": "Noblestown Rd near Weaver", "style": 1, "angle": "y", "segs": 1, "st_": "n", "street_nam": " ", "from_stree": "McCartney St", "to_street": "Noblestown Rd", "int_": "n", "hood": 89, "hood2": " ", "l_feet": 0, "width": 4, "steps": 115, "treads": 0, "year": 0, "coded_": " ", "pix": " ", "comment": "unique style", "Shape__Length": 133.53298173146399 }, "geometry": { "type": "LineString", "coordinates": [ [ -80.039220910168495, 40.436633418189999 ], [ -80.039551212441395, 40.436367598315996 ] ] } },
{ "type": "Feature", "properties": { "objectid": 705, "length": 0.0, "streets_": 0, "streets_id": 0, "code": 999, "type": 4, "id_no": 706, "oid": 705, "id": 706, "dpwn1": 0, "dpwn2": " ", "location": "Dengler St", "style": 4, "angle": "n", "segs": 1, "st_": "n", "street_nam": "Dengler St", "from_stree": "Arlington Ave", "to_street": "Dengler St", "int_": "n", "hood": 4, "hood2": " ", "l_feet": 0, "width": 3, "steps": 14, "treads": 0, "year": 0, "coded_": " ", "pix": " ", "comment": " ", "Shape__Length": 194.026559662159 }, "geometry": { "type": "LineString", "coordinates": [ [ -79.967705659937707, 40.416997883154004 ], [ -79.967713036939202, 40.416465308554002 ] ] } },
{ "type": "Feature", "properties": { "objectid": 706, "length": 0.0, "streets_": 0, "streets_id": 0, "code": 0, "type": 1, "id_no": 707, "oid": 706, "id": 707, "dpwn1": 0, "dpwn2": " ", "location": "Edgerton Ave", "style": 1, "angle": "n", "segs": 1, "st_": "y", "street_nam": "Edgerton Ave", "from_stree": "Hastings St", "to_street": "S. Linden Ave", "int_": "n", "hood": 63, "hood2": " ", "l_feet": 0, "width": 3, "steps": 27, "treads": 0, "year": 0, "coded_": " ", "pix": " ", "comment": "quite different", "Shape__Length": 139.963018439938 }, "geometry": { "type": "LineString", "coordinates": [ [ -79.914339984842698, 40.449087827941497 ], [ -79.914310624313799, 40.449143922986998 ], [ -79.9146792890933, 40.449303654275099 ] ] } },
{ "type": "Feature", "properties": { "objectid": 707, "length": 0.0, "streets_": 0, "streets_id": 0, "code": 0, "type": 1, "id_no": 708, "oid": 707, "id": 708, "dpwn1": 0, "dpwn2": " ", "location": "Federal Hill Ave", "style": 1, "angle": "y", "segs": 1, "st_": "y", "street_nam": "Federal Hill Ave", "from_stree": "Saline St", "to_street": "Luwick St", "int_": "n", "hood": 77, "hood2": " ", "l_feet": 0, "width": 3, "steps": 8, "treads": 0, "year": 0, "coded_": " ", "pix": " ", "comment": "long path then steps", "Shape__Length": 202.21259523003201 }, "geometry": { "type": "LineString", "coordinates": [ [ -79.925112326083706, 40.421031893017499 ], [ -79.925785310445306, 40.421016525266602 ], [ -79.925790136967194, 40.421056857654897 ] ] } },
{ "type": "Feature", "properties": { "objectid": 708, "length": 0.0, "streets_": 0, "streets_id": 0, "code": 0, "type": 1, "id_no": 709, "oid": 708, "id": 709, "dpwn1": 0, "dpwn2": " ", "location": "Luella St", "style": 1, "angle": "n", "segs": 1, "st_": "n", "street_nam": " ", "from_stree": "Luella St", "to_street": "Heim St", "int_": "n", "hood": 75, "hood2": " ", "l_feet": 0, "width": 4, "steps": 75, "treads": 0, "year": 1950, "coded_": " ", "pix": " ", "comment": " ", "Shape__Length": 118.677997574274 }, "geometry": { "type": "LineString", "coordinates": [ [ -79.999565473978095, 40.468443727819299 ], [ -79.999838233482606, 40.468338192967998 ], [ -79.999773472516495, 40.468260326741898 ] ] } },
{ "type": "Feature", "properties": { "objectid": 709, "length": 0.0, "streets_": 0, "streets_id": 0, "code": 0, "type": 2, "id_no": 710, "oid": 709, "id": 710, "dpwn1": 0, "dpwn2": " ", "location": "Maeburn Rd at Sunappe Way", "style": 2, "angle": "n", "segs": 1, "st_": "y", "street_nam": "Sunapee Way", "from_stree": "Maeburn Rd", "to_street": "Shady Ave", "int_": "n", "hood": 77, "hood2": " ", "l_feet": 0, "width": 4, "steps": 30, "treads": 0, "year": 0, "coded_": " ", "pix": " ", "comment": " ", "Shape__Length": 129.71113963838499 }, "geometry": { "type": "LineString", "coordinates": [ [ -79.924124350390699, 40.428324639725801 ], [ -79.923681545624007, 40.428213866087198 ] ] } },
{ "type": "Feature", "properties": { "objectid": 710, "length": 0.0, "streets_": 0, "streets_id": 0, "code": 999, "type": 1, "id_no": 711, "oid": 710, "id": 711, "dpwn1": 0, "dpwn2": " ", "location": "Milo St. at Cape May Ave.", "style": 1, "angle": "n", "segs": 1, "st_": "y", "street_nam": "Milo St.", "from_stree": "Cape May Ave.", "to_street": "Suburban Ave.", "int_": "n", "hood": 8, "hood2": " ", "l_feet": 0, "width": 4, "steps": 96, "treads": 0, "year": 2002, "coded_": " ", "pix": " ", "comment": " ", "Shape__Length": 207.20089824433501 }, "geometry": { "type": "LineString", "coordinates": [ [ -80.020411683504605, 40.409716096962001 ], [ -80.019919287474593, 40.410142512118199 ] ] } },
{ "type": "Feature", "properties": { "objectid": 711, "length": 0.0, "streets_": 0, "streets_id": 0, "code": 0, "type": 2, "id_no": 712, "oid": 711, "id": 712, "dpwn1": 0, "dpwn2": " ", "location": "Yew St", "style": 2, "angle": "n", "segs": 1, "st_": "y", "street_nam": "Yew St.", "from_stree": "Gross St.", "to_street": "Yew St.", "int_": "n", "hood": 10, "hood2": " ", "l_feet": 0, "width": 0, "steps": 30, "treads": 0, "year": 0, "coded_": " ", "pix": " ", "comment": " ", "Shape__Length": 80.991651548331802 }, "geometry": { "type": "LineString", "coordinates": [ [ -79.946829328141106, 40.457722787253203 ], [ -79.946589759108406, 40.457596536653199 ] ] } },
{ "type": "Feature", "properties": { "objectid": 712, "length": 0.0, "streets_": 7926, "streets_id": 13, "code": 1081, "type": 1, "id_no": 19, "oid": 18, "id": 19, "dpwn1": 223, "dpwn2": " ", "location": "Joncaire St at Isis Way", "style": 1, "angle": "n", "segs": 1, "st_": "n", "street_nam": " ", "from_stree": "Joncaire St", "to_street": "Frick Art Museum", "int_": "n", "hood": 20, "hood2": " ", "l_feet": 216, "width": 4, "steps": 136, "treads": 216, "year": 1949, "coded_": "y", "pix": " ", "comment": " ", "Shape__Length": 218.52020777186701 }, "geometry": { "type": "LineString", "coordinates": [ [ -79.950659831003904, 40.440480114064698 ], [ -79.950605476899, 40.4410785120212 ] ] } },
{ "type": "Feature", "properties": { "objectid": 713, "length": 0.0, "streets_": 0, "streets_id": 0, "code": 0, "type": 5, "id_no": 713, "oid": 712, "id": 713, "dpwn1": 0, "dpwn2": " ", "location": "Frank St", "style": 5, "angle": "n", "segs": 2, "st_": "n", "street_nam": " ", "from_stree": "Loretta St", "to_street": "Exeter St", "int_": "n", "hood": 37, "hood2": " ", "l_feet": 0, "width": 4, "steps": 72, "treads": 0, "year": 0, "coded_": " ", "pix": " ", "comment": " ", "Shape__Length": 326.71059617250103 }, "geometry": { "type": "LineString", "coordinates": [ [ -79.933221642933802, 40.420208274832703 ], [ -79.933495798448007, 40.421080276827297 ] ] } },
{ "type": "Feature", "properties": { "objectid": 714, "length": 0.0, "streets_": 0, "streets_id": 0, "code": 0, "type": 0, "id_no": 714, "oid": 713, "id": 714, "dpwn1": 0, "dpwn2": " ", "location": "Frank St", "style": 4, "angle": "n", "segs": 1, "st_": "n", "street_nam": " ", "from_stree": "Melbourne St", "to_street": "Millington St", "int_": "n", "hood": 37, "hood2": " ", "l_feet": 0, "width": 3, "steps": 11, "treads": 0, "year": 0, "coded_": " ", "pix": " ", "comment": " ", "Shape__Length": 140.93417859429499 }, "geometry": { "type": "LineString", "coordinates": [ [ -79.933737296134396, 40.421873107059099 ], [ -79.933909193791607, 40.422236982369398 ] ] } },
{ "type": "Feature", "properties": { "objectid": 715, "length": 0.0, "streets_": 0, "streets_id": 0, "code": 0, "type": 0, "id_no": 715, "oid": 714, "id": 715, "dpwn1": 0, "dpwn2": " ", "location": "Granite Street", "style": 1, "angle": "n", "segs": 1, "st_": "y", "street_nam": "Granite Street", "from_stree": "Crockett", "to_street": "Orbin", "int_": "n", "hood": 25, "hood2": " ", "l_feet": 0, "width": 4, "steps": 26, "treads": 0, "year": 0, "coded_": " ", "pix": " ", "comment": " ", "Shape__Length": 140.61442351529999 }, "geometry": { "type": "LineString", "coordinates": [ [ -79.966015208500593, 40.451024834704697 ], [ -79.966022264225401, 40.451034970786203 ], [ -79.966268204067504, 40.4513589386627 ] ] } },
{ "type": "Feature", "properties": { "objectid": 716, "length": 0.0, "streets_": 0, "streets_id": 0, "code": 0, "type": 0, "id_no": 716, "oid": 715, "id": 716, "dpwn1": 0, "dpwn2": " ", "location": " ", "style": 3, "angle": "n", "segs": 1, "st_": "n", "street_nam": " ", "from_stree": "Orbin St", "to_street": "Orbin St", "int_": "n", "hood": 25, "hood2": " ", "l_feet": 0, "width": 5, "steps": 20, "treads": 0, "year": 0, "coded_": " ", "pix": " ", "comment": " ", "Shape__Length": 195.921907956311 }, "geometry": { "type": "LineString", "coordinates": [ [ -79.966296933209605, 40.451414880267102 ], [ -79.965644756721304, 40.4516174046679 ] ] } },
{ "type": "Feature", "properties": { "objectid": 717, "length": 0.0, "streets_": 0, "streets_id": 0, "code": 0, "type": 0, "id_no": 717, "oid": 716, "id": 717, "dpwn1": 0, "dpwn2": " ", "location": "Custer Street", "style": 3, "angle": "n", "segs": 1, "st_": "n", "street_nam": " ", "from_stree": "Kirk St", "to_street": "Spencer St", "int_": "n", "hood": 16, "hood2": " ", "l_feet": 0, "width": 4, "steps": 25, "treads": 0, "year": 0, "coded_": " ", "pix": " ", "comment": " ", "Shape__Length": 142.11122071011499 }, "geometry": { "type": "LineString", "coordinates": [ [ -79.977133495489099, 40.392942776277401 ], [ -79.976634785302295, 40.393025105065398 ] ] } },
{ "type": "Feature", "properties": { "objectid": 718, "length": 0.0, "streets_": 0, "streets_id": 0, "code": 0, "type": 0, "id_no": 718, "oid": 717, "id": 718, "dpwn1": 0, "dpwn2": " ", "location": "Viola St", "style": 7, "angle": "n", "segs": 1, "st_": "n", "street_nam": " ", "from_stree": "Catoctin St", "to_street": "Watson St", "int_": "n", "hood": 61, "hood2": " ", "l_feet": 0, "width": 3, "steps": 48, "treads": 0, "year": 0, "coded_": " ", "pix": " ", "comment": " ", "Shape__Length": 139.51019353473299 }, "geometry": { "type": "LineString", "coordinates": [ [ -80.011132426126196, 40.4779071281271 ], [ -80.011057839079001, 40.4782858214543 ] ] } },
{ "type": "Feature", "properties": { "objectid": 719, "length": 0.0, "streets_": 0, "streets_id": 0, "code": 0, "type": 0, "id_no": 719, "oid": 718, "id": 719, "dpwn1": 0, "dpwn2": " ", "location": "Wadlow St", "style": 10, "angle": "n", "segs": 1, "st_": "n", "street_nam": " ", "from_stree": "Embury St", "to_street": "Rancheria St", "int_": "n", "hood": 50, "hood2": " ", "l_feet": 0, "width": 3, "steps": 24, "treads": 0, "year": 0, "coded_": " ", "pix": " ", "comment": " ", "Shape__Length": 224.99670722510601 }, "geometry": { "type": "LineString", "coordinates": [ [ -80.029684219088395, 40.472856416584101 ], [ -80.029876052206603, 40.473456401973699 ] ] } },
{ "type": "Feature", "properties": { "objectid": 720, "length": 0.0, "streets_": 0, "streets_id": 0, "code": 0, "type": 0, "id_no": 720, "oid": 719, "id": 720, "dpwn1": 0, "dpwn2": " ", "location": "Complete St", "style": 2, "angle": "n", "segs": 1, "st_": "y", "street_nam": "Complete St", "from_stree": "Complete St", "to_street": "Geyer Ave", "int_": "n", "hood": 50, "hood2": " ", "l_feet": 0, "width": 3, "steps": 63, "treads": 0, "year": 0, "coded_": " ", "pix": " ", "comment": " ", "Shape__Length": 121.373497262219 }, "geometry": { "type": "LineString", "coordinates": [ [ -80.033252725367603, 40.4733780643354 ], [ -80.033688993547401, 40.473377196282797 ] ] } },
{ "type": "Feature", "properties": { "objectid": 721, "length": 0.0, "streets_": 0, "streets_id": 0, "code": 0, "type": 0, "id_no": 721, "oid": 720, "id": 721, "dpwn1": 0, "dpwn2": " ", "location": "Winnhurst St", "style": 2, "angle": "n", "segs": 1, "st_": "y", "street_nam": "Winnhurst St", "from_stree": "Winnhurst St", "to_street": "Brighton Ave", "int_": "n", "hood": 13, "hood2": " ", "l_feet": 0, "width": 5, "steps": 10, "treads": 0, "year": 0, "coded_": " ", "pix": " ", "comment": " ", "Shape__Length": 271.348451918357 }, "geometry": { "type": "LineString", "coordinates": [ [ -80.043570885176507, 40.488646569153701 ], [ -80.042974036784003, 40.4892357536731 ] ] } },
{ "type": "Feature", "properties": { "objectid": 722, "length": 0.0, "streets_": 0, "streets_id": 0, "code": 0, "type": 0, "id_no": 722, "oid": 721, "id": 722, "dpwn1": 0, "dpwn2": " ", "location": "Zara St", "style": 2, "angle": "n", "segs": 1, "st_": "y", "street_nam": "Zara St", "from_stree": "Zara St", "to_street": "Belzhoover", "int_": "n", "hood": 44, "hood2": " ", "l_feet": 0, "width": 4, "steps": 12, "treads": 0, "year": 0, "coded_": " ", "pix": " ", "comment": " ", "Shape__Length": 24.8601893083564 }, "geometry": { "type": "LineString", "coordinates": [ [ -79.997045928004596, 40.415688365149599 ], [ -79.997135150820498, 40.415685879412599 ] ] } },
{ "type": "Feature", "properties": { "objectid": 723, "length": 0.0, "streets_": 0, "streets_id": 0, "code": 999, "type": 0, "id_no": 723, "oid": 722, "id": 723, "dpwn1": 0, "dpwn2": " ", "location": "Soffel St", "style": 2, "angle": "n", "segs": 1, "st_": "y", "street_nam": "Soffel St", "from_stree": "Southern St", "to_street": "Lena St", "int_": "n", "hood": 53, "hood2": " ", "l_feet": 0, "width": 3, "steps": 38, "treads": 0, "year": 0, "coded_": " ", "pix": " ", "comment": " ", "Shape__Length": 106.56788165946401 }, "geometry": { "type": "LineString", "coordinates": [ [ -80.013305116826501, 40.419859313102698 ], [ -80.013681608903099, 40.419911987383003 ] ] } },
{ "type": "Feature", "properties": { "objectid": 724, "length": 0.0, "streets_": 0, "streets_id": 0, "code": 0, "type": 0, "id_no": 724, "oid": 723, "id": 724, "dpwn1": 0, "dpwn2": " ", "location": "Oldham St", "style": 6, "angle": "n", "segs": 1, "st_": "n", "street_nam": " ", "from_stree": "Lelia St", "to_street": "Albert St", "int_": "n", "hood": 53, "hood2": " ", "l_feet": 0, "width": 3, "steps": 25, "treads": 0, "year": 0, "coded_": " ", "pix": " ", "comment": " ", "Shape__Length": 377.85688081028002 }, "geometry": { "type": "LineString", "coordinates": [ [ -80.007862281633805, 40.421662510973199 ], [ -80.007687405633106, 40.422691083347502 ] ] } },
{ "type": "Feature", "properties": { "objectid": 725, "length": 0.0, "streets_": 0, "streets_id": 0, "code": 0, "type": 0, "id_no": 725, "oid": 724, "id": 725, "dpwn1": 0, "dpwn2": " ", "location": "Volk Pl", "style": 6, "angle": "n", "segs": 1, "st_": "n", "street_nam": " ", "from_stree": "Kearsage St", "to_street": "end", "int_": "n", "hood": 53, "hood2": " ", "l_feet": 0, "width": 3, "steps": 30, "treads": 0, "year": 0, "coded_": " ", "pix": " ", "comment": " ", "Shape__Length": 202.25343146588901 }, "geometry": { "type": "LineString", "coordinates": [ [ -80.010545352303296, 40.431567737850798 ], [ -80.011256511783998, 40.431681361652302 ] ] } },
{ "type": "Feature", "properties": { "objectid": 726, "length": 0.0, "streets_": 0, "streets_id": 0, "code": 999, "type": 0, "id_no": 726, "oid": 725, "id": 726, "dpwn1": 0, "dpwn2": " ", "location": "Moyer St", "style": 14, "angle": "n", "segs": 1, "st_": "y", "street_nam": "Moyer St", "from_stree": "Moyer St", "to_street": "Chartiers", "int_": "n", "hood": 21, "hood2": " ", "l_feet": 0, "width": 4, "steps": 50, "treads": 0, "year": 0, "coded_": " ", "pix": " ", "comment": " ", "Shape__Length": 304.79140376248199 }, "geometry": { "type": "LineString", "coordinates": [ [ -80.065650060765094, 40.457343818190601 ], [ -80.066562697742697, 40.456881222442902 ] ] } },
{ "type": "Feature", "properties": { "objectid": 727, "length": 0.0, "streets_": 0, "streets_id": 0, "code": 0, "type": 0, "id_no": 727, "oid": 726, "id": 727, "dpwn1": 0, "dpwn2": " ", "location": "GlenMar St", "style": 3, "angle": "n", "segs": 1, "st_": "n", "street_nam": " ", "from_stree": "Zepher St", "to_street": "Glenmar St", "int_": "n", "hood": 69, "hood2": " ", "l_feet": 0, "width": 4, "steps": 5, "treads": 0, "year": 0, "coded_": " ", "pix": " ", "comment": " ", "Shape__Length": 104.300254508883 }, "geometry": { "type": "LineString", "coordinates": [ [ -80.049451787122294, 40.453099135200198 ], [ -80.049667731361495, 40.453333138266103 ] ] } },
{ "type": "Feature", "properties": { "objectid": 728, "length": 0.0, "streets_": 0, "streets_id": 0, "code": 0, "type": 0, "id_no": 728, "oid": 727, "id": 728, "dpwn1": 0, "dpwn2": " ", "location": "Meyers St", "style": 2, "angle": "n", "segs": 1, "st_": "y", "street_nam": "Meyers St", "from_stree": "Meyers St", "to_street": "Mt Joseph St", "int_": "n", "hood": 16, "hood2": " ", "l_feet": 0, "width": 3, "steps": 10, "treads": 0, "year": 0, "coded_": " ", "pix": " ", "comment": " ", "Shape__Length": 48.2727649422227 }, "geometry": { "type": "LineString", "coordinates": [ [ -79.991471181890503, 40.399731542629603 ], [ -79.9916400141163, 40.399701570383399 ] ] } },
{ "type": "Feature", "properties": { "objectid": 729, "length": 0.0, "streets_": 0, "streets_id": 0, "code": 0, "type": 0, "id_no": 729, "oid": 728, "id": 729, "dpwn1": 0, "dpwn2": " ", "location": "RedRose St", "style": 3, "angle": "n", "segs": 1, "st_": "n", "street_nam": "RedRose St", "from_stree": "Poplar Grove St", "to_street": "Plummet St", "int_": "n", "hood": 16, "hood2": " ", "l_feet": 0, "width": 4, "steps": 19, "treads": 0, "year": 0, "coded_": " ", "pix": " ", "comment": " ", "Shape__Length": 121.66564209139101 }, "geometry": { "type": "LineString", "coordinates": [ [ -79.982926146294503, 40.397206841131599 ], [ -79.982751016876506, 40.396900882119702 ] ] } },
{ "type": "Feature", "properties": { "objectid": 730, "length": 0.0, "streets_": 0, "streets_id": 0, "code": 0, "type": 0, "id_no": 730, "oid": 729, "id": 730, "dpwn1": 0, "dpwn2": " ", "location": "Queensboro St", "style": 4, "angle": "n", "segs": 1, "st_": "n", "street_nam": " ", "from_stree": "Woodbourne St", "to_street": "BayRidge St", "int_": "n", "hood": 14, "hood2": " ", "l_feet": 0, "width": 4, "steps": 20, "treads": 0, "year": 0, "coded_": " ", "pix": " ", "comment": " ", "Shape__Length": 262.77622199413298 }, "geometry": { "type": "LineString", "coordinates": [ [ -80.018647478801597, 40.390340644736497 ], [ -80.019297183674198, 40.389817655323597 ] ] } },
{ "type": "Feature", "properties": { "objectid": 731, "length": 0.0, "streets_": 0, "streets_id": 0, "code": 0, "type": 0, "id_no": 731, "oid": 730, "id": 731, "dpwn1": 0, "dpwn2": " ", "location": "Stebbins St", "style": 7, "angle": "n", "segs": 1, "st_": "n", "street_nam": " ", "from_stree": "Fordham St", "to_street": "Taxola St", "int_": "n", "hood": 14, "hood2": " ", "l_feet": 0, "width": 3, "steps": 6, "treads": 0, "year": 0, "coded_": " ", "pix": " ", "comment": " ", "Shape__Length": 120.409920449857 }, "geometry": { "type": "LineString", "coordinates": [ [ -80.022047846361801, 40.390625530377697 ], [ -80.021753852285897, 40.390867844523498 ] ] } },
{ "type": "Feature", "properties": { "objectid": 732, "length": 0.0, "streets_": 0, "streets_id": 0, "code": 0, "type": 0, "id_no": 732, "oid": 731, "id": 732, "dpwn1": 0, "dpwn2": " ", "location": "Birchland St", "style": 3, "angle": "n", "segs": 1, "st_": "n", "street_nam": " ", "from_stree": "Bellair St", "to_street": "Dahlia St", "int_": "n", "hood": 14, "hood2": " ", "l_feet": 0, "width": 4, "steps": 21, "treads": 0, "year": 0, "coded_": " ", "pix": " ", "comment": " ", "Shape__Length": 111.324255036709 }, "geometry": { "type": "LineString", "coordinates": [ [ -80.0094537974433, 40.3931511657361 ], [ -80.009472467443103, 40.393456419247798 ] ] } },
{ "type": "Feature", "properties": { "objectid": 733, "length": 0.0, "streets_": 0, "streets_id": 0, "code": 0, "type": 0, "id_no": 733, "oid": 732, "id": 733, "dpwn1": 0, "dpwn2": " ", "location": "Prigle St", "style": 5, "angle": "n", "segs": 1, "st_": "n", "street_nam": " ", "from_stree": "Pringle St", "to_street": "Pringle St", "int_": "n", "hood": 59, "hood2": " ", "l_feet": 0, "width": 4, "steps": 29, "treads": 0, "year": 0, "coded_": " ", "pix": " ", "comment": " ", "Shape__Length": 137.70042075386399 }, "geometry": { "type": "LineString", "coordinates": [ [ -80.072245696825206, 40.416400009261103 ], [ -80.071917571661402, 40.416117206953203 ] ] } },
{ "type": "Feature", "properties": { "objectid": 734, "length": 0.0, "streets_": 0, "streets_id": 0, "code": 0, "type": 0, "id_no": 734, "oid": 733, "id": 734, "dpwn1": 0, "dpwn2": " ", "location": "Ogden St", "style": 6, "angle": "n", "segs": 1, "st_": "n", "street_nam": " ", "from_stree": "Pringle St", "to_street": " ", "int_": "n", "hood": 59, "hood2": " ", "l_feet": 0, "width": 3, "steps": 23, "treads": 0, "year": 0, "coded_": " ", "pix": " ", "comment": " ", "Shape__Length": 77.049767707086204 }, "geometry": { "type": "LineString", "coordinates": [ [ -80.072634729578496, 40.416841617037001 ], [ -80.072442503747894, 40.416993758536201 ] ] } },
{ "type": "Feature", "properties": { "objectid": 735, "length": 0.0, "streets_": 0, "streets_id": 0, "code": 0, "type": 0, "id_no": 735, "oid": 734, "id": 735, "dpwn1": 0, "dpwn2": " ", "location": "Gledon St", "style": 14, "angle": "n", "segs": 1, "st_": "y", "street_nam": "Glendon St", "from_stree": "Grassmere St", "to_street": "Pennsdale St", "int_": "n", "hood": 59, "hood2": " ", "l_feet": 0, "width": 3, "steps": 72, "treads": 0, "year": 0, "coded_": " ", "pix": " ", "comment": " ", "Shape__Length": 275.24810279385503 }, "geometry": { "type": "LineString", "coordinates": [ [ -80.064585252918803, 40.426899385843797 ], [ -80.0639211764245, 40.427459136228201 ] ] } },
{ "type": "Feature", "properties": { "objectid": 736, "length": 0.0, "streets_": 0, "streets_id": 0, "code": 0, "type": 0, "id_no": 736, "oid": 735, "id": 736, "dpwn1": 0, "dpwn2": " ", "location": "Gallion St", "style": 5, "angle": "n", "segs": 1, "st_": "n", "street_nam": " ", "from_stree": "Flatbush St", "to_street": " ", "int_": "n", "hood": 14, "hood2": " ", "l_feet": 0, "width": 4, "steps": 22, "treads": 0, "year": 0, "coded_": " ", "pix": " ", "comment": " ", "Shape__Length": 206.10562152231699 }, "geometry": { "type": "LineString", "coordinates": [ [ -80.017843488592703, 40.395463751368602 ], [ -80.018395817444798, 40.395840259765301 ] ] } },
{ "type": "Feature", "properties": { "objectid": 737, "length": 0.0, "streets_": 0, "streets_id": 0, "code": 0, "type": 0, "id_no": 737, "oid": 736, "id": 737, "dpwn1": 0, "dpwn2": " ", "location": "off Cagwin Way", "style": 2, "angle": "n", "segs": 1, "st_": "n", "street_nam": " ", "from_stree": "Gagwin Way", "to_street": " ", "int_": "n", "hood": 8, "hood2": " ", "l_feet": 0, "width": 5, "steps": 15, "treads": 0, "year": 0, "coded_": " ", "pix": " ", "comment": " ", "Shape__Length": 132.70354950775601 }, "geometry": { "type": "LineString", "coordinates": [ [ -80.028285045997507, 40.407741942152001 ], [ -80.028151566064494, 40.408091632707901 ] ] } },
{ "type": "Feature", "properties": { "objectid": 738, "length": 0.0, "streets_": 0, "streets_id": 0, "code": 0, "type": 0, "id_no": 738, "oid": 738, "id": 738, "dpwn1": 0, "dpwn2": " ", "location": "off Columbo", "style": 2, "angle": " ", "segs": 0, "st_": " y", "street_nam": "Ardary St", "from_stree": "Columbo St", "to_street": " ", "int_": " n", "hood": 35, "hood2": " ", "l_feet": 0, "width": 3, "steps": 21, "treads": 0, "year": 0, "coded_": " ", "pix": " ", "comment": " ", "Shape__Length": 92.498132568108304 }, "geometry": { "type": "LineString", "coordinates": [ [ -79.932364817284196, 40.468267578146097 ], [ -79.932235511825397, 40.468501492026803 ] ] } },
{ "type": "Feature", "properties": { "objectid": 739, "length": 0.0, "streets_": 0, "streets_id": 0, "code": 0, "type": 0, "id_no": 739, "oid": 737, "id": 739, "dpwn1": 0, "dpwn2": " ", "location": "off Winterburn", "style": 1, "angle": " ", "segs": 0, "st_": " y", "street_nam": "Coyne St", "from_stree": "Coyne St", "to_street": "Winterburn St", "int_": " n", "hood": 37, "hood2": " ", "l_feet": 0, "width": 6, "steps": 18, "treads": 0, "year": 0, "coded_": " ", "pix": " ", "comment": " ", "Shape__Length": 99.191665872465805 }, "geometry": { "type": "LineString", "coordinates": [ [ -79.940237753789901, 40.424035677998098 ], [ -79.939881585569907, 40.424042429706098 ] ] } }
]
}
